http://ow.ly/fUVt9	1
http://www.volkskrant.nl/vk/nl/3184/opinie/article/detail/3364080/2012/12/15/Wij-media-zijn-de-macht-En-we-moeten-elkaar-controleren.dhtml	1
http://www.powned.tv/nieuws/politiek/2012/09/pvv_declareert_zich_suf_bij_eu.html	1
http://www.advalvas.vu.nl/nieuws/1885-dit-is-niet-de-reden-voor-de-reorganisatie.html	1
http://fb.me/1gAJWyUUY	1
http://ow.ly/eCjFv	1
http://www.parool.nl/parool/nl/38/MEDIA/article/detail/3308695/2012/08/30/Frits-Wester-met-schrik-vrij-na-blikseminslag-tent-RTL.dhtml	1
http://www.groene.nl/2012/41/tevreden-varkens	1
http://econlog.econlib.org/archives/2012/06/a_puzzle_for_hu_1.html	1
http://ow.ly/gVEZw	1
http://www.koninklijkhuis.nl/nieuws/toespraken/2012/november/toespraak-van-prinses-maxima-tijdens-het-seminar-%E2%80%98science-without-borders%E2%80%99-te-brasilia/	1
http://www.dejaap.nl/2012/08/23/dejaap-interviewt-sp-lijsttrekker-emile-roemer/	1
http://www.hole-in-the-wall.com/Beginnings.html	1
http://www.bmj.com/content/345/bmj.e8311#aff-2	1
http://www.scienceguide.nl/201210/visie-en-ambitie-beloond.aspx	1
http://bit.ly/WaYJ9h	1
http://www.youtube.com/watch?v=MHr712jAFwY&feature=youtu.be	1
http://www.telegraaf.nl/telesport/voetbal/buitenlands/12628971/__Jonker_haalt_uit_naar_Bayern__.html?cid=rss	1
http://ow.ly/gFivz	1
http://ow.ly/eLrsi	1
http://ow.ly/gDqQB	1
http://researchinprogress.tumblr.com/	1
http://www.scienceguide.nl/201301/houdt-rutte-rug-recht.aspx	1
http://ow.ly/dWrsc	1
http://ow.ly/dvE8B	1
http://www.thesun.co.uk/sol/homepage/sport/football/4614604/Kastro-column-iPad-Germans-are-using-the-iPass.html	1
http://www.dejaap.nl/2012/12/21/serious-request-ja-maar-niet-voor-babys/	1
http://www.nrc.nl/nieuws/2013/01/17/politicoloog-jos-de-beus-is-overleden-60/	1
http://ow.ly/ewoLk	1
http://bit.ly/UJ9tFO	1
http://ow.ly/eX2zr	1
http://www.youtube.com/watch?v=XRdVb8PF_fA	1
http://www.sbnation.com/soccer/2012/9/28/3419354/david-testo-gay-soccer-player	1
http://www.nusport.nl/balgevoel/2868391/olympische-gedachte.html	1
http://universonline.nl/2013/01/07/becking-over-toekomst-uvt/	1
http://www.skylines.io/pictures/csvedjeholm-amf-ajax-amsterdam-man-city-d521ed9e-552f-4cfb-945e-7d18136a0db9	1
http://fb.me/R4crg434	1
http://www.nrc.nl/nieuws/2012/10/01/na-forenzentaks-sneuvelt-nu-ook-langstudeerboete/	1
http://www.youtube.com/watch?v=HuKva8GUwBk	1
http://www.hpdetijd.nl/2012-09-19/allemaal-de-groetjes-van-alex-buttner-uit-engeland/?utm_source=rss&utm_medium=rss&utm_campaign=allemaal-de-groetjes-van-alex-buttner-uit-engeland	1
http://tofikdibi.nl/wees-niet-geliefd-wees-relevant/	1
http://voetblah.wordpress.com/2012/12/13/de-serene-stuntman-sibon/	2
http://ow.ly/eX3U9	1
http://doingthe116.wordpress.com/2012/09/12/dont-buy-the-sun/	1
http://www.euractiv.com/global-europe/eu-possible-nobel-prize-winners-news-515364	2
https://www.youtube.com/watch?v=kk-FZV1GOA0&feature=player_embedded	1
http://www.eur.nl/nieuws/detail/article/39962-nwo-subsidie-voor-grootschalig-onderzoek-naar-mediatoerisme/	1
http://ow.ly/fa6Qf	1
http://www.scienceguide.nl/201203/miljarden-extra-voor-studeren.aspx	3
http://www.amsterdamfm.nl/nieuw-amsterdam-14-december-alle-fragmenten/	1
http://ow.ly/eX4bJ	1
http://ow.ly/edRWt	1
http://budurl.com/UpgradeCP	3
http://ow.ly/eiUJt	2
http://ow.ly/dsU0d	1
http://lockerz.com/s/229902795	1
https://www.facebook.com/photo.php?fbid=10151255513261838&set=a.486136451837.277267.142080576837&type=1&theater	1
http://www.voetbalcentraal.nl/nieuws/85393/kevin-hofland-biedt-fortuna-sittard-de-helpende-hand	2
http://ow.ly/dZiFD	1
http://ow.ly/gVykj	1
http://ow.ly/gmo5r	1
http://www.youtube.com/watch?v=HQyxzM_j-2c	1
http://ow.ly/dWBXj	1
http://ow.ly/fIgBo	1
http://budurl.com/MobCon	1
http://www.youtube.com/watch?v=kysqngjnwrE	1
http://www.vice.com/nl/read/straatvraag-wat-zou-je-doen-als-je-nog-een-uurtje-hebt-voordat-de-wereld-vergaat	1
http://bit.ly/UeHEIN	1
http://sport.dejaap.nl/2012/08/07/usain-bolt-kent-voorlopig-geen-gelijke/	1
http://ow.ly/e0IRL	1
http://lukenotricks.blogspot.nl/2010/03/8-characters-long-and-include-at-least.html	1
http://ow.ly/gcP7z	1
http://budurl.com/DataLoss12	1
http://ow.ly/fvN2j	1
http://ow.ly/edttu	1
http://ow.ly/fQVe0	1
http://ow.ly/gaF0J	1
http://ow.ly/fm44T	1
http://www.openculture.com/2012/09/google_releases_course_builder.html	1
http://www.youtube.com/watch?v=u6XAPnuFjJc&noredirect=1	1
http://ow.ly/g0LsS	1
http://bit.ly/XxcY63	1
http://www.theglobaldispatch.com/manteo-mitchell-finishes-olympic-races-with-a-broken-bone-in-leg-39049/	1
http://ow.ly/e0tjI	1
http://fb.me/1TTa3KcSY	1
http://bit.ly/Qz7plY	1
http://wp.me/piB3G-52L	1
http://ow.ly/dYxoU	1
http://budurl.com/GetCP	2
https://crashplan.zendesk.com/forums/24327-feature-requests	9
http://ow.ly/gFiIs	1
http://bit.ly/U1QqHP	1
http://sports.yahoo.com/news/south-korea-2-1-switzerland-183700847--sow.html	1
http://cult.dejaap.nl/2012/07/23/recensent-worden-bij-de-volkskrant-doe-je-zo/	1
http://ow.ly/fCrHW	1
http://ow.ly/eyAiG	1
http://fb.me/BBiaEmvq	1
http://www.khanacademy.nl	1
http://ow.ly/dIB5h	1
http://fb.me/2bJy7wR5S	1
http://brekend.nl/2012/07/25/studentenhuisvesting-van-de-toekomst/	1
http://ow.ly/dPR9D	1
http://www.dejaap.nl/column/facebook-babyfotoboomers/	1
http://www.amsterdamfm.nl/wp-content/uploads/radioplayer/amsterdamfm-live.html	1
http://ow.ly/gPp2U	1
http://bit.ly/NdovRh	1
http://craigwallwork.blogspot.com/	1
http://www.dagelijksestandaard.nl/2012/12/jaag-de-graaiende-bestuurders-het-onderwijs-uit	1
http://hetiskoers.nl/2012/voor-sauro/	1
http://www.eenvandaag.nl/1v-extra/post/33529	2
http://ow.ly/eX2WJ	1
http://english.hsv.se/publikationerarkiv/artiklar/2012/enqasgranskningavhogskoleverketklar.5.485f1ec213870b672a680004319.html	1
http://100db-in-de-binnenstad.nl/	1
http://www.volkskrant.nl/vk/nl/2694/Tech-Media/article/detail/3324880/2012/10/01/Tegenlicht-blijft-gewoon-bestaan-het-moet-alleen-toegankelijker.dhtml	1
http://youtu.be/J2AHvZWojSc	1
http://www.scienceguide.nl/201301/revolutie-in-de-collegezaal.aspx	1
http://www.telegraaf.nl/telesport/voetbal/buitenlands/12765518/__Hongerstaker_Pesoli_eet_weer__.html	1
http://www.te-learning.nl/blog/?p=6485&utm_source=feedburner&utm_medium=feed&utm_campaign=Feed%3A+typepad%2FfIYD+%28Wilfred+Rubens+TE-learning+centrum%3A+technology+enhanced+learning%29	1
http://mgleeson.edublogs.org/files/2012/07/20120721-074913.jpg	1
http://sport.dejaap.nl/2012/09/06/clubliefde-bestaat-het-nog/	1
http://ow.ly/eX43y	1
http://www.uva.nl/nieuws-agenda/nieuws/uva-nieuws/item/waarom-houden-wij-van-dance-en-de-amerikanen-nog-niet.html	1
http://twitter.com/LoranSeuters/status/249157649709547522/photo/1	1
http://www.standaard.be/artikel/detail.aspx?artikelid=DMF20120829_095	1
http://budurl.com/SaveBattery	3
http://budurl.com/PROeEase	1
http://www.rtl.nl/components/actueel/rtlnieuws/2012/12_december/05/binnenland/mirror_politie_gedicht.jpg	1
http://www.scienceguide.nl/201211/dolf-van-veen-lector-van-het-jaar-2012.aspx	2
http://www.knmi.nl/cms/content/26028/verkiezingsweer	1
http://www.youtube.com/watch?v=neEevCiZjfc&feature=fvwrel	1
http://ow.ly/ghMQS	2
http://sport.dejaap.nl/2012/10/25/tour-de-france-2013-trip-down-memory-lane	1
http://www.advalvas.vu.nl/nieuws/turkije-ook-het-paradijs-niet	1
http://www.nieuw-sloten.nl/	1
http://yfrog.com/mnzpkavj	1
http://twitter.com/evateuling/status/248717023062945792/photo/1	1
http://ow.ly/fjSmH	1
http://ow.ly/fwwgW	2
http://apod.nasa.gov/apod/ap120730.html	1
http://www.geenstijl.nl/mt/archieven/2012/12/if_youre_going_through_hell_keep_going.html	1
http://www.telegraaf.nl/binnenland/12592938/__Plan_homo_s_en_voetbal__.html	1
http://nieuws.thepostonline.nl/2013/01/11/hotel-paradiso/	1
http://ow.ly/dTCV9	1
http://www.scienceguide.nl/201212/balanceren-met-energie-op-locatie.aspx	1
http://ow.ly/fwd7I	1
http://s.ad.nl/3349045	1
http://www.scienceguide.nl/201209/combineer-hoofd-en-hart.aspx	1
http://sport.dejaap.nl/2012/07/31/waarom-brazilie-en-argentinie-wederom-het-olympisch-voetbaltoernooi-zullen-domineren	1
http://www.scienceguide.nl/201209/hack-je-eigen-onderwijs.aspx	1
http://ow.ly/gUijs	1
http://ow.ly/ewRqt	1
http://dlvr.it/2FTpY4	1
http://ow.ly/ghc34	1
http://fb.me/2nUuwvnqg	1
http://www.code42.com/about.html	1
http://www.ad.nl/ad/nl/1441/Ajax/article/detail/3364049/2012/12/15/Het-was-voor-zo-ver-ik-kan-nagaan-niet-als-grapje-bedoeld.dhtml	2
http://www.lsvb.nl/2013/01/17/erasmus-legt-de-lat-lager/	1
http://www.youtube.com/watch?v=oL7ye2RJSD0	1
http://ow.ly/glVYA	4
http://www.hpdetijd.nl/2013-01-21/waarom-wesley-sneijder-naar-istanbul-verhuist/	1
http://youtu.be/GGvo7TPN67A	1
http://www.neth-er.eu/nl/nieuws/kennisdriehoek-prioriteiten-iers-voorzitterschap-bekend	1
http://ow.ly/glVYV	4
http://www.nwtonline.nl/nl/weblog/1099/index.html	1
http://ow.ly/fv4lG	1
http://ow.ly/fODXE	1
http://www.rtvutrecht.nl/nieuws/893827/zwembad-dicht-wegens-wateroverlast.html	1
http://www.vice.com/nl/read/zo-maak-je-de-perfecte-angstzaaiende-mail-om-50-plussers-de-stuipen-mee-op-het-lijf-te-jagen?utm_source=vicefb	1
http://wetten.overheid.nl/BWBR0025036/geldigheidsdatum_08-08-2012#Bijlage	1
http://www.amazon.co.uk/Football-Manager-Stole-Life-Beautiful/dp/0956497179/ref=sr_1_1?ie=UTF8&qid=1343390175&sr=8-1	1
http://www.crashplan.com/bigsale?utm_source=twt&utm_medium=2012&utm_campaign=bf	1
http://sport.dejaap.nl/2012/12/03/waarom-zou-je-een-scheidsrechter-niet-uit-mogen-schelden/	1
http://ow.ly/givF2	1
http://www.footballculture.com/2012/10/16/nieuwe-docu-jari-litmanen-op-idfa/	1
http://ow.ly/gHpJQ	1
http://philosophershaming.tumblr.com/	1
http://bit.ly/NHMLgy	1
http://www.hpdetijd.nl/2013-01-10/u-gooit-de-helft-van-uw-eten-weg/	1
http://bit.ly/WMQ4VX	1
http://ow.ly/eX3dU	1
http://budurl.com/speedvid	102
http://en.wikipedia.org/wiki/Dong_Dong	1
http://www.nrc.nl/nieuws/2012/08/08/rupert-murdoch-koopt-voor-een-miljard-tv-rechten-eredivisie/	1
http://www.nobelprize.org/nobel_prizes/peace/laureates/2012/press.html	3
http://en.pfauth.com/post/33886450680/newspapers-should-send-combat-units-to-the-online-field	1
http://roemerlookingatthings.tumblr.com/	1
http://ow.ly/eHHLi	1
http://www.trendsinbeeld.minocw.nl	1
http://www.rediff.com/news/slide-show/slide-show-1-inside-norway-luxurious-halden-jail/20110729.htm	1
http://ow.ly/efneG	1
http://www.ad.nl/ad/nl/1433/PSV/article/detail/3363372/2012/12/14/PSV-Matennaaierij-door-Ajax.dhtml	1
http://www.hardgras.nl/Artikel-pagina/231058/Atouba-2.htm	1
http://ow.ly/frZeA	1
http://ow.ly/eQTIw	1
http://ow.ly/e6G7k	1
http://ow.ly/eBQA6	1
http://www.hardgras.nl/Artikel-pagina/231885/Andy.htm	1
http://www.crashplan.com/sandy	1
http://theotcity.com/	3
http://www.nuffic.nl/en/news/latest-news/nuffic-to-focus-on-russian-links-in-2013	1
http://www.parool.nl/parool/nl/224/BINNENLAND/article/detail/3307370/2012/08/28/UvA-geeft-gratis-mini-colleges-op-het-Spui.dhtml	1
http://ow.ly/e0XU3	1
http://ow.ly/frEuM	1
http://www.lsd.nl/	1
http://twitpic.com/b8fnh2/full	1
http://www.volkskrant.nl/vk/nl/2664/Nieuws/article/detail/3365371/2012/12/18/Kabinet-komt-met-zeezoogdierenprotocol.dhtml	1
http://wp.me/piB3G-5lA	1
http://tinyurl.com/cbxrhdy	1
http://bit.ly/PbllAS	1
https://www.youtube.com/watch?feature=player_embedded&v=x_vkCdRq9ik	1
https://www.facebook.com/groups/373417106263/	1
http://www.asva.nl/news/2012-10-01/einde-langstudeerboete-einde-stufi	2
http://ow.ly/eiTcC	1
http://ow.ly/fP8xq	1
http://ow.ly/eX16Y	1
http://www.adriaan-homepage.nl/pages/brief_vara.html	1
http://weblog.bol.com/article/geen-genade-andy-van-der-meijde	1
http://www.powned.tv/nieuws/sport/2012/10/edgar_davids_naar_barnet_fc.html	1
http://ow.ly/fkoA7	1
http://www.scienceguide.nl/201210/verwarring-rond-boete.aspx	1
http://CrashPlan.com/helpdesk	1
http://ow.ly/eX2KT	1
http://ow.ly/euIkM	1
http://bit.ly/Q1XpUm	1
http://bit.ly/Tdp1EQ	1
http://youtu.be/BFe7fd4Ra44	1
http://www.speld.nl/2012/08/27/zeldzame-antropoloog-ontdekt/	1
http://www.bbc.co.uk/sport/0/olympics/19204226	1
http://budurl.com/techma	1
http://voetblah.wordpress.com/2012/02/20/de-wambertotour/	1
http://ow.ly/fLZhL	1
http://www.scientias.nl/de-perseiden-de-mooiste-meteorenzwerm-van-het-jaar/69235	1
http://www.onderwijsvanmorgen.nl/het-mediagebruik-van-jongeren/	1
http://nos.nl/artikel/450728-groot-alarm-om-vuurscreensaver.html	1
http://ow.ly/ds1qK	1
http://telegraaf.nl/s/12936409	1
http://nl.wikipedia.org/wiki/Alfred_Einstein	1
http://www.rijksoverheid.nl/ministeries/ocw/documenten-en-publicaties/richtlijnen/2012/11/06/overdrachtsdossier-ministerie-van-onderwijs-cultuur-en-wetenschap.html	1
http://www.metro.co.uk/sport/oddballs/844140-heart-attack-goal-celebration-branded-worlds-most-offensive	1
http://sport.dejaap.nl/2012/07/31/waarom-brazilie-en-argentinie-wederom-het-olympisch-voetbaltoernooi-zullen-domineren/	1
http://www.scienceguide.nl/201210/waarom-geen-focus-op-de-uitstroom.aspx	1
http://ictgeschiedenis.blogspot.nl/2012/11/slecht-advies-meer-lesgeven.html	1
http://www.telegraaf.nl/binnenland/13119750/__Dit_zijn_de_nieuwe_ministers__.html	1
http://ow.ly/fIk4n	2
http://www.youtube.com/watch?v=CxxuKDE31x0	1
http://www.nrcnext.nl/blog/2012/07/18/de-manager-heeft-gewonnen/	1
http://ow.ly/eqlLT	1
http://www.joeybarton.com/sport-drinks-should-we-be-looking-to-a-healthier-alternative/#lf_comment=33905598	1
http://wp.me/piB3G-55N	1
http://ow.ly/fIaH1	1
http://ow.ly/ebyvR	1
http://www.volkskrant.nl/vk/nl/10637/VK-Dossier-Verkiezingen-van-2012/article/detail/3312544/2012/09/07/Geen-extra-zetel-door-online-campagne.dhtml	1
http://www.cpj.org/reports/turkey2012-english.pdf	1
http://ow.ly/dIgPN	1
http://www.mactalk.com.au/content/free-offsite-backup-crashplan-2673/	1
http://support.crashplan.com/doku.php/recipe/encrypted_disks	1
http://www.scienceguide.nl/201301/kwaliteitscultuur-door-sterke-focus.aspx	1
http://sport.dejaap.nl/2012/07/18/nijmeegse-vierdaagse-ontsierd-door-valpartijen-en-doping/	1
http://www.nrcnext.nl/blog/2012/08/28/next-checkt-acht-uitspraken-van-de-vier-lijsttrekkers-in-het-verkiezingsdebat-van-rtl4/	1
http://www.hpdetijd.nl/2012-08-27/het-rtl-bondscoachdebat/	1
http://www.scienceguide.nl/201210/bruijn-naar-senaat.aspx	1
http://www.volkskrant.nl/vk/nl/10637/VK-Dossier-Verkiezingen-van-2012/article/detail/3315979/2012/09/13/Nieuwe-prognose-een-zetel-PvdA-naar-GroenLinks.dhtml	2
http://www.volkskrant.nl/vk/nl/2690/Opmerkelijk/article/detail/3308059/2012/08/29/Vermiste-toeriste-zoekt-mee-naar-zichzelf-in-IJsland.dhtml	1
http://ow.ly/eiO7w	1
https://www.facebook.com/pages/Vak-20-AmsterdamFM/154133728028884?ref=hl	1
http://www.upworthy.com/you-know-that-epic-courtroom-speech-youve-always-fantasized-about-giving-someone?c=ufb1	1
http://nl.wikipedia.org/wiki/Super_Fun_Time	1
http://ow.ly/eX3RY	1
http://voetblah.wordpress.com/kansloos/	1
http://wp.me/piB3G-5j8	1
http://ow.ly/eBLP9	1
http://www.mediacourant.nl/?p=138295	1
http://leven.thepostonline.nl/column/de-10-leukste-twitteraars-van-2013/	1
http://theotcity.com/forumdisplay.php?57-Utopia	1
http://ow.ly/fm2O6	1
http://voetblah.wordpress.com/2012/09/24/in-madrid-tasten-de-sterren-in-het-duister/	1
http://voetblah.wordpress.com/2013/01/17/klassiekers-en-complotten/	4
http://ow.ly/eX3Re	1
http://ans-online.nl/nieuw/lsvb-liever-boete-dan-leenstelsel/	1
http://ow.ly/dFd9Q	1
http://ow.ly/eSFRr	1
http://bit.ly/U3HtBT	1
http://www.buzzfeed.com/reyhan/tech-confessional-the-googler-who-looks-at-the-wo	1
http://www.scienceguide.nl/201210/brazil%E2%80%99s-leading-tech-hubs.aspx	1
http://budurl.com/SandyResponse	1
http://www.rdmcampus.nl/bluerevolution	1
http://ow.ly/dRly1	1
http://ow.ly/gO1js	1
http://bit.ly/SU0QxB	1
http://ow.ly/dxvan	1
http://vimeo.com/52424493	1
http://www.kentudezenog.nl/eugene-gene-hanssen-1959/	1
http://www.trouwamsterdam.nl/en/blog/2013/01/we-got-it-a-24-hour-permit/593/	1
http://ow.ly/eCDEZ	1
http://ow.ly/e1288	1
http://www.voetbalzone.nl/doc.asp?uid=179853	1
http://ow.ly/ejuD7	1
http://i21.tinypic.com/10qvreg.gif	1
http://www.scienceguide.nl//201212/amarantis-lector-bij-inholland.aspx	1
http://ow.ly/ghMVm	1
http://ow.ly/fYkuz	1
http://budurl.com/FanMail	2
http://www.salto.nl/streamplayer/stadsfm_ondemand.asp?y=12&m=09&d=23&t=1800&s=0	1
http://3voor12.vpro.nl/nieuws/2012/oktober/Case-Mayfield---Ik-moet-op-zoek-naar-een-andere-manier--of-opgeven-.html	1
http://www.emerce.nl/nieuws/internationaal-groeigeld-peerreach?utm_source=rss&utm_medium=rss&utm_campaign=internationaal-groeigeld-peerreach&utm_source=twitterfeed&utm_medium=twitter	1
http://gizmodo.com/5971718/7-tech-resolutions-for-2013	1
http://www.youtube.com/watch?v=ub7nXFSPTtk&feature=related	1
http://www.voetbalprimeur.nl/nieuws/item/werkloze-ogararu-traint-met-jong-ajax-mee	1
http://ow.ly/dvGMw	1
http://twitter.com/annapruis/status/256482148150824960/photo/1	1
http://www.liberalemedia.nl/politiek/1284-langstudeerders-in-studiejaar-2012-2013-moeten-gat-in-begroting-voorkomen	1
http://www.dejaap.nl/column/niks-erger-dan-springmeisjes-op-facebook/	1
http://lbrdr.wordpress.com/2012/10/19/nieuws-rabobank-stopt-met-sponsoring-muziekscene/	1
http://budurl.com/ExcellentRating	1
http://news.yahoo.com/blogs/cutline/scandalous-tales-working-rupert-murdoch-rebekah-brooks-bubble-171540804.html	1
http://www.veronicamagazine.nl/entertainment/nieuws/1300-playmate-bindt-schaatsen-onder	2
http://www.neth-er.eu/nieuws/nederlands-onderwijssysteem-7e-internationale-ranking	1
http://ow.ly/edQzr	1
http://www.moviescene.nl/p/114115/nieuwe_amerikaanse_tv_series_2012/2013_-_de_dramas	1
http://www.davidredeker.nl/files/2813/3106/8637/Nobelprijzen.jpg	1
http://www.scientias.nl/dit-is-de-mooiste-foto-die-dit-jaar-van-het-heelal-werd-gemaakt/72549	1
http://www.speld.nl/2012/09/12/pvda-kiezer-overrompeld-door-eigen-keuze/	1
http://ow.ly/f8vU2	1
http://www.scienceguide.nl/201212/grote-schoonmaak-top-vu-vumc.aspx	2
http://www.foliaweb.nl/studenten/mediatalenten-hot100-bekend/	1
http://www.nusport.nl/balgevoel/2926338/bord-schoot.html	1
http://www.ad.nl/ad/nl/1022/Celebs/article/detail/3305830/2012/08/24/Jan-Smit-Lange-Frans-en-3JS-vast-in-Franse-cel.dhtml	1
http://ow.ly/fzXyZ	2
http://ow.ly/g2mAa	1
http://ow.ly/dWHRI	1
http://ow.ly/gnPqM	1
http://ow.ly/dsDZr	1
http://nl.wikipedia.org/wiki/Het_rode_korenveld	1
http://en.wikipedia.org/wiki/Kalimotxo	2
http://www.volkskrant.nl/vk/nl/10637/VK-Dossier-Verkiezingen-van-2012/article/detail/3309891/2012/09/02/Wie-is-kampioen-handophouder-van-Nederland.dhtml	1
http://www.scienceguide.nl/201111/from-bric-to-brict.aspx	1
http://bit.ly/VVawrs	1
http://www.rtvdrenthe.nl/nieuws/gert-jakobs-aangehouden-frankrijk-op-verdenking-van-dopingbezit	1
http://www.vi.nl/nieuws/228475/Arrestatie-van-matchfixingverdachte-Paul-aus-Holland.htm	1
http://9gag.com/gag/4900537	1
http://youtu.be/bNB7x_jKTSA	1
http://sport.thepostonline.nl/2013/01/10/keniaanse-hardlopers-pieken-niet-op-olympische-marathon/	1
http://ow.ly/eJYeX	1
http://ow.ly/eAsgR	1
http://voetblah.wordpress.com/2013/01/03/genant-godenzonen-gedrag/	1
http://budurl.com/MacTech12	1
http://twitter.com/iomatrix23/status/265116620832268288/photo/1	1
http://ow.ly/eoWAH	1
http://www.volkskrant.nl/vk/nl/3184/opinie/article/detail/3361717/2012/12/11/Naderende-megavuurbal-is-een-brok-onzinnieuws.dhtml	1
http://tweedekamer.groenlinks.nl/node/89142	1
http://twitpic.com/b25zn2	1
http://bit.ly/yuNYRO	1
http://ow.ly/eNMG9	1
http://retractionwatch.wordpress.com/2012/08/24/korean-plant-compound-researcher-faked-email-addresses-so-he-could-review-his-own-studies/	1
http://investinbrazil.biz/news/brazilian-higher-education-sees-general-improvement-last-three-years-12c3#.UMhk_q6L_J0.twitter	1
http://ow.ly/eLOHn	1
http://voetblah.wordpress.com/2012/11/08/gareth-bale-eat-your-heart-out/	1
http://www.powned.tv/nieuws/media/2012/09/niemand_kijkt_naar_game_of_thr.html	1
http://pfauth.com/journalistiek/manifest-wat-we-van-een-nieuwe-krant-willen/	1
http://www.djmag.com/top100	1
http://www.foliaweb.nl/foliavond/wat-wordt-het-lelijkste-onderwijswoord/	1
http://www.stibon.nl/	1
http://ow.ly/ee8VD	1
http://ow.ly/ewcrf	1
http://www.scienceguide.nl/201211/kloppend-hart-sao-paulo.aspx	1
http://www.nu.nl/muziek/2988320/dancemuziek-wordt-topsector.html	1
http://www.vice.com/nl/read/we-spraken-iemand-die-fotos-van-lelijke-belgische-huizen-spaart-en-publiceert-?utm_source=vicefb	1
http://www.heavy.com/comedy/2009/11/2012-olympics-logo-looks-like-lisa-simpson-giving-head/	1
http://ow.ly/f6KFG	1
http://www.dieponderzoek.nl/ook-met-24-uurshoreca-is-amsterdam-geen-berlijn	1
http://ow.ly/fs95b	1
http://www.youtube.com/watch?v=nCb6LtEfGz4	1
http://profielen.hr.nl/2012/ex-directeur-windesheim-moet-half-jaar-extra-de-cel-in/	1
http://ow.ly/ftnmO	1
http://www.youtube.com/watch?feature=player_embedded&v=HLi8TP5Lu5g	1
http://ow.ly/eybAO	1
http://ow.ly/dWVZH	1
http://www.vi.nl/achtergronden/Columns-overzicht-1/Lezerscolumn/186739/Lezerscolumn-Les-in-nederigheid-voor-vedetten.htm	1
http://www.nrc.nl/verkiezingen/2012/10/25/vvd-en-pvda-op-hoofdlijnen-akkoord/	1
http://ow.ly/eu1L2	1
http://i663.photobucket.com/albums/uu358/weblog_rouveen/blogger1_3/lijnbus-in-brand_zpsa4cbcda6.jpg	1
http://ow.ly/fGXBi	1
http://www.volkskrant.nl/vk/nl/11639/Dopinggebruik-Lance-Armstrong/article/detail/3380174/2013/01/20/Contador-bekentenis-Armstrong-tast-imago-aan.dhtml	1
http://ow.ly/dWp8i	1
http://www.volkskrant.nl/vk/nl/11784/Top-200-van-de-macht/article/detail/3349102/2012/11/16/Femke-Halsema-invloedrijkste-twitteraar-van-elite-top-200.dhtml	1
http://sport.dejaap.nl/2012/08/09/de-strijd-om-het-bord-op-schoot-is-begonnen/	2
http://ow.ly/dFikI	1
http://crashplan.com/helpdesk	390
http://www.tubantia.nl/sport/sport-regionaal/leroy-fer-verkoopt-paard-direct-door-1.3542141	1
http://wp.me/piB3G-5tH	1
http://www.groene.nl/lab/2013-01-14/werkloze-wo-ers-op-de-arbeidsmarkt--2	1
https://www.crashplan.com/enterprise/quote.html	1
http://ow.ly/fpvRq	1
http://www.taalblad.be/e-zine/kort-en-klein/verkiezingen-2012-bizarre-lijsten-en-lijstnamen/968.html	1
http://twenty4amsterdam.com/	1
http://bit.ly/QcPdhL	1
http://budurl.com/holidaybackup	1
https://www.asva.nl/node/462?language=en	1
http://crashplan.com/mozyswitcher	7
http://www.marketingfacts.nl/berichten/urbanathlon-schoenmaker-blijf-bij-je-leest	1
http://www.twitlonger.com/show/j322tm	1
http://ow.ly/e11ob	1
http://ow.ly/gnPxW	1
http://www.youtube.com/watch?feature=player_embedded&v=ruav0KvQOOg	1
http://www.universityworldnews.com/article.php?story=2013011612324585#.UP0e73N4iJs.twitter	1
http://ow.ly/fweXv	1
http://ow.ly/gSeKA	1
http://ow.ly/eX07z	1
http://www.imdb.com/title/tt0327554/	1
http://www.dumpert.nl/mediabase/6459512/733038ad/verpleger_faalt_in_de_modder.html	1
http://ow.ly/fE3Wa	1
http://ow.ly/gtRfB	1
http://ow.ly/eFxv0	1
http://ow.ly/eX2OE	1
http://www.bbc.co.uk/news/world-middle-east-18595884	1
http://ow.ly/eX2CH	1
http://wp.me/piB3G-4Wh	1
http://budurl.com/CPJava	1
http://en.wikipedia.org/wiki/Independent_Olympic_Athletes_at_the_2012_Summer_Olympics	1
http://ow.ly/g0rvw	3
http://ow.ly/fwdkE	1
http://ow.ly/i/16COa	1
http://ow.ly/fjqse	1
http://ow.ly/fTirk	1
http://ow.ly/gVyij	1
http://www.japansrestaurantan.nl/	1
http://varagids.vara.nl/index.php?id=12016	1
http://ow.ly/fOzch	1
http://ow.ly/ezJAH	1
http://ow.ly/glVXv	1
http://www.youtube.com/watch?feature=player_embedded&v=zKksMZdJdgY	1
http://www.youtube.com/watch?v=So8XU41fe-0	1
http://bit.ly/USyJfb	4
http://fb.me/12Mq1tj8B	1
http://bit.ly/R2CZrX	1
http://ow.ly/fUQLB	1
http://bit.ly/R3pp9K	1
http://wp.me/piB3G-5o3	1
http://www.deezer.com/nl/playlist/84475061	1
http://tinyurl.com/8nlopqz	1
http://ow.ly/dtOpP	1
http://www.scienceguide.nl/201209/veel-is-'zeer-goed'.aspx	1
http://ow.ly/eX4gV	1
http://www.opensesame.com/blog/top-100-tools-learning-2013	1
http://www.wilfrieddejong.nl/column/115/oerman-dorian.html	1
http://www.youtube.com/watch?v=b_4LmwmQqrA	1
http://ow.ly/gnPm3	1
http://ow.ly/f8vZo	1
http://scienceguide.nl/201208/wie-telt-echt,-volgens-u.aspx	1
http://www.onlineuniversities.com/blog/2012/07/10-ways-twitter-is-reinventing-college-lecture/	1
http://tinyurl.com/8t38v9t	1
http://sport.dejaap.nl/column/het-gedicht-dat-louis-van-gaal-voor-wilde-dragen/	1
http://bit.ly/PyEiOA	1
http://25.media.tumblr.com/tumblr_lzeseqB8yj1rn7qago2_1280.jpg	1
http://ow.ly/frElG	1
http://www.linkeballen.nl/Archief/tabid/61/articleType/ArticleView/articleId/1898/Nick3Bergen-wint-DeGoey-Award-2012.aspx	1
http://ow.ly/guyHZ	1
http://ow.ly/dWMSy	1
http://www.powned.tv/nieuws/sport/2012/12/fulham_wil_stekelenburg.html	1
https://twitter.com/sporza/tour2012	1
http://crashplan.com/blog/consumer_backup/upgrade	1
http://ow.ly/eYioM	1
http://www.scienceguide.nl/201211/ocw%E2%80%99s-vreemdste-misser.aspx	1
http://gifjespret.nl/post/33423487247/van-rompuy-trots-op-nobelprijs	2
https://twitter.com/MartijnKleppe/status/248834052948381696/photo/1	1
http://bit.ly/PnARKw	1
http://ow.ly/fcwZz	1
http://ow.ly/gu83H	1
http://www.elle.nl/mode/nieuws/Hermes-Birkin-tas-van-Lego	1
http://www.mirror.co.uk/sport/football/hillsborough-documents-released-brian-reade-1318730	1
http://fb.me/YvjZWsvc	1
http://www.boston.com/bigpicture/2012/11/syria.html	1
http://bit.ly/Rw2zac	1
http://www.youtube.com/watch?v=jSpKo9kD5PA	1
http://ow.ly/gdl2z	1
http://budurl.com/BTSwin	2
http://philosophershaming.tumblr.com/image/29830397081	1
http://thefactclub.nl/2012/11/26/feitoffabel-26-november-invoering-sociaal-leenstelsel/	1
http://www.quickmeme.com/meme/3s9o62/	1
http://voetblah.wordpress.com/2012/10/18/sympathiek-dopinggebruik-in-het-voetbal/	2
http://bit.ly/TIQtfp	1
http://www.at5.nl/artikelen/87894/tjeerd-herrema-nieuwe-stadsdeelvoorzitter-zuidoost	1
http://ow.ly/fpuRT	1
http://www.footballculture.com/the-undefeated-in-europe-since-1963-club/telstar-tshirt-undefeated-1/	1
https://www.youtube.com/watch?v=MOUA7nKqftQ	1
http://ow.ly/fiytl	1
http://sport.dejaap.nl/2012/09/04/we-want-you-gemotiveerde-sportschrijvers/	1
http://www.simonwb.com/	1
http://www.dejaap.nl/2012/09/05/de-liefdeslessen-van-petra-grijzen/	1
http://crashplan.com	28
http://www.telegraaf.nl/telesport/voetbal/ajax/12744695/__Financieel_kerkhof_bij_Ajax__.html	1
http://ow.ly/duCeY	1
http://www.advalvas.vu.nl/nieuws/studenten-moeten-harder-werken	1
http://www.trouw.nl/tr/nl/4492/Nederland/article/detail/1856158/2011/03/06/Vrouwenvoetbal-ontaardt-in-vechtpartij.dhtml	1
http://www.spitsnieuws.nl/archives/binnenland/2012/11/bussemaker-dichter-bij-huis-studeren	1
http://support.crashplan.com/doku.php/how_to/attach_archive	1
http://crashplan.com/account	1
http://www.speld.nl/2012/11/15/nederlands-abonnement-franse-leenwoorden-loopt-af/	1
http://wp.me/piB3G-4UH	1
http://www.nu.nl/column-vrijdag/2880945/geintje-van-rupert.html	1
http://ow.ly/dAY6d	1
http://ow.ly/dsDfv	1
http://voetblah.wordpress.com/2012/07/05/laat-me-je-joekeloekes-zien/	1
http://foksuk.nl/nl?cm=79&ctime=1354748400	1
http://budurl.com/TechiesDay	1
http://www.youtube.com/watch?v=2WsuEHfYfEc	1
http://www.scientias.nl/supersnel-jachtluipaard-zet-nieuw-wereldrecord-neer/69236	1
http://www.speld.nl/2013/01/14/gratis-diploma-bij-ipad/	1
https://dl.dropbox.com/u/6006161/juistmeertoetsen.pdf	1
http://www.scienceguide.nl/201212/bijblijven-centraal-in-hbo.aspx	1
http://ow.ly/edQrZ	1
http://mofarahrunningawayfromthings.tumblr.com/	1
http://www.aob.nl/default.aspx?id=272&article=9409&q=derivaten&m=	1
http://budurl.com/xrays	3
http://gawker.com/5930215/the-worlds-most-hipster-wedding-announcement-may-justify-outlawing-love	1
http://www.scienceguide.nl//201208/de-scienceguide-top-10-2012.aspx	1
http://www.volkskrant.nl/vk/nl/3184/opinie/article/detail/3350812/2012/11/20/Werkdruk-Laat-docenten-een-half-jaar-ervaring-op-doen-in-het-bedrijfsleven.dhtml	1
http://www.hpdetijd.nl/2012-10-19/in-beeld-de-tien-mooiste-overwinningen-van-de-rabobank/	1
http://www.goal.com/nl/news/1732/interviews/2011/02/15/2353086/wotte-in-egypte-sportief-gezien-kwam-de-revolutie-ongelegen	1
http://budurl.com/STBrian	1
http://www.kijkwijzer.nl/	1
http://www.vi.nl/nieuws/233077/Volg-rechtstreeks-de-loting-voor-de-Champions-League.htm	1
http://www.crashplan.com/switcher/	1
http://nrch.nl/ha5	1
http://leven.dejaap.nl/2012/07/05/de-moeilijke-bril-van-verschil-de-bril-als-sieraard-van-verschilligheid/	1
http://www.vi.nl/achtergronden/Columns-overzicht-1/Lezerscolumn/225014/Lezerscolumn-Gentleman-Giggs-verdient-gouden-plak.htm	1
http://twitpic.com/bhpll5	1
http://ow.ly/dNtOP	1
http://ow.ly/fSxwA	1
http://voetblah.wordpress.com/2012/08/01/chauvinisme-het-vrolijke-broertje-van-nationalisme/	1
http://ow.ly/fqltg	1
http://bit.ly/Uv77uz	1
http://www.nu.nl/binnenland/2939230/groot-feest-verjaardag-oudste-nederlander.html	1
http://sport.dejaap.nl/2012/06/14/het-wordt-een-saaie-tour-de-france/	1
http://www.vice.com/nl/read/waarom-verafschuwen-mensen-mijn-muzieksmaak-toch-zo-	1
http://ow.ly/eX3mv	1
http://www.scienceguide.nl/201212/floor-jongste-doctor-ooit.aspx	1
https://fbcdn-sphotos-f-a.akamaihd.net/hphotos-ak-ash4/378341_10101388206295358_705679927_n.jpg	1
http://ow.ly/dGvxn	1
http://ow.ly/dsDKV	1
http://ow.ly/eX3t7	1
http://m.youtube.com/watch?v=OIfFmfQfwSE	1
http://www.foliaweb.nl/studenten/bussemaker-wil-buitenlandse-studenten-langer-vasthouden	1
http://www.scienceguide.nl//201211/lastig-vak-tussen-wal-en-schip.aspx	1
http://ow.ly/euU60	1
http://ow.ly/ew7ph	1
http://www.scienceguide.nl/201209/universiteit-leeft-in-glazen-huis.aspx	1
http://www.energyacademy.org/kickoff	1
http://ow.ly/f9Ufg	1
http://www.hetamsterdamschevoetbal.nl/arbiter-jensch-met-dood-bedreigd/	1
http://www.scienceguide.nl/201207/verliest-pvv-onderwijsspecialist.aspx	1
http://www.volkskrant.nl/vk/nl/2694/Tech-Media/article/detail/3373906/2013/01/08/Hollands-Kroon-mag-door-met-Voice-methode.dhtml	1
http://ow.ly/f4psS	1
http://ow.ly/f0KCy	1
http://ow.ly/eoFDP	1
http://organisatie.groenlinks.nl/node/89146	1
http://www.scienceguide.nl/201207/fellini,-de-stad-bestaat-niet.aspx	3
http://nrch.nl/gkd	2
http://ow.ly/fjTS7	1
http://www.scienceguide.nl/201210/minister-jet-bussemaker.aspx	1
http://www.almerecity-online.nl/2012/10/22/verplichte-buscombi-naar-telstar-almere-city-fc/	1
http://www.nwtonline.nl/nl/weblog/1159/index.html	1
http://senioren.voetbal.nl/article/overzicht/25418/gvdd-purrel-voetbalt-weer	1
http://www.humo.be/filmpjes/208295/skrillex-herstelt-je-huishoudapparaten	1
http://ow.ly/fjpsI	1
http://ow.ly/dB2jg	1
http://ow.ly/f8E7T	1
http://www.youtube.com/watch?v=RVSOxYBdI3k	1
http://ow.ly/fMwMb	1
http://twitpic.com/am1fth	1
http://voetblah.wordpress.com/2013/01/10/ratan-tata-steel-stadiongebod/	1
http://thelearningcurve.pearson.com/	1
http://ow.ly/givVE	1
http://www.demydezeeuw.nl/football/buikschuivende-supporters-op-het-veld/	1
http://ow.ly/fZadQ	1
http://www.hpdetijd.nl/2013-01-10/de-istanbul-travel-guide-voor-wesley-en-yolanthe/	2
http://www.scienceguide.nl/201301/why-a-death-star-won%E2%80%99t-create-more-tech-jobs.aspx	1
http://i.qkme.me/35qxog.jpg	1
http://www.scienceguide.nl//201210/oplaadstation-harvard.aspx	1
http://www.foliaweb.nl/studenten/onno-la-riviere-donderdagochtend-nog-steeds-in-belgie/	1
http://www.volkskrant.nl/vk/nl/9284/Johan-Fretz/article/detail/3339558/2012/10/30/Team-Didi-en-Team-Mark-spelen-een-wedstrijdje-maar-er-zijn-geen-verliezers.dhtml	1
http://richkidsofinstagram.tumblr.com/page/2	1
http://ow.ly/eX2q1	1
http://www.unbaby.me	1
http://www.uu.nl/NL/Actueel/Pages/Hardnekkige-alto-loopt-groter-risico-op-probleemgedrag.aspx	1
https://twitter.com/OfficialSGP	1
http://ow.ly/dYtJZ	1
http://www.scienceguide.nl/201208/uu-schetst-'next-yvonne'.aspx	1
http://www.at5.nl/artikelen/88077/willem-holleeder-nu-ook-model	1
http://www.scienceguide.nl/201208/zijlstra%E2%80%99s-opvallende-rekenfout.aspx	3
http://www.youtube.com/watch?v=0NkMTXBKAWI	1
http://www.dejaap.nl/2012/12/05/sinterklaas-en-de-pedagogische-onkunde-van-ouders	1
http://www.guardian.co.uk/education/2012/dec/13/gender-gap-university-applications-widens?CMP=twt_gu	1
http://www.scienceguide.nl/201210/inspiratie-voor-'bedank-je-leraar'.aspx	1
http://twitter.com/GtvV/status/263276937882005505/photo/1	1
http://ow.ly/dTmLp	1
http://shar.es/6N0So	1
http://www.volkskrant.nl/vk/nl/7247/Olympische-Spelen/article/detail/3298158/2012/08/08/Live-Londen-2012---Nederland-wint-ook-medaille-voor-beste-feesten.dhtml	1
http://www.scienceguide.nl/201208/stuurloos-den-haag-verlamd.aspx	1
http://ow.ly/f6E8n	1
http://www.doordebenen.nl/mitchell-burgzorg-aka-priester/	1
http://www.wired.com/wiredscience/2012/12/new-coronavirus-infectious/	1
http://voetblah.wordpress.com/2012/08/22/joseph-barton-heeft-tenminste-een-mening/	2
http://www.guardian.co.uk/travel/interactive/2012/dec/20/mount-everest-zoom-2bn-pixel-image?CMP=twt_fd	1
http://bit.ly/QOGMao	1
http://ow.ly/i/150Fp	1
http://fb.me/1WjCM6c78	1
http://www.at5.nl/artikelen/91657/ook-fifa-preses-geschokt-na-overlijden-grensrechter	1
http://bit.ly/ZVIHzg	1
http://ow.ly/fwdnh	7
http://ow.ly/eFxG7	1
http://is.gd/eUimPt	1
http://www.nu.nl/binnenland/2950701/minder-collegebezoek-bij-schrappen-gratis-ov.htm	1
http://ow.ly/fpNUo	1
https://twitter.com/mlauriks/status/241515068913762305/photo/1	1
http://www.vice.com/nl/read/dit-is-hoe-je-met-elkaar-omgaat-op-de-zwarte-cross	1
http://www.youtube.com/watch?v=tfAIgkd8Yjo	2
http://ow.ly/gg17N	1
https://p.twimg.com/A0MlrLTCIAAdYbv.jpg	1
http://ow.ly/ds3Hj	1
http://bit.ly/SUuKgN	1
http://voetblah.wordpress.com/2012/12/23/deel-4-frank-heinens-kansloos-online/	1
http://www.itworld.com/big-data/327256/sexiest-geek-alive-data-scientist	1
http://www.hardgras.nl/Artikel-pagina/233524/American-Psycho.htm	1
http://www.totalov.nl/nieuws12.15.html	1
http://tinyurl.com/8cm5hoh	1
http://www.standaard.be/artikel/detail.aspx?artikelid=DMF20121113_00367828	1
http://bit.ly/UffL4o	1
http://www.scienceguide.nl//201207/hoeveel-lijken-nog-in-de-kast.aspx	1
http://www.statemagazine.nl/artikel/174	1
https://twitter.com/annewillucas/status/279270910240882688	1
http://budurl.com/Top5BU	1
http://bit.ly/QIWKAT	1
http://bit.ly/Wyk4oz	1
http://www.scienceguide.nl/201209/amsterdams-hbo-overtroeft-wo.aspx	1
http://ow.ly/eqlIj	1
http://www.hpdetijd.nl/2013-01-09/hoe-een-kuikentje-piep-pulcino-pio-de-europese-hitlijsten-verovert/	1
http://ow.ly/eQy9n	1
http://www.hardgras.nl/Artikel-pagina/225111/In-elkaar-slaan.htm	2
http://www.conjecturalfigs.blogspot.com/?m=1	1
http://www.foliaweb.nl/videos/?video=niet-al-je-studiepunten-gehaald-wegwezen	1
http://www.omroepbrabant.nl/?news/1871191013/Rini+Wagtmans+tegen+Armstrong+Stort+al+je+geld+in+een+fonds+en+ga+werken+tot+je+sterft.aspx	1
http://ow.ly/fUp4V	1
http://www.bol.com/nl/p/de-zwerm/1001004002382565/	1
http://ow.ly/fGAEP	1
http://ow.ly/fwrs3	22
http://deadspin.com/5931182/	1
http://maxgif.com/5dZ	1
http://ow.ly/garwq	1
http://www.scienceguide.nl/201207/docentschap-onder-studentenloep.aspx	1
http://bit.ly/PD9ERp	1
http://ow.ly/g2mCw	1
http://www.365dagenkunst.nl/2012/stemwijzerwijzer/	1
https://twitter.com/eppobruins/status/238288607918575616/photo/1/large	1
http://fb.me/2jci3U4Kt	1
http://apache.svbvod.pmedia71.kpnstreaming.nl/kindernamen-2012/SVB-kindernamen-2012-jongens-populariteit.pdf	2
http://www.nasa.gov/topics/technology/features/star_trek.html	1
http://ow.ly/f6HiJ	1
http://bit.ly/YKScD9	1
http://www.scienceguide.nl/201208/schuld-en-boete-in-ho.aspx	1
http://www.mindopen.nl/pdf/mindopen_number_9_summer_2012.pdf	1
http://www.foliaweb.nl/alle-columns-van/?columnist=Van+Heest&selectedColumn=27546	1
http://www.scapinoballet.nl/nl/pages/het_gezelschap+gastchoreografen+krisztina_de_chatel	1
http://ow.ly/fRX6j	1
http://ow.ly/eJpUh	1
http://www.scienceguide.nl/201208/langstudeerboete-averechts.aspx	1
http://www.youtube.com/watch?v=qFVzhXwqs1s&feature=youtu.be	1
http://www.hpdetijd.nl/2012-10-11/de-top-tien-meningen-over-lance-armstron	1
http://tos-dr.info/	1
http://voetblah.wordpress.com/2012/10/20/indenbanvanabe-231112-update-3	1
http://voetblah.wordpress.com/2012/10/18/sympathiek-dopinggebruik-in-het-voetbal/?fb_source=pubv1	1
http://www.scienceguide.nl/201208/kennis-is-straks-schuld,-niet-macht.aspx	3
http://www.crashplan.com/ref/backtoschool/	3
http://ow.ly/f0KuX	1
http://www.uitzendinggemist.nl/afleveringen/1307666	1
http://crashplan.com/help	1
http://ow.ly/gmtFU	1
http://andrewpost.blogspot.com/2011/12/knuckleduster-blurb.html	1
http://ow.ly/e8e2P	1
http://www.nu.nl/algemeen/2865615/kuipers-bezorgd-bezuinigingen-kenniseconomie.html	1
http://www.spitsnieuws.nl/archives/binnenland/2012/10/010-taalcursussen-voor-mbo	1
http://bit.ly/QuXC2X	1
http://voetblah.wordpress.com/2012/09/27/johnny-heitinga-en-zijn-dolfijnen/	1
http://www.scientias.nl/james-bond-wordt-steeds-gewelddadiger/77252	1
http://www.crashplan.com/carboniteswitcher	3
http://www.chick-fil-a.com/Food/Menu-Section/Breakfast-Items	1
http://www.imdb.com/title/tt1190080/	1
http://code42.com/about.html	1
http://www.udacity.com	1
http://hetiskoers.nl/2012/vergeten-wielrenner-armstrong-lance/	1
http://www.kabinetsformatie2014.nl	1
http://twitter.com/mmeeuw/status/230644132748595203/photo/1	1
http://ow.ly/ftgsb	1
http://www.vi.nl/nieuws/230168/De-Vries-over-ONSAjax-Benieuwd-wie-we-straks-loten.htm	1
http://bit.ly/VPv8Tl	1
https://encrypted-tbn2.google.com/images?q=tbn:ANd9GcTGv6dc6EFBuRM_lLxRtbOzQ0ceWvZoxRjYAEaGCmoMj84Bfy2DuA	1
http://ow.ly/fLYKi	1
http://www.scienceguide.nl/201211/dear-dilma-rousseff%E2%80%A6.aspx	1
http://www.scienceguide.nl//201208/leraar-van-koning-naar-obama.aspx	1
http://fb.me/1Qr6jh3vO	1
http://ow.ly/fQs8r	1
http://www.scienceguide.nl/201209/de-droom-van-elke-docent.aspx	1
http://www.guardian.co.uk/world/gallery/2012/jul/26/kim-jong-un-north-korea-wife#/?picture=393635528&index=5	1
http://www.scienceguide.nl/201210/15-years-to-live-for-old-school-universities.aspx	1
http://crashplan.com/carboniteswitcher	8
http://ow.ly/g4l4B	1
http://lifehac.kr/vV2ixd	1
http://wp.me/piB3G-5iL	1
http://blogs.ec.europa.eu/neelie-kroes/st-nicolaas/	1
http://www.elsevier.nl/web/Opinie/Leon-de-Winter/347134/Charmante-Badr-Hari-verdient-dit-niet.htm	1
http://ow.ly/fcBny	1
http://www.nu.nl/binnenland/2972986/mishandelde-grensrechter-almere-overleden.html	1
http://ow.ly/eN9qK	1
http://ow.ly/fSxdZ	1
http://resource.wur.nl/organisatie/detail/job_cohen_toezichthouder_wageningen_ur/	1
http://www.foliaweb.nl/wetenschap/%E2%80%98erbij-horen%E2%80%99-belangrijkste-factor-bij-mogelijke-toetreding-turkije-tot-eu/	2
http://ow.ly/fwu38	9
http://www.volkskrant.nl/vk/nl/11304/Vonk/article/detail/3349038/2012/11/16/Ik-ben-op-zoek-naar-ene-P-Broertjes-Zoiets---De-terreur-van-PR-bureaus.dhtml	1
http://www.facebook.com/#!/VoetballersEnVissen	2
http://gu.com/p/394g9/tw	1
http://ow.ly/dAW66	1
http://voetblah.wordpress.com/2012/08/30/berry-van-aerle-heeft-een-neusje-voor-talent/	1
http://www.nu.nl/muziek/2889090/chuck-d-waarschuwt-nederland-verkeerde-koers.html	1
http://ow.ly/eX3PM	1
http://www.scienceguide.nl/201211/obama-out-innovate-rest-of-the-world.aspx	1
https://www.youtube.com/watch?v=59fLR1ruq4Y&feature=player_embedded	1
http://www.at5.nl/artikelen/91194/pokemon-rover-gepakt-door-politie	1
http://dewetenschap.nl/2013/01/grootschalig-dopinggebruik-de-nederlandse-wetenschap/	1
http://youtu.be/WIv-qsH40m0	1
http://via.me/-59y9mt6	1
http://www.revu.nl/2012/07/18/hoe-henk-en-ingrid-aziz-doodsloegen/	1
http://www.onzetaal.nl/kies-het-woord-van-2012	1
http://budurl.com/helpdesk	2
http://ow.ly/dDdD5	1
http://www.usa.gov/copyright.shtml	1
http://sport.dejaap.nl/2012/07/21/frank-de-boer-bewijst-voetballende-homos-in-nederland-juist-een-dienst/	4
http://sport.dejaap.nl/2012/08/30/wijzen-clijsters-en-henin-het-belgisch-voetbal-de-weg/	1
http://www.omroepgelderland.nl/web/Nieuws-1/1738591/Kees-Boele-nieuwe-bestuursvoorzitter-HAN.htm	1
http://www.youtube.com/watch?v=csQDhwLX8XM	1
https://www.youtube.com/watch?feature=player_detailpage&v=5YUF9LSXAkY	1
http://www.volkskrant.nl/vk/nl/5288/Onderwijs/article/detail/3377076/2013/01/15/UvA-gedaagd-voor-discriminatie.dhtml	1
http://budurl.com/SafeTravel	2
http://voetblah.wordpress.com/2012/12/06/alleen-met-een-beker-europa-in	1
http://www.buzzfeed.com/mattbuchanan/one-a-day-gift-guide-peace-of-mind	1
http://bit.ly/Xh8FPb	1
http://www.youtube.com/watch?v=_0KdNvjAOQQ&feature=youtu.be	1
http://ishootpeople.nl/	1
http://graphics.wsj.com/political-moneyball/#	1
http://www.dejaap.nl/column/thijs-tikt-lowlands-en-de-opstand-van-de-elite	1
http://ow.ly/eQSM6	1
http://www.shirky.com/weblog/2012/11/napster-udacity-and-the-academy/	1
http://www.foliaweb.nl/studenten/wij-kunnen-de-langstudeerboete-nu-nog-niet-terugbetalen	1
http://issuu.com/conjecturalfigments/docs/invitation	1
http://ow.ly/ffzda	1
http://www.hpdetijd.nl/2012-12-12/de-man-die-messi-zijn-record-afnam/	1
http://ow.ly/e121Q	1
http://fb.me/1g879n59N	1
http://www.woorden.org/spreekwoord.php?woord=het%20ijs	1
http://www.at5.nl/artikelen/85138/burgemeester-helmond-ajax-spelers-varkens	1
http://www.vn.nl/boeken/mooiedingen/tour-voor-vrouwen/	1
http://sport.dejaap.nl/2012/08/02/belg-worden-is-dat-nou-wel-slim/	1
http://ow.ly/fwhBk	1
http://instagr.am/p/Sxpcz0j5Pp/	1
http://ow.ly/fUQXZ	1
http://www.vice.com/nl/read/het-higgs-deeltje-voor-normale-mensen-zoals-wij-en-jij	1
http://twitter.com/wijndelts/status/270822021909315584/photo/1	1
http://ow.ly/eVom7	1
http://yfrog.com/nta6ujrj	1
http://www.rtvoost.nl/nieuws/default.aspx?nid=149001	1
http://www.parool.nl/parool/nl/4024/AMSTERDAM-CENTRUM/article/detail/3290973/2012/07/24/Amsterdam-wil-van-Vlaams-Friteshuis-af.dhtml	1
http://twitter.com/BartMos/status/241494651352268800/photo/1	1
http://ow.ly/gEOWm	1
http://tinyurl.com/9r6daeq	1
http://nos.nl/artikel/445524-succes-stapel-door-weinig-kritiek.html	1
http://ow.ly/eX2Su	1
http://ow.ly/eHAmw	1
http://www.guardian.co.uk/environment/2012/sep/14/arctic-sea-ice-harsh-winter-europe	1
http://budurl.com/prasie4cp	2
http://sport.dejaap.nl/2012/08/16/wat-moeten-robin-van-persie-en-manchester-united-met-elkaar/	1
http://bit.ly/V09gDC	1
http://ow.ly/g6AyT	1
http://www.kennisnet.nl/vo/docent/perdagwijzer/bruggen/pdf/bruggen-lesbrief.pdf	1
http://www.hardgras.nl/Artikel-pagina/232934/Zlatan-2.htm	1
http://www.nrc.nl/nieuws/2012/08/09/murdoch-wil-samenvattingen-op-zondag-zeven-uur-houden/	1
http://www.groovypost.com/news/crashplan-online-backup-black-friday-deal/	1
http://budurl.com/BizTweet	1
http://www.youtube.com/watch?feature=player_embedded&v=8qofdN5rsno	1
http://voetblah.wordpress.com/2012/10/04/het-prototype-voetbalvader/	1
http://ow.ly/dButi	1
http://bit.ly/Pbmdpf	1
http://sport.dejaap.nl/2012/10/18/waarom-is-turkije-geen-voetbalgrootmacht/	1
http://ow.ly/dWVUX	1
http://waarismark.tumblr.com/	1
http://www.nationaleonderwijsgids.nl/hbo/nieuws/15248-tekort-van-11-miljoen-voor-hogeschool-utrecht.html	1
http://on-msn.com/YOulnw	1
http://ow.ly/fTgf8	2
http://nederl.blogspot.nl/2013/01/een-vrije-dag-jood.html	1
http://ow.ly/fA1Mh	1
http://www.rdmcampus.nl/_media/files/Artikel_3D-Printing_uit_RDM_Campus_Magazine_4.pdf	1
http://bit.ly/11adf1A	1
http://www.ilovenoord.nl/index.php/2012/10/04/sensation-aan-het-ij/	1
http://ow.ly/fpNdS	1
http://ow.ly/fNTYG	1
http://societijd.nl/	1
http://yfrog.com/hw5proknj	1
http://www.geenstijl.nl/mt/archieven/2012/10/tvboksen_wortmann_vs_baudet.html#comments	1
http://ow.ly/gCEUy	1
http://webcache.googleusercontent.com/search?q=cache:http://answers.yahoo.com/question/index?qid=20120730073225AAgUZtP	1
http://bit.ly/ST765O	1
http://www.ad.nl/ad/nl/5598/Sportcolumnisten/article/detail/3298682/2012/08/09/De-Usain-Bolt-van-zijn-tijd-maar-dan-groter-kwam-naast-me-zitten.dhtml	1
https://twitter.com/#!/search/realtime/stempas%20kwijt	1
http://voetblah.wordpress.com/2012/11/15/het-armpje-van-joey-van-den-bergh/	2
http://ow.ly/fAyYp	1
https://www.crashplan.com/consumer/store.vtl	5
http://voetblah.wordpress.com/2012/11/13/international-master-of-sport-management/	1
http://www.schwalbeunited.nl/15817/de-beste-uitspraken-van-sierd-de-vos/	1
http://www.behance.net/gallery/Welcome-to-Pyongyang/827508	1
http://ow.ly/fwvNL	1
http://bit.ly/mTfTGr	1
http://www.nrc.nl/nieuws/2012/11/30/de-nos-op-drift-doorgeschoten-verleuking-en-beroepsethische-erosie/	1
http://www.scienceguide.nl/201208/koepels-winnen-debat.aspx	1
http://michelvanbaal.weblog.tudelft.nl/2012/12/20/universiteitscommunicatie-vergelijken-een-hele-kluif/	1
http://drinkify.org/	1
http://ow.ly/e2uxX	1
http://bit.ly/RFml4F	1
http://wannabehacks.co.uk/2012/12/10/why-every-journalist-should-have-a-twitter-account/	1
http://bit.ly/Rjy9JB	1
http://lookslikescience.tumblr.com/	1
http://www.reuters.com/article/2008/08/06/us-olympics-volleyball-georgia-idUSPEK30175820080806	1
http://www.avondvandepolemiek.nl/	1
http://coenensandershow.bnn.nl/pagina/schaamnaam/schaamnaam.html	1
http://fb.me/279QdgJrx	1
http://ow.ly/f4lrn	1
http://bit.ly/QDWBEJ	1
http://ow.ly/gf3a2	1
http://www.scienceguide.nl/201209/steep-rise-in-us-student-debt.aspx	1
http://www.nrc.nl/nieuws/2012/09/18/ingezonden-brief-van-gordon-hij-is-boos-over-een-column-van-marcel-van-roosmalen/	1
http://ans-online.nl/nieuw/langstudeerboete-voor-december-teruggestort/	1
http://voetblah.wordpress.com/2012/09/13/met-cristiano-ronaldo-op-de-schoorsteenmantel	1
http://ow.ly/f7Ony	1
http://twitter.com/WillemBosch/status/250248478507270144/photo/1	1
http://ow.ly/eX1dK	1
http://www.tweetonderzoek.nl/wp-content/uploads/2012/09/2eKamerRetweets.png	1
http://budurl.com/topvote	1
http://www.guardian.co.uk/higher-education-network/blog/2012/jul/20/myths-internationalisation-higher-education	1
http://ow.ly/dWOBY	1
http://www.huffingtonpost.com/2012/10/08/edward-archbold-roach-eating-contest_n_1949589.html	1
http://ow.ly/dQXPD	1
http://bit.ly/YiEmIW	1
http://www.dejaap.nl/2012/09/23/wat-als-het-marokkanen-waren-geweest/#more-67657	1
http://ow.ly/flGdT	1
http://ow.ly/eqm40	1
http://ow.ly/efOzl	1
http://www.doyouknowflo.nl/2012/12/rotjeknor/	1
http://sport.dejaap.nl/2012/12/07/wat-ik-ga-doen-tegen-voetbalgeweld/	1
http://ow.ly/emXE4	1
http://fb.me/1LFlfQX31	1
http://bit.ly/SJ7JlU	1
http://24.media.tumblr.com/tumblr_lxkk4xACbR1qhmfkuo1_400.gif	1
http://bit.ly/Q1RMyL	1
http://ow.ly/eX4eC	1
http://sport.thepostonline.nl/2013/01/17/de-teloorgang-van-de-drie-van-milaan/	1
http://ow.ly/faGlm	1
http://www.nu.nl/wetenschap/2866840/100-meter-hardlopen-moet-kunnen-in-936.html	1
http://www.sbvexcelsior.nl/index.php?objectID=43&news_id=8906#	1
http://ow.ly/e4LaK	1
http://www.foliaweb.nl/foliavond/drugstunnel-leidt-naar-universiteit/	1
http://sport.dejaap.nl/2012/09/20/krijgt-riccardo-ricco-ooit-nog-zijn-eigen-berg/	1
http://budurl.com/12Tech200	1
http://budurl.com/backupprep	2
http://www.powned.tv/nieuws/media/2012/08/de_mart_heeft_zijn_opvolger_ge.html	1
http://www.facebook.com/indenbanvanabe	1
http://www.scienceguide.nl/201206/topsectoren-op-pijnbank.aspx	1
http://www.hbo-raad.nl/component/content/article/22/1082	1
http://www.hbo-raad.nl/component/content/article/22/1047	1
http://internet-map.net/	1
http://cyclingbase.black-dress.org/archieven/1373/	1
http://ow.ly/eYhNb	1
http://www.doordebenen.nl/mike-werner-mat-der-matten/	1
http://www.youtube.com/watch?v=bIzhGkXS4cI	1
http://ow.ly/f0JVT	1
http://bit.ly/UD5JMo	1
http://twitter.com/timcardol/status/273721071767793664/photo/1	1
http://www.issuu.com/conjecturalfigments/docs/conjecturalfigments_feb_2012	1
http://sco.lt/96jvBh	1
http://bit.ly/11KOVDN	1
http://www.thesun.co.uk/sol/homepage/sport/football/4613416/My-life-of-booze-and-pills-at-Everton-by-Andy-van-der-Meyde.html	1
http://www.foliaweb.nl/foliavond/het-mag-wat-soberder-allemaal/	1
http://ow.ly/fgl7G	1
http://storify.com/jilliancyork/journalists-react-to-newsweek-s-cover	1
http://bit.ly/PeFGUn	1
http://www.scienceguide.nl/201301/forse-inperking-deeltijd-aanstaande.aspx	1
http://sport.dejaap.nl/2012/08/09/het-gejuich-op-het-station/	1
http://ow.ly/eu4lz	1
https://twitter.com/jonasdeponas/status/240423253653479426/photo/1/large	1
http://twitter.com/vancalmthout/status/263959244989149185/photo/1	1
http://www.l1.nl/nieuws/194447-maastricht-airlines-gaat-vliegen-van-beek#.UIfqGcVLMTY	1
http://www.issuu.com/conjecturalfigments/docs/invitation	1
http://snob2000.nl/	1
http://wp.me/piB3G-5qU	2
http://fb.me/15WqbO2Hc	1
http://ow.ly/dQg5u	1
http://www.hobeon.nl/actueel/weblogs/weblogs_item/t/investeren_in_docentenkwaliteit_zoeken_naar_de_balans	1
http://support.crashplan.com/doku.php/articles/time_machine	1
http://hillsborough.independent.gov.uk/report/Section-1/summary/	1
http://www.nrc.nl/nieuws/2011/02/19/de-excuusbrief-van-charlotte-bouwman/	1
http://www.youtube.com/watch?v=cIN3smL2MjQ&feature=youtube_gdata_player	1
http://ow.ly/ebyzH	1
http://www.speld.nl/2012/11/01/veel-conclusies-af-en-toe-te-makkelijk/	1
http://www.hpdetijd.nl/2012-09-26/hockey-is-het-nieuwe-happy-slapping/	1
http://www.nu.nl/muziek/2894982/normaal-beeldt-wilders-af-met-hitler-en-breivik.html	1
http://speldwijzer.sysfix.eu/	1
http://gigaom.com/2012/11/13/coursera-takes-step-to-enable-students-to-receive-college-credit-for-its-courses/	1
https://bitly.com/	1
http://www.scienceguide.nl/201212/are-we-living-in-a-computer-simulation.aspx	1
http://crashplan.com/helpdesk/	1
http://www.mobypicture.com/user/Mariannezw/view/13588525	2
http://wp.me/piB3G-56u	2
http://ow.ly/ds2Yw	1
http://3voor12.vpro.nl/luisterpaal/albums/Sandeman.html	1
http://www.dejaap.nl/2012/09/23/wat-als-het-marokkanen-waren-geweest/	1
http://wp.me/piB3G-56f	1
http://www.scienceguide.nl/201208/een-etalage-vol-praktische-kennis.aspx	1
http://ow.ly/ezJvY	1
http://www.crashplan.com/carboniteswitcher?utm_source=twitter&utm_medium=flwca&utm_campaign=switcher&utm_content=twt1flwca	1
http://bit.ly/VWKyTi	1
http://ow.ly/g6WCn	1
http://ow.ly/ftwNR	1
http://twitter.com/NiekBenedictus/status/228813818304811008/photo/1	1
http://ow.ly/dNE5Y	1
http://www.bbc.co.uk/news/world-latin-america-19734977	1
http://www.scienceguide.nl//201208/leraar-met-x-factor-naar-hanze.aspx	1
http://mashable.com/2013/01/14/anonymous-hacks-mit	1
http://www.scienceguide.nl/201211/tu-delft-vestigt-zich-in-sao-paulo.aspx	1
http://www.telegraaf.nl/prive/12715540/__Liever_seks_dan_Smeets__.html	1
http://budurl.com/CameraSafety	1
http://www.macworld.com.au/help/steps-to-take-when-your-mac-wont-start-up-82220/	1
http://www.upworthy.com/we-havent-seen-sandy-wreak-havoc-this-much-since-summer-of-lovin?c=ufb1	1
http://twitpic.com/an4e82	1
http://ow.ly/dtOL1	1
http://www.presseurop.eu/nl/content/news-brief/2810231-faillissement-dreigt-voor-erasmus	1
http://ow.ly/gpfgr	1
http://vroegevogels.vara.nl/index.php?cHash=e83defd2e1ced7bdaa431c685e7c731c&id=1006&tx_ttnews[tt_news]=361665	1
http://www.scienceguide.nl/201211/zorgvuldige-zelfstudie-succesvol.aspx	2
http://ow.ly/dPKiT	1
http://ow.ly/fUVAy	1
http://budurl.com/ProgrammerDay	2
http://ow.ly/eX3kf	1
http://ow.ly/gcn7S	1
http://politiek.thepostonline.nl/2013/01/09/jeroen-dijsselbloem-is-perfecte-nobody/	1
http://nl.wikipedia.org/wiki/Wim_Vansevenant	1
http://ow.ly/gDeU1	1
http://ow.ly/fH96c	2
http://www.youtube.com/watch?v=u6XAPnuFjJc	1
http://ow.ly/fzMxO	1
http://ow.ly/eXlv4	1
http://nos.nl/op3/artikel/400458/	1
http://twitter.com/globalistaa/status/255973246430740481/photo/1	1
http://www.scienceguide.nl/201209/kabinet-rutte-ii-25-oktober-op-het-bordes.aspx	1
http://ow.ly/gBiB1	1
http://www.scienceguide.nl/201212/koppelaars-op-copacabana.aspx	2
http://crashplan.com/blog/giveaways/backtoschoolwin	1
http://www.crashplan.com/carboniteswitcher?utm_source=twitter&utm_medium=flwca&utm_campaign=switcher&utm_content=twt4flwca	1
http://ow.ly/fYLFu	1
http://voetblah.wordpress.com/2012/10/03/knvb-kan-beker-in-ere-herstellen/	1
http://ow.ly/eK4eL	1
http://ow.ly/dWVM0	1
http://www.nu.nl/achterklap/2991905/drake-wil-geld-term-yolo.html	1
http://www.vice.com/nl/read/u-steunt-de-stichting-stop-met-praten-al-voor-slechts-dertig-cent-per-dag	1
http://www.11freunde.de/video/flimmerkiste/die-schlechteste-ecke-aller-zeiten	1
http://www.youtube.com/watch?v=d7R7q1lSZfs	1
http://www.recensiekoning.nl/2012/11/57277/voorbarige-zorgen	1
http://bbc.in/PA9QGJ	1
http://www.telegraaf.nl/binnenland/21090523/__Prinselijk_paar_naar_Brazilie__.html	1
http://www.youtube.com/watch?v=qr4xIKHX9ks	1
http://nymag.com/daily/intel/2012/10/romney-says-hes-winning-its-a-bluff.html	1
http://www.nieuws.leidenuniv.nl/nieuws-2012/haat-en-liefde-voor-getallen.html	1
http://ow.ly/f8wjj	1
http://ow.ly/i/181Pl	1
http://www.nrcnext.nl/columnisten/2012/10/05/nu-fusie-pvda-en-groenlinks/	1
http://ow.ly/frEUl	1
http://www.nu.nl/internet/2918039/vvd-wil-lokpubers-inzetten-sociale-media.html	1
http://hetiskoers.nl/2011/vergeten-wielrenner-lotz-marc/	1
http://www.macworld.com.au/blogs/macbook-woe-a-tale-of-a-near-disaster-80795/	1
http://www.nu.nl/opmerkelijk/2861136/protestmars-slecht-weer-in-amsterdam.html	1
http://ow.ly/fIx9k	1
http://www.youtube.com/watch?v=OE3LnwUO-Pw&feature=player_embedded	1
http://noorwegen.placement.nl/default.aspx?menu=307&id=733	1
http://www.foliaweb.nl/organisatie/geen-student-toch-student-raadslid-mag-dat/	1
http://9gag.com/gag/6009096	1
http://www.scienceguide.nl/201210/leenstelsel-klap-voor-economie.aspx	1
http://profielen.hr.nl/2012/gaat-senator-thom-de-graaf-de-basisbeurs-redden/	1
http://budurl.com/SayIDo	1
http://thatsmathematics.com/mathgen/	1
http://ow.ly/eX3rR	1
http://www.cursor.tue.nl/nieuwsartikel/artikel/pvda-tegen-torenhoog-collegegeld-tweede-studie/	1
http://support.crashplan.com/doku.php/reference_guide/settings	1
http://ow.ly/g4r8r	1
http://www.nlwatch.nl/nl/horloges-modern/rolex-explorer-214270-full-size#35-DSC_2169	1
http://ow.ly/fpOai	1
http://nrch.nl/qie	1
http://ow.ly/f1XI9	1
http://www.nuffic.nl/actueel/nuffic-news/hogeronderwijsmissie-nuffic-groot-succes	1
http://ow.ly/ewTDQ	1
http://www.scienceguide.nl/201208/geheime-bijlagen-onthullend.aspx	2
http://ow.ly/fi69P	1
http://www.guardian.co.uk/education/2012/dec/17/moocs-higher-education-transformation	1
http://ow.ly/fcxRI	1
http://ow.ly/i/12BDf	1
http://ow.ly/ftUWi	1
http://ow.ly/eX28B	1
http://ow.ly/dnCvq	1
http://www.vice.com/nl/read/i-went-to-art-basel-to-try-and-get-art	1
http://www.parool.nl/parool/nl/224/BINNENLAND/article/detail/3319505/2012/09/20/Politie-ontruimt-school-in-Zoetermeer.dhtml	1
http://ow.ly/dOEgg	1
http://www.scienceguide.nl/201210/make-room-for-innovative-teacher.aspx	1
http://www.awt.nl/publicaties/sociale-innovatie-en-horizon-2020/item371	1
http://www.scienceguide.nl/201210/technologie-democratiseert-energie.aspx	1
http://www.ebay.nl/sch/i.html?_from=R40&_trksid=m570&_nkw=doutzen+kroes+shirt&_sacat=See-All-Categories	1
http://www.scienceguide.nl/201209/sociaal-leenstelsel-verdeelt-hbo-top.aspx	1
http://ow.ly/ffQQc	1
http://www.hpdetijd.nl/2013-01-07/uitreiking-gouden-bal-2012-nederland-nog-steeds-het-beste/	1
http://www.aljazeera.com/news/europe/2012/11/20121110184713593795.html	1
http://ow.ly/eX32T	1
http://ow.ly/g9W4M	1
http://www.youtube.com/watch?v=XRdVb8PF_fA&feature=youtu.be	1
http://budurl.com/SwitchToday	4
http://gizmodo.com/5969221/stop-whining-about-your-personal-data-on-instagram-you-little-whiny-baby	1
https://twitter.com/Reuters/status/240818063581278208/photo/1/large	1
http://twitpic.com/bnm2h9	1
http://ow.ly/fUnxd	1
http://code42.com/careers.html	3
http://ow.ly/eX1lx	1
http://www.refdag.nl/opinie/welbeschouwd/exportproduct_europa_boer_zoekt_man_1_680999	1
http://gawker.com/5932302/the-best-olympic-commentary-ever-is-too-good-for-television	1
http://ow.ly/fcxU9	1
http://sport.dejaap.nl/2012/10/25/tour-de-france-2013-trip-down-memory-lane/	1
http://www.transfermagazine.nl/onze-mv-in/in-kigali/het-land-der-zienden	1
http://bit.ly/TQuEdY	1
http://www.vice.com/nl/read/pcc-police-sao-paolo-gang-crime	1
http://ow.ly/eChiE	1
http://ow.ly/dtP53	1
http://en.rsf.org/press-freedom-index-2011-2012,1043.html	1
http://allyoucansee.hubpages.com/hub/The-worst-football-kits-of-all-times-photos	1
http://yfrog.com/h8mm1qwj	1
http://ow.ly/frEfP	1
http://www.volkskrant.nl/vk/nl/11606/Vertrek-Jolande-Sap/article/detail/3328255/2012/10/08/Reconstructie-wekenlang-zagen-aan-de-stoelpoten-van-Sap.dhtml	1
http://twitter.com/SijboltNoorda/status/247682491752783872/photo/1	1
http://budurl.com/FileRestore	1
http://voetblah.wordpress.com/2012/11/01/biograaf-zoekt-nieuwe-andy-van-der-meyde/	1
http://ow.ly/efzfS	1
http://www.guardian.co.uk/uk/2012/jul/25/11-year-old-flies-rome-manchester	1
http://www.google.nl/elections/ed/nl	1
http://www.dejaap.nl/2012/10/18/ivo-opsteltens-computer-is-behackst/	1
http://www.ad.nl/ad/nl/1012/Nederland/article/detail/3366423/2012/12/20/Kunstmatige-berg-van-twee-kilometer-komt-er-niet.dhtml	1
http://www.scienceguide.nl/201212/vsnu,-red-de-talen.aspx	1
http://www.photoguus.com/	1
http://trib.al/mLL61p	2
http://voetblah.wordpress.com/2012/11/16/voetbal-elit/	1
http://ow.ly/guczL	1
http://budurl.com/CPbpr	1
http://www.onzetaal.nl/taaladvies/advies/word-wordt-je-kampioen	1
http://ow.ly/eX2vd	1
http://ow.ly/fGACq	1
http://ow.ly/gBfB8	1
http://www.scienceguide.nl/201301/salarisdebat-ho-weinig-diepgaand.aspx	1
http://9gag.com/gag/5672652	1
http://twitpic.com/as2ov7	1
http://ow.ly/dGxXw	1
https://fbcdn-sphotos-d-a.akamaihd.net/hphotos-ak-prn1/68241_10151305604847891_447094055_n.jpg	1
http://www.youtube.com/watch?v=z4qAFuk651c	1
http://ow.ly/gg1QM	1
http://ow.ly/dvTIS	1
http://ow.ly/ds3S5	1
http://www.scienceguide.nl/201210/vvd-verrast-op-kennisministeries.aspx	1
http://www.pvv.nl/index.php/component/content/article/36-geert-wilders/6056-brief-wilders-aan-malmstrom.html	1
http://themonkeycage.org/blog/2013/01/16/the-nonsense-math-effect/	1
http://www.hotburrito.nl/sport/voetbuit.html	1
http://money.cnn.com/gallery/technology/2012/09/19/startups-global-cities.fortune/8.html	1
http://www.fortunasittard.nl/nieuws/reactie-op-perspublicaties-overname	1
http://bit.ly/TwmkjU	1
http://www.youtube.com/watch?v=EQhuE3b_GBU	1
http://ow.ly/fcxLm	1
http://www.scienceguide.nl/201208/europa-geen-discussie-voor-wetenschap.aspx	1
http://ow.ly/eQyso	1
http://www.geenstijl.nl/mt/archieven/2012/10/rutger_castricum_vlegel_van_het_binnenhof.html	1
http://budurl.com/VergeCP	1
http://ow.ly/g0Q6o	1
http://www.youtube.com/watch?v=8kF_QYxWMHc	1
http://ow.ly/dsEiX	1
http://ow.ly/eX3aQ	1
http://www.dumpert.nl/mediabase/2246551/bb916ae1/broer_ranomi_kromowidjojo_is_een_held_.html	1
http://sport.dejaap.nl/2012/11/15/sportcafe-de-scheve-schaats-kijkcijferhit/	1
http://sport.dejaap.nl/2012/11/01/een-grootse-ode-aan-het-kleine-voetbal/	1
http://bit.ly/UquBSN	1
http://ow.ly/ftu3K	1
http://www.masswerk.at/google60/	1
http://ow.ly/eX2x4	1
http://ow.ly/g1Egd	1
http://bit.ly/uI70ix	1
http://ow.ly/eX1Wo	1
http://www.youtube.com/watch?v=nSyCCE1xqdE	1
http://ow.ly/gaDK1	1
http://nymag.com/daily/intelligencer/2013/01/jack-lews-terrible-signature-may-grace-bills.html	1
http://www.macworld.com/article/2024265/how-to-provide-mac-help-from-far-away.html	1
http://on.fox4kc.com/sqMfh6S	1
http://www.kennislink.nl/publicaties/gewone-man-gaat-wetenschap-financieren	1
http://ow.ly/dLxGB	1
http://ow.ly/gIwBL	1
http://vimeo.com/johanrijpma/naturalthing	1
http://nos.nl/nieuws/live/politiek24/	1
http://www.denieuwereporter.nl/2012/08/nieuws-is-pas-nieuws-als-nu-nl-er-iets-mee-doet/	1
http://tinyurl.com/8z2lkd7	1
http://ow.ly/dNEiC	1
http://wp.me/piB3G-5ba	1
http://www.hpdetijd.nl/2013-01-08/agovv-failliet-waar-bleef-die-inzamelingsactie/	1
http://www.badscience.net/2009/01/part-432-in-which-i-get-a-bit-overinterested-and-look-up-waaay-too-many-references/	1
http://www.crashplan.com/consumer/download.html	2
http://fb.me/2cgozJpLn	1
http://tinyurl.com/c9vudkm	1
http://www.youtube.com/watch?v=L14h2RPDYog&feature=youtu.be	1
http://ow.ly/flTdM	1
http://ow.ly/gwmT2	1
http://www.curling.nl/index.php?page=topsport_kwal_2011_teams	1
http://ow.ly/gJitr	1
http://ow.ly/eSNtf	1
http://ow.ly/ffQXc	1
http://bit.ly/O3Up7D	1
http://www.crashplan.com/business/	1
http://www.scienceguide.nl//201207/excellent-keurmerk-voor-nwo-instituten.aspx	1
http://mashable.com/2012/11/07/nate-silver-wins/	1
http://www.rtl.nl/components/actueel/rtlnieuws/2012/12_december/07/opmerkelijk/botsing-tijdens-eten-karbonade.xml	1
http://ow.ly/fXm0J	1
https://www.youtube.com/watch?v=yL59WlcWBQQ	1
http://scholieren.com	1
http://www.foliaweb.nl/alle-columns-van/?columnist=dijkgraaf	1
http://blog.al.com/tuscaloosa/2012/08/man_named_walter_white_wanted.html	1
http://www.groene.nl/lab/2012-08-31/spreek-niet-zie-niet	1
http://ow.ly/eX2c1	1
http://www.at5.nl/artikelen/93757/doodsbedreiging-om-feyenoord-theater	1
http://ngram.politicalmashup.nl/	1
http://www.duotrope.com/market_6697.aspx	1
http://ow.ly/gWxj1	1
http://www.nrcnext.nl/columnisten/2012/08/15/eerste-lijsttrekkersdebat/	1
http://www.reuters.com/article/2012/08/07/oly-cmr-missing-day-idUSL6E8J771020120807	1
http://ow.ly/frKiF	1
http://ow.ly/gCF1h	1
https://crashplan.zendesk.com/entries/20474638-thumbnails-for-photos	2
http://www.youtube.com/watch?v=GGvo7TPN67A&feature=youtu.be	1
http://support.crashplan.com/doku.php/reference_guide/settings#network	1
http://moby.to/amcor8	1
http://ow.ly/dTCJj	1
http://www.scienceguide.nl/201208/kijk-verder-dan-de-langstudeerboete.aspx	1
http://www.nytimes.com/interactive/2013/01/10/travel/2013-places-to-go.html	1
http://ow.ly/ekVI8	1
http://www.bbc.co.uk/news/education-20697392	1
http://ow.ly/du0vN	1
http://ow.ly/glWvy	1
http://ow.ly/eqlvh	1
http://ow.ly/ekVDK	1
http://www.utnieuws.nl/nieuws/tien-miljard-euro-minder-voor-eu-onderzoek	1
http://www.nrc.nl/nieuws/2012/08/10/juventus-trainer-antonio-conte-10-maanden-geschorst/	1
http://youtu.be/0XyR_K1fJac	2
http://www.nrcnext.nl/columnisten/2012/08/17/volendamisering/	1
http://winfred.vankuijk.net/2012/08/verkiezingsprogrammas-2012-in-beeld-gebracht/	1
http://www.openbadges.org/en-US/	1
http://www.scienceguide.nl//201208/ocw-zwicht-voor-grondwet.aspx	1
http://ow.ly/g6AP6	1
http://bit.ly/TUEGrF	1
http://www.denhaag.nl/home/bewoners/de-gemeente-Den-Haag/college-van-B-en-W/to/Wethouder-verwijdert-verkeerd-geplaatst-bord.htm	1
http://ow.ly/eX1PZ	1
http://ow.ly/eBZFl	1
http://knowyourmeme.com/memes/overly-attached-girlfriend	1
http://ow.ly/fR8Lq	1
http://ow.ly/fa6Hy	1
http://youtu.be/5cRKALtC1FY	1
http://ow.ly/f7Ovf	1
http://girlswithmesutozileyes.tumblr.com/	1
http://www.volkskrant.nl/vk/nl/3184/opinie/article/detail/3362964/2012/12/13/De-spelregels-zijn-veranderd-en-de-hippe-nerd-komt-als-winnaar-uit-de-bus.dhtml	1
http://ow.ly/g4r0P	1
http://economia.estadao.com.br/noticias/economia%2520geral,pib-do-brasil-vai-superar-apenas-o-do-paraguai-entre-sul-americanos,137758,0.htm	1
http://transubstantiate.net/	1
http://ow.ly/fjpAD	1
http://bit.ly/U8Xu4B	1
http://twitter.com/NHTV/status/243359171473469441/photo/1	1
http://www.nu.nl/sport/2911714/drenthe-vindt-emplooi-in-griekenland.html	1
http://ow.ly/gYESu	1
http://inrng.com/2012/10/level-playing-field-doping-myth/	1
http://w.soundcloud.com/player/?url=http%253A%252F%252Fapi.soundcloud.com%252Ftracks%252F57032309&show_artwork=true	1
http://www.ajaxkerstkaart.nl/#/1/Een-hele-mooie-kerst-en-een-sportief-en-gezond-2013	1
http://budurl.com/KeepSafe	1
http://ow.ly/ghMX3	1
http://instagr.am/p/QMx7nhodtl/	1
http://www.onzetaal.nl/nieuws/kromowidjojo-betekent-nette-overwinning	1
http://www.code42.com/careers.html	2
http://www.therepublic.com/view/story/f96710aff5c24ba1a9ddfa55789cfcf0/CA--Neurosurgeons-Banned	1
http://ow.ly/eX4YX	1
http://profielen.hr.nl/2012/het-lelijkste-onderwijswoord/	1
http://bit.ly/Tcxbfr	1
http://www.elsevier.nl/web/1042535/Stijl/Reizen/Wees-wijs-ga-niet-op-wereldreis-1.htm	1
http://ow.ly/fUIpD	1
http://www.nrc.nl/heijne/2012/10/06/slechte-mensen/	1
http://www.scienceguide.nl/201208/hoe-verder,-halbe.aspx	1
http://ow.ly/gp0Oq	1
http://bit.ly/UOA7DL	1
http://ow.ly/eX51y	1
http://ow.ly/eX2UY	1
http://www.parool.nl/parool/nl/11/SPORT/article/detail/3356117/2012/11/30/De-Visscher-weggestuurd-wegens-wildpoepen.dhtml	1
http://ow.ly/ds0VV	1
http://ow.ly/fjqh3	1
http://ow.ly/edQiX	1
http://sport.dejaap.nl/2012/08/23/63055/	1
http://nl.wikipedia.org/wiki/Kapoen	1
http://ow.ly/gCEWN	1
http://nos.nl/os2012/play/13/	1
http://www.nvao.net/vacature_projectmedewerker_internationalisering	1
http://nos.nl/l/447780/t	1
http://www.nu.nl/binnenland/2923204/studenten-dolgelukkig-schrappen-boete.html	1
http://blogs.rtlnieuws.nl/erik-mouthaan/657-republikeinen-en-braaksel-.html	1
http://www.telegraaf.nl/telesport/columns/johan_cruijff/21065757/__Cruijff__Bijna_klaar_bij_Ajax__.html	1
https://twitter.com/TanteRikie/status/225502938804649984/photo/1/large	1
http://ow.ly/ds1G0	1
http://ow.ly/f5PUY	1
http://www.hetamsterdamschevoetbal.nl/dwv-in-zee-met-echteld/	1
http://budurl.com/BYODeweek	1
http://www.scienceguide.nl//201210/oa-pretty-unstoppable-now.aspx	1
http://nos.nl/op3/video/457728-nanofolie-moet-straling-stoppen.html	1
http://www.nu.nl/wetenschap/2972641/groene-thee-maakt-beter-wakker-dan-koffie.html	1
http://ow.ly/eX2U5	1
http://ow.ly/e12s7	1
http://ow.ly/epg6J	1
http://www.onderwijsfilosofie.nl/?page_id=270	1
http://www.forbes.com/sites/adriankingsleyhughes/2012/11/23/crashplan-offers-massive-black-friday-bargains/	1
http://bureaudehelling.nl/blog/de-crisis-binnen-groenlinks-is-vooral-een-mediahype	1
http://ow.ly/e9TJ9	1
http://www.nobelprize.org/	1
http://www.abc57.com/video/NASA-disproves-mayans--182292321.html	1
http://uk.webhosting.rug.nl/wordpress/2011/2012/09/20/dispuut-haalt-tijger-naar-vindicat	1
http://xn--h-8fa.pic.twitter.com/nfPN5nhG	1
http://wp.me/PiB3G-4Yl	1
http://wp.me/piB3G-5Ae	1
http://www.youtube.com/watch?v=eTTvdqfwJ_U	1
http://www.partyshopper.nl/?blauwe-star-trek-shirts-partyshopper-10030859.html&page=list-details&utm_source=googleshop&utm_medium=free&utm_campaign=googleshop	1
http://www.youtube.com/watch?v=8QB52bGFGNs	1
http://ow.ly/eX4aW	1
http://bit.ly/NLRAZu	1
http://hetiskoers.nl/2012/veilig-bankieren/	1
http://www.nrcnext.nl/columnisten/2012/11/01/vrienden-op-facebook/	1
http://ow.ly/e7R2r	1
http://ow.ly/eLNgS	1
http://ow.ly/evszE	1
http://is.gd/g9qLRv	1
http://ow.ly/fjqo2	1
http://www.volkskrant.nl/vk/nl/6177/Malou-van-Hintum/article/detail/3333027/2012/10/17/Les-een-van-de-ontgroening-ontzie-elkaar-en-spuug-op-de-rest.dhtml	1
http://bit.ly/WegjGv	1
http://ow.ly/eUFQq	1
http://www.crashplan.com/helpdesk	1
http://ow.ly/gHpHX	1
http://ow.ly/eiNXp	1
http://sport.dejaap.nl/2012/11/29/brazilie-is-toe-aan-nieuw-sterrendom	1
http://budurl.com/bizcloud	1
http://www.scienceguide.nl/201211/stapelfraude-gaat-iedereen-aan.aspx	1
http://www.scienceguide.nl/201212/boren-naar-de-'nieuwe-olie'.aspx	1
http://bit.ly/X9XxEl	1
http://www.advalvas.vu.nl/nieuws/strenger-toezicht-voor-ziekenhuis-en-universiteit	1
http://www.foliaweb.nl/organisatie/alexander-rinnooy-kan-nieuwe-voorzitter-stichting-folia-civitatis/	1
http://wp.me/piB3G-5Fv	1
http://www.rtl.nl/components/financien/rtlz/redactie/column/vanzadelhoff/2012/articles/het-bord-op-schoot.xml	1
http://www.pvdaamsterdam.nl/oost/2012/10/wat-zou-u-doen-met-6-miljoen/	1
http://www.mdma.ku.dk/	1
http://fb.me/1f9GKB9PA	1
http://ow.ly/eX3fL	1
http://ow.ly/gZDo0	1
http://ow.ly/epdMQ	1
http://bit.ly/QxhNeN	1
http://ow.ly/ejzyo	1
http://bit.ly/VKMNcO	1
http://sargasso.nl/volentekriebels-club-trouw/	1
http://ow.ly/epgiR	1
http://www.hpdetijd.nl/2013-01-21/blue-monday-het-depressieve-broertje-van-valentijnsdag/	1
http://www.hpdetijd.nl/2012-10-25/daley-blind-ajax-danny-blind-champions-league-talent-carriere-frank-de-boer/	2
http://www.youtube.com/watch?v=rNLLl1uhSt4&feature=youtube_gdata_player	1
http://yfrog.com/mmqtbfij	1
http://crashplan.com/switcher	12
http://www.tweedekamer.nl/images/Woordvoerdersschappen_OCW_per_1-10-2012_118-222356.pdf	1
http://www.telegraaf.nl/binnenland/12704501/__Verminkt_door_Groupon-tattoo__.html	1
http://ow.ly/fgAE6	1
http://is.gd/jpW9yh	1
http://sport.thepostonline.nl/2013/01/03/match-fixing-schandaal-aan-vooravond-afrika-cup/	1
http://ow.ly/dsEdV	1
http://www.normaal.nl/downloads/Politiek_betoog_2012.pdf	1
http://www.stuk.tv/news/117/15/Project-X-Haren-Aftermovie	1
http://ow.ly/gg2na	1
http://frontpage.fok.nl/column/567561/1/1/50/kanker-is-geen-cadeau.html	1
http://www.delta.tudelft.nl/artikel/-wij-doen-niet-mee-met-europese-ranking	1
http://www.youtube.com/watch?v=KUDjRZ30SNo&sns=em	1
http://winsupersite.com/cloud/tech-resolutions-consider-2013	1
http://www.scienceguide.nl/201207/strijd-tegen-malaria-te-eenzijdig.aspx	1
http://ow.ly/fMuAQ	1
http://www.vn.nl/Archief/Samenleving/Artikel-Samenleving/De-beste-in-zijn-vak-Carl-Rohde.htm	1
http://www.wiskundemeisjes.nl/20121105/beste-james-cameron-over-kleine-foutjes/	1
http://fb.me/1SlMdU2jZ	1
http://www.scienceguide.nl/201301/rich-parents,-poor-student-results.aspx	1
http://www.voetbalzone.nl/doc.asp?uid=179405	1
http://www.hetamsterdamschevoetbal.nl/trainer-vidal-door-bij-de-meer/	1
http://ow.ly/garmB	1
http://www.powned.tv/nieuws/buitenland/2012/09/belgen_niet_blij_met_nederland.html	1
http://twitter.com/alexieden/status/230256202033033216/photo/1/large	1
http://www.empireonline.com/news/story.asp?NID=34498	1
http://www.youtube.com/watch?v=BmBmteG836M	1
http://www.vi.nl/Speler-van-de-week-1/215533/Edouard-Duplan-snoeshaan-filosoof-en-Ajaxkiller.htm	1
http://budurl.com/BlackFriday2012	2
http://bit.ly/YmiJGD	1
http://ow.ly/gohNx	1
http://inrng.tumblr.com/post/34228853441/pinocchio	2
http://ow.ly/fIE8v	1
http://ow.ly/fIiNq	1
https://voetblah.wordpress.com/2012/08/03/voetbal-is-voor-kameleons/	1
https://crashplan.zendesk.com/entries/432872-native-mac-client#post_21666236	1
http://www.buzzfeed.com/jpmoore/the-14-openly-gay-athletes-of-the-2012-olympics	1
http://www.rtl.nl/components/actueel/rtlnieuws/2012/07_juli/30/opmerkelijk/Weigerbakker_wil_niet_meewerken_aan_homohuwelijk.xml	1
http://tinyurl.com/bg28k9b	1
http://wp.me/piB3G-5sT	1
http://ow.ly/gREka	1
http://ow.ly/e7P3o	1
http://ow.ly/eL8d8	1
http://crashplan.com/mozyonover	1
http://www.trajectum.hu.nl/wetenschapsfraude_niet_altijd_verwerpelijk/	1
http://wetenschap.dejaap.nl/column/zo-kom-je-bovenop-de-twitter-apenrots/	1
http://ow.ly/gu8pl	1
http://voetblah.wordpress.com/2012/09/06/de-roodbroek-brigade-door-vriendschap-verenigd-met-amsterdam/	1
http://ow.ly/gCEQy	1
http://wp.me/piB3G-58P	1
http://ow.ly/dWW1H	1
http://wp.me/piB3G-53q	1
http://fb.me/19DQa8oww	1
http://img.ly/lppz	1
http://ow.ly/edQwW	1
http://www.sciencepalooza.nl/2012/08/helaas-%E2%80%9Csex-sells%E2%80%9D-ook-in-de-wetenschap/	1
http://ow.ly/dWCRE	1
http://karinsmalbil.com/de-lul-van-een-journalist/	1
http://ow.ly/eYORd	1
http://ow.ly/dGyos	1
http://www.theatlantic.com/technology/archive/2012/08/internet-cats-kids-of-1995-star-in-an-oddly-prophetic-psa/261163/	1
http://ow.ly/dvE4W	1
http://crashplan.com/	1
http://www.scienceguide.nl/201210/hekserij-en-corruptie-slopen-afrikaans-voetbal.aspx	1
http://ow.ly/ehW2E	1
http://www.wullenhoven.nl/index.php?id=23	1
http://www.dejaap.nl/2012/09/05/dagvan100-gaat-nederland-redden-met-gewauwel/	1
http://ow.ly/gVTrF	1
http://www.youtube.com/watch?v=bBGqOOBoqm4	1
http://ow.ly/fjZQz	1
http://www.zdnet.com/how-crashplan-cloud-backup-saved-my-bacon-7000003457/	1
http://gawker.com/5930279/internet-declares-olympic-viewers-furiously-masturbating-to-the-dutch-field-hockey-team	1
http://eredivisielive.nl/video/100109-amateurclub-dvva-gaat-dialoog-aan-over-respect-in-de-voetballerij.html	1
http://www.scienceguide.nl/201210/major-boost-for-swedish-research.aspx	1
http://ow.ly/f49i0	1
http://sport.dejaap.nl/2012/09/27/de-tragiek-van-dick-advocaat/	1
http://wp.me/piB3G-5eJ	2
http://www.funnybits.me/2012/10/my-daughter-must-be-so-popular-i-hear-her-phone-vibrating-all-night.html#.UJDzCcWqkTY	1
http://www.spunk.nl/article/5642/britney-fans-quot-kill-hadjar-quot	1
http://www.nu.nl/column-zaterdag/2863903/voorbij-open-access.html	1
http://www.youtube.com/watch?v=K42XJ4e5KdI	1
http://www.cbs.nl/nl-NL/menu/themas/onderwijs/publicaties/publicaties/archief/2012/2012-f162-pub.htm	1
http://ow.ly/fMwjp	1
http://ow.ly/ep5FO	1
http://www.telegraaf.nl/binnenland/21094375/___Nederland_niet_altijd_koud___.html	1
http://fb.me/1SA5ZJBIQ	1
http://www.crashplan.com/medialifespan/	3
http://ow.ly/dvGZl	1
http://bit.ly/Owsg8E	1
http://universiteitvannederland.nl/	1
http://www.scienceguide.nl/201202/geen-master-noord-zuidlijn.aspx	1
http://twitter.com/ScienceGuideEU/status/261478009389850625/photo/1	1
http://www.otumm.com/category/ambassadors/	1
http://www.scienceguide.nl/201211/rutte-stuurt-met-ogen-dicht.aspx	1
http://ow.ly/fp4fO	1
http://www.theglobeandmail.com/sports/olympics/switzerland-soccer-player-faces-expulsion-from-olympics-over-offensive-tweet/article4449022/	1
http://rathenaunl.wordpress.com/2012/07/19/op-naar-de-top-zeker-weten/	1
http://ow.ly/dsDkP	1
http://gundem.milliyet.com.tr/universite-harclari-kaldirildi/gundem/gundemdetay/28.08.2012/1587288/default.htm?ref=OtherNews	1
http://ow.ly/ds3vs	1
http://www.volkskrant.nl/vk/nl/7424/Lowlands/article/detail/3298818/2012/08/09/VVD-haalt-grap-uit-met-Lowlandsdirecteur-en-stuurt-Halbe-Zijlstra-naar-Lowlands.dhtml	1
http://bit.ly/RcxcBq	1
http://www.nu.nl/media/2895799/vara-komt-met-ongebruikelijke-programmas.html	1
http://ow.ly/dLLZu	1
http://voetblah.wordpress.com/2012/10/25/de-vleugelspits-is-dood-lang-leve-de-vleugelspits/	1
http://www.hanze.nl/home/International/Information+For/Partners/International+Events/International+Conference+October+2012/international-conference.htm	1
http://ow.ly/gCEVM	1
http://www.scienceguide.nl//201211/calculations-uk-loan-system-flawed.aspx	1
http://www.fotoleovogelzang.nl/show.php?zoektype=2&search=23-11-2012%20Haarlem,%20In%20den%20Ban%20van%20Abe%20een%20voetbalwedstrijd%20tussen%20voetbalbloggers%20en%20voetbaljournalisten	1
http://www.consent-enschede.nl/index.php?id=846	1
http://ow.ly/gFhFY	1
http://ow.ly/gQ7zD	1
http://ow.ly/eX3ij	1
http://ow.ly/fk47F	1
http://twitpic.com/a9d6si	1
http://lockerz.com/s/229665685	1
http://ow.ly/ebyoW	1
http://ow.ly/fcB6p	1
http://twitgoo.com/69lsbb	1
http://nos.nl/artikel/450374-schoolleiding-opgepakt-voor-fraude.html	1
http://twitter.com/Sjorrr/status/256697843564294144/photo/1	1
http://twitter.com/neypo/status/143721752713895936/photo/1	1
http://www.nytimes.com/2012/07/31/sports/olympics/beach-volleyball-draws-a-curious-response.html	1
http://bit.ly/TvWCaS	1
http://www.scienceguide.nl/201208/snijden-in-hbo-bazen.aspx	1
http://ow.ly/gaReE	1
http://vimeo.com/54526179	1
http://tinyurl.com/cfmp9ms	1
http://www.internetconsultatie.nl/bovenbouwhavovwo	1
http://bit.ly/N6wBvs	1
http://support.crashplan.com/#get_help	1
http://bit.ly/10X3zYe	1
http://ow.ly/fpNnO	1
http://bit.ly/NCbRxF	1
http://ow.ly/frKcU	1
http://ow.ly/g0oUo	1
http://www.parool.nl/parool/nl/4024/AMSTERDAM-CENTRUM/article/detail/3365224/2012/12/18/Jeugdvoetballer-Geinburgia-doet-aangifte-wegens-mishandeling.dhtml	1
http://bit.ly/M6UlEM	1
http://organisatie.groenlinks.nl/node/89291	1
http://www.vice.com/nl/read/wat-het-regeerakkoord-voor-een-18-jarige-student-betekent	1
http://www.destentor.nl/nieuws/algemeen/show/11646587/Frits-Wester-vlak-voor-live-uitzending-bevrijd-uit-lift.ece	1
http://ow.ly/eX23M	1
http://ow.ly/f7Oiq	1
http://ow.ly/fA9Pj	1
http://bit.ly/PedylF	1
http://bit.ly/S0GlxA	1
http://www.scienceguide.nl/201211/brazil,-de-nieuwe-kennispartner.aspx	1
http://ow.ly/fp7IR	1
http://24.media.tumblr.com/tumblr_m62bwpSi291qdlh1io1_250.gif	1
http://ow.ly/exWna	1
http://www.volkskrant.nl/vk/nl/11204/Meindert-Fennema/article/detail/3299222/2012/08/10/Meindert-Fennema-Vindt-u-het-afschieten-van-herten-zielig-U-bent-zeker-Amsterdammer.dhtml	1
http://nblo.gs/F6efF	1
http://www.trouw.nl/tr/nl/5009/Archief/archief/article/detail/2580221/1994/06/29/Vaak-hoorde-ik-in-Belgie-ga-naar-je-Marokakkenland.dhtml	1
http://www.vi.nl/nieuws/231893/Ontbinding-contract-door-wildpoepen-is-pure-lariekoek.htm	2
http://www.knvb.nl/nieuws/25821/campagne-sportiviteit-en-respect-hoe-vaak-piep-jij	1
http://www.volkskrant.nl/vk/nl/3184/opinie/article/detail/3339080/2012/10/29/Waarom-de-LSVb-alvast-een-student-minder-hoeft-te-vertegenwoordigen.dhtml	1
http://www.foliaweb.nl/wetenschap/piratenpartij-	1
http://ow.ly/g7eZ2	1
http://www.scienceguide.nl/201212/de-jong-(hu)-opvolger-bussemaker.aspx	1
http://ow.ly/g2PTM	1
http://ow.ly/eX525	1
https://www.crashplan.com/carboniteswitcher/	1
http://ow.ly/g0Lwt	1
http://www.bnr.nl/column/bessems/502551-1208/column-kustaw-bessems-spontaan-en-ongedwongen#	1
http://vimeo.com/48237094	1
http://on.fb.me/Sr5od2	1
http://rtvnoord.nl/home/home.asp	1
http://ow.ly/eFAET	1
https://www.crashplan.com/bigsale/	1
http://www.foreignpolicy.com/articles/2012/04/23/sex_and_the_single_mullah	1
http://budurl.com/MacTech2012	1
http://bit.ly/NLLeJ2	1
http://ow.ly/gPD84	1
http://voetblah.wordpress.com/2012/09/27/in-den-ban-van-abe-update/	2
http://ow.ly/etStK	1
http://youtu.be/W-n-bKZngHo	1
http://www.insidehighered.com/news/2013/01/14/study-finds-increased-parental-support-college-results-lower-grades	1
http://aol.it/VT9ok9	1
http://securityblog.verizonbusiness.com/2013/01/14/case-study-pro-active-log-review-might-be-a-good-idea/	1
http://www.scienceguide.nl//201208/wie-doet-wat-voor-kennis.aspx	1
http://www.hpdetijd.nl/2012-12-18/dit-zijn-de-kersthits-van-2012/	1
http://www.dejaap.nl/2012/08/23/lowlands-2012-een-politiek-correct-festival/	1
http://ow.ly/dvTYT	1
http://ow.ly/gNCq3	1
http://www.scienceguide.nl//201211/braziliaanse-kansen-voor-topsectoren.aspx	1
http://www.voetblah.nl	1
http://goo.gl/fb/br2kz	1
http://shar.es/h5eKJ	2
http://ow.ly/f0Kpw	1
http://bit.ly/SjHOKj	1
http://turkije.blog.nl/studerenschool/2012/08/29/universiteit-is-nu-gratis-in-turkije	1
http://www.reuters.com/news/pictures/slideshow?articleId=USRTR33OC8#a=6	1
http://ow.ly/fEthA	1
http://instagram.com/p/R7ZdNKO0DI/?fb_action_ids=162950280517202	1
http://www.advalvas.vu.nl/nieuws/hoogleraar-bezuinigingsverhaal-ongeloofwaardig	1
http://debuitenlandredactie.nl/2012/12/brazilie-correspondent-katy-sherriff-er-zijn-genoeg-verhalen-zonder-nederlandse-link-die-absoluut-aandacht-verdienen/	1
http://ow.ly/dRl5E	1
http://www.telegraaf.nl/binnenland/12889769/___HVA-studenten_krijgen_sticker___.html?cid=rss	1
http://www.dejaap.nl/2012/08/09/gestopt-met-twitter-een-date/	1
http://www.voetbalzone.nl/doc.asp?uid=178458	1
http://www.advalvas.vu.nl/nieuws/veel-jonge-turken-zien-geen-toekomst-nederland	1
http://yfrog.com/hs9zmkp	1
http://tinyurl.com/atz8p5u	1
http://www.scienceguide.nl/201210/verdeeld-veld-voor-bussemaker.aspx	1
http://ow.ly/eQBvF	1
http://www.volkskrant.nl/vk/nl/3184/opinie/article/detail/3371823/2013/01/04/Het-hoorcollege-is-een-inspiratie-voor-student-en-docent.dhtml	1
http://voetblah.wordpress.com/2012/12/31/het-jaar-van-abe-clarence-wamberto-en-michel/	1
http://ow.ly/ds2vD	1
http://wp.me/piB3G-4Y7	2
http://11870.com/pro/restaurante-el-cocinillas	1
http://budurl.com/ForumCP	1
http://www.voetbal.nl	1
http://www.dejaap.nl/column/het-vrije-woord-zelf-is-een-heilig-woord-geworden-met-pim-en-theo-als-beschermengelen/	1
http://bit.ly/NlbHI1	1
http://ow.ly/dwtaX	1
http://ow.ly/eHAkL	1
http://www.foliaweb.nl/studenten/samen-in-stilte-schrijven-tijdens-eerste-shut-up-write	1
http://budurl.com/travelwithcp	1
http://wp.me/piB3G-4YG	2
http://bit.ly/S4hVin	1
http://ow.ly/fhAMP	1
http://ow.ly/gmu9C	1
http://www.barackobama.com/live	1
http://ow.ly/e7R8n	1
http://www.youtube.com/watch?v=ljR5tPbATkg	1
http://forum.fok.nl/topic/189638/1/350	1
http://www.scienceguide.nl/201208/awt-sociale-innovatie-op-europese-agenda.aspx	2
http://bit.ly/U8D7rv	1
http://ow.ly/fAHtb	1
http://ow.ly/gmtQB	1
http://csis.org/files/publication/101014_GlobalAgingIndex_DL_Jackson_LR.pdf	1
http://www.haren.nl/projectx/veelgestelde-vragen_42063/	1
http://www.rtl.nl/components/financien/rtlz/nieuws/2012/45/zorgplan-van-tafel.xml	1
http://www.nrcnext.nl/columnisten/2012/10/24/boekpromotie/	1
http://ow.ly/eqm06	1
http://www.foliaweb.nl/organisatie/krasnapolsky-lijkt-vrijuit-te-gaan-in-steak-tartare-gate/	1
http://img.ly/mKBY	1
http://yfrog.com/oect4cngj	1
http://ow.ly/eybjW	1
http://www.foliaweb.nl/studenten/student-neerlandistiek-vermist/	1
http://budurl.com/backupbattle	2
http://ow.ly/eX2N4	1
http://www.volkskrant.nl/vk/nl/7247/Olympische-Spelen/article/detail/3292024/2012/07/26/Dit-zijn-de-Nederlandse-kanshebbers-op-goud.dhtml	1
http://budurl.com/WSJcp	2
http://www.scienceguide.nl/201212/studeren-over-de-grens,-en-daarna.aspx	1
http://ow.ly/fGWYi	1
http://www.scienceguide.nl/201207/de-juiste-kant-op.aspx	1
