Indenbanvanabe	1
CPB	3
infographic	5
vindikleuk	1
ERC	1
onderwijswoorden	1
nobelprijs	1
sr12	1
langstudeerboete	44
BritneyArmy	1
onderzoek	1
winwin	1
voetbalgeweld	3
wielrennen	1
hiervallendemussenaldoodvanhetdak	1
NISSI	1
Flexiheat	1
RTLdebatHP	1
mayas	1
Trots	1
boelbijelkaarhouden	1
onderwijs	7
ajaman	1
highereducation	1
twitterlijst	1
GL	1
wikiwijs	1
SantaClara	1
aegon	2
hvnl	1
vacature	2
tdf12	1
eva	1
Amarantis	1
agovv	1
OER	1
obesitas	1
Windesheim	1
Sandy	1
gijzeling	3
3jaar	1
NieuwAmsterdam	1
DVVA13	6
welezenzetochniet	1
Langstudeerboete	1
haat	1
halalwoning	1
HermanvdZandt	1
Gro	1
BlackFriday2012	1
ScienceGuide	1
portugees	1
SURF_cloud	1
verrassing	1
LL12	2
WHAM	1
xavigate	1
Oktoberfest	1
drakenbal	1
BigBird	1
mariodiks	2
paard	1
Comingoutday	2
BloodElf	1
hetkansnelgaan	1
UvA	1
nsfail	1
hanze	4
hbo	1
dagvandeleraar	1
LanceArmstrong	1
itgwo12	2
kraanwater	1
doodstraf	1
weird	1
laatmaar	1
koffiewins	1
easyjet	1
harryganzenboom	1
snrd12	7
kroonprins	1
stemwijzer	1
streetart	1
win	1
lulkoek	1
YOLO	5
zlatan	1
EU	3
FF	10
feyenoord	1
CTO	1
SMB	1
DOT	1
VUmc	1
positivo	1
sweater	1
SRIE13	2
schiphol	2
uglybelgianhouses	1
BYOD	1
nodig	1
langstudeerder	1
vk	2
scary	1
ovkaart	1
Brazilië	2
appel	1
filosofenbiechtenop	1
verkiezingen	1
spoedwet	1
tochgeensjeikinsittard	1
account	1
judo	1
CloudComputing	1
NowHiring	2
SP	3
fortunasittard	1
firstworldproblems	1
Traveling	1
Sciencewithoutborders	1
Sneijder	2
staatssecretaris	2
bluemonday	1
stukjeverantwoordelijkheid	2
deadweight	1
iPhone5	1
vanvelzen	1
zwartecross	2
OAweekNL	2
KNVB	2
DPK	1
BAH	1
Afrojack	1
teamlinda	1
psvzwo	1
JeannetteDoornenbal	1
Fulham	1
comedy	1
hoger	1
stapel	1
AGOVV	1
CrashplanUsersAreEarlyAdopters	1
Hanzehogeschool	1
Syria	1
Brazilie	1
Apple	1
accreditatie	1
Romney	1
zwembadincident	1
NOS	2
waarblijftdieberg	1
eenheidsworst	1
PartijvandeToekomst	1
zoefdehaas	1
uvt	1
godwinwoensdag	1
hiring	2
ComingOutDay	1
Vonk	1
uva	2
penw	3
nostalgie	1
FollowFriday	1
startrek	1
winning	2
bijnahetzelfde	1
bummer	1
NOGEENKEER	1
rabo	1
paardrijden	1
Ronaldo	1
wereldgoal	1
westerkerk	1
NHOC2012	1
BramNuytinck	1
allebeetjeshelpen	1
GameofThrones	2
foursquaretweet	1
jipenjanneketaal	1
Holleeder	4
decentralisatie	1
bultrug	1
sociaalleenstelsel	7
eigengeldeerst	1
itgwo	1
dataloss	1
NIMBY	2
ideetje	1
OCW	1
troll	1
Rotterdam	1
afgekeurdekabinetsmottos	1
allerkleinste	2
research	1
kerstkaart	1
JAMF	1
Carbonite	4
internetexplorer	1
amsterdamtelevisiestad	1
BMX	2
hashtagoverdaad	1
VK	2
WOW	1
scienceguide	1
free	4
borrel	1
ajax	1
giveaway	6
aziz	1
cynisme	1
debalie	1
bormans	1
mtc2012	1
sporzatour	1
schnappi	1
vergetenintevullen	1
epke	1
rtldebat	8
evans	1
studentenhuisvesting	1
WVzat1	1
geweld	1
ios6	1
PVV	2
GroenLinks	10
watkiestNL	1
achpsv	1
rokendeserver	1
storm	1
wilders	1
kekkeschoenen	1
hetoogwilookwat	1
Success	1
sl	1
DVVA14	1
publicenemy	1
prometheus	1
1miljard	2
intothegreatwideopen	2
Backup	7
HBOkennisbank	1
EUR	1
vanderven	1
KvdB	1
OS2012	10
AJAmci	1
hooligans	1
bauer	1
cloudbackup	1
Obama	1
dtv	46
beker	1
badumtsj	1
VSNUCafe	1
onskentons	1
sintmaarten	1
BeloHorizonte	1
holymotors	1
PenW	8
neologismevandedag	1
PvdA	2
watkiestnl	1
karpers	1
BlackFriday	39
online	1
os12	1
OnlineBackup	3
thrilled	1
Linux	1
koffie	1
Robwin	1
HBOdiscours	1
apocalyps	1
levenlangleren	1
U	1
USCdebat	1
bzv	1
mobile	1
fijneplaat	1
sale	3
os2012	7
Infographic	1
levensvragen	1
raar	1
wow	2
paniektweet	1
DeMart	1
cda	1
gifjes	1
kortenoeven	1
rtl	1
PeerReach	1
DLWO	1
radio	1
regeerakkoord	7
Samsom	1
diebergkomterniet	1
Regenschade	1
NobelPrize	6
Highered	1
geelzwarteklussers	1
TUDelft	1
Free	1
miljoenennota	1
mediastudies	1
mannenkift	1
dwdd	1
weesperstraat	1
schuttin	1
Breivik	1
Opstelten	1
Tattooe	1
edu12	1
positief	1
framing	1
Speldwijzer	1
wantdatiswelschooneneerlijk	1
held	2
desastreus	1
Minneapolis	1
Ogararu	1
vandermeyde	1
waarmoetdatheen	1
stufi	1
bah	1
EnergyAcademy	1
bedankjeleraar	2
bizar	1
heefey	1
kennisvoordestad	1
fails	1
Inholland	1
ademnood	1
jeanettedoornebal	1
DickAdvocaat	1
bier	1
opzwart	1
groenlinks	1
knaw	1
PO	1
LSVb	1
Top2000	1
fittie	1
wk	1
ajamci	1
job	3
scheidsrechters	1
joh	1
taalkronkel	1
CRUIJFF	1
UniUtrecht	1
tk2012	6
watchtower	1
missionbrazil	34
ComputerSecurity	1
kersthits	1
weekers	1
JAMFNation	1
tour	1
PSY	1
Backups	2
NHOC12	1
PSV	1
uscdebat	2
sjeikinsittard	1
hva	1
langstudeerdersmaatregel	1
FISH	1
dejaren90	1
Nobel	1
vettax	1
salaris	1
OS12	2
bureaucratie	1
jeverantwoordelijkheid	1
crashplan	1
koninklijkhui	1
openaccess	1
armstrong	1
Students	1
OSX	1
campagneleider	1
johannes	1
Ajax	2
GangnamStyle	1
DG	1
katten	1
learningcurve	1
uruzganexpress	1
Rouveen	1
Diever	1
leondewinter	1
correctantwoord	1
Herfstakkoord	2
napoleon	1
italiaansvoetbal	1
top2000	4
CDA	2
lancegate	1
integriteit	1
Volkskrant	1
Dance	1
comingoutday	1
Tegenlicht	1
ippon	1
lingo	1
jeckyllandmrhyde	1
langstud	1
DATBOEITGEENENEPIEMEL	1
lenteakkoord	2
missionbr	2
gerspardoel	1
ineenlandwaar	1
020zuid	1
wildpoepen	2
beleidsadviseur	1
CloudExpo	1
tumblrvandedag	1
makkie	1
samsom	1
gelukzoeker	1
kabel	1
indenbanvanabe	19
jeanclaudevandamme	1
Oranje	2
MobCon	3
student	1
Physics	1
kekkeblouse	1
woordenvandedag	1
Saxion	1
Pownews	1
boogschieten	4
contador	1
prosinecki	1
durftevragen	5
zeezoogdierenprotocol	1
DePijp	1
cameo	1
sabbatical	1
LanceMeningen	1
kennisdebat	3
Lombard	1
zinin	1
bijbel	1
Americanway	1
bullshit	1
blackfriday	1
VVD	2
persgroep	1
hbokennisbank	1
rabobank	3
nagevraagd	1
maya	1
ABNAMRO	1
zigeunernacht	1
vangaal	1
groenethee	1
Verdaas	1
NVAO	1
projectx	4
RvT	1
D66	1
psv	1
ajarea	3
Hack	1
OV	1
Java	1
deal	1
Griekenland	1
yolo	9
MoYan	1
Hillsborough	2
bruggenslaan	1
nosjournaal	1
ProjectX	1
doping	1
gezichtsverlies	1
CrashPlan	3
wiggins	1
scholarships	1
onlinebackup	65
fox	2
nlkiest	1
HvA	1
hipster	2
cloud	1
saai	1
TechTip	1
epic	1
murdoch	3
nosdebat	4
gerco	1
HBOraad	2
vanbontourwinnaar	1
steaktartaregate	1
dvdd12	1
toUtrechtandbeyond	1
hfchaarlem	1
tdf	1
Lucius	1
taboe	1
discount	1
bolt	1
aanvoerder	2
reïncarnatie	1
Chemistry	1
CyberMonday	6
manmanman	8
VSNUcafe	1
Havelte	1
o	1
slayer	1
studiovoetbal	1
AU	1
taalnieuws	1
backup	59
kelvinmackenzie	1
DWDD	3
vlaamsfriethuis	1
matchfixing	1
grensrechter	1
geenblancocheque	1
braungart	1
dejaap	2
daarkomtherogoedmeeweg	1
voornamen	2
ercgrant	1
wetenschapismoeilijk	1
half8live	2
detijdisnietdanECHTnietmeer	1
tennis	1
zorgpremie	1
BigData	1
higgsvoorhipsters	1
overnamegeruchten	1
Castaignos	1
haren	2
wezijnerbijna	1
DIES	1
analyse	1
1vdv	6
pietveldhuizen	1
SURFsara	5
BringItOn	3
oranje	1
kk	1
politie	1
NHTVbal	1
Southpark	1
finaid	1
tekneawards	2
litmanen	1
verdeelheers	1
hilarisch	1
samenvatting	1
denkendaanholland	1
Rabobank	1
hysterie	1
Quote	1
tip	1
matching	1
gijzelaar	1
corpsdating	1
hoogsteboom	1
snob2000	1
nice	1
almelo	1
Zijlstra	1
Hanze	1
voetbalvaders	1
gruwel	1
koninklijkhuis	1
dvvascores	1
restore	1
wambertotour	3
bieropleiding	1
voetbal	1
andriesjonker	1
Bettini	1
fitna	1
rickvanderven	1
leukesite	1
FML	1
lift	1
Cloud	2
Horizon2020	1
schaamnaam	1
