https://malatesta32.wordpress.com/2012/10/15/what-a-weekend-or-not/	1
http://twitpic.com/azeb4z	2
http://twitpic.com/bgfq23	1
http://twitpic.com/b4rfo1	1
http://twitpic.com/bl1ifs	2
http://twitpic.com/b7cfj4	1
http://bbc.in/TNmzlj	1
http://twitpic.com/b89obh	1
http://shar.es/Gfwqs	1
http://twitpic.com/bb11xi	1
http://twitpic.com/avcegr	1
http://twitpic.com/bpxz0v	1
http://twitpic.com/b7tuji	1
http://shar.es/4CkOP	1
http://twitpic.com/b9nr3v	1
http://twitpic.com/bb6dfr	1
http://shar.es/cLdFS	1
http://twitpic.com/bhu3mr	1
http://youtu.be/-L1HlLSB0BI	1
http://twitpic.com/azu9i2	1
http://twitpic.com/b9pmy0	1
http://twitpic.com/bissa7	1
http://twitpic.com/e/2f8w	3
http://twitpic.com/b7k0hb	1
http://www.edlnews.co.uk/index.php/latest-news/latest-news/830-jeff-marsh-sounds-death-knell-for-the-edl	1
http://www.hopenothate.org.uk/blog/article/2393/infidel-leader-on-firearms-charge	1
http://bit.ly/NmsW0W	1
http://twitpic.com/bisztf	1
http://youtu.be/m-H0uIH5HHQ	1
http://www.youtube.com/watch?v=-jRUMa6d5w8&feature=youtu.be	1
http://bit.ly/Vxc3B9	1
http://twitpic.com/bhlcnk	1
https://twitpic.com/photos/IvorNakerov	2
http://twitpic.com/bdi1ws	2
http://twitpic.com/biov6h	1
http://twitpic.com/bapnlh	1
http://kevincarroll.org/why-the-bedfordshire-police-contest-is-a-two-horse-race/	1
http://blogs.lse.ac.uk/politicsandpolicy/2012/10/17/when-is-a-kettle-not-a-kettle-when-it-is-on-slow-boil/	2
http://twitpic.com/bkzk2g	1
http://fb.me/10LrAg6Eg	1
http://twitpic.com/bi5mtq	1
http://twitpic.com/bo6vh5	1
http://twitpic.com/aw4hhg	1
http://shar.es/GeTSI	1
http://twitpic.com/b7mdt1	1
http://twitpic.com/atked6	1
http://twitpic.com/boxarz	1
http://www.walthamforest.gov.uk/Pages/Campaigns/united-may.aspx	1
http://twitpic.com/b70cxj	1
http://www.landoverbaptist.net/showthread.php?p=945518	1
http://youtu.be/NJ6kJ7GWtv0	1
http://fb.me/1DlLlBMVx	1
http://twitpic.com/bmb9ah	1
http://twitpic.com/bokm2e	1
http://twitpic.com/b2emrm	1
http://www.humanism.org.uk/news/view/1117	1
http://twitpic.com/aqtt5o	2
http://twitpic.com/bikcle	1
http://twitpic.com/az2ase	1
http://twitter.yfrog.com/1xkjmijahvqtqafevggkxkvsz	1
http://twitpic.com/b70is7	1
http://youtu.be/aIrhVo1WA78	1
http://bbc.in/XsBbgn	1
http://www.facebook.com/slatedl/posts/173223349468078?refid=18&ref=m_notif&notif_t=group_activity&_ft_=src.24%3Asty.308%3Aactrs.100004069277280%3Apub_time.1355433956%3Afbid.516037341753246%3As_obj.4%3As_edge.1%3As_prnt.11%3Aft_story_name.StreamStoryGroupMallPost%3Aobject_id.305445489479100%3Aobject_timeline_token_map.Array	1
http://www.liveleak.com/view?i=616_1349396207	2
http://youtu.be/psuATA6pbuA	1
http://twitpic.com/babl8u	1
http://www.pressgazette.co.uk/vice-magazine-celebrates-10-years-uk-news-more-interesting-frivolity	1
http://twitpic.com/b7blgi	2
http://fb.me/wGXpsnOa	1
http://bbc.in/ORepZA	1
http://twitpic.com/b7v6t7	1
http://thenorthernmonkeymedia.wordpress.com/2013/01/01/search-for-the-truth-charlene-downes/	1
http://twitpic.com/bm41d8	5
http://shar.es/6vZ2s	1
http://twitpic.com/bvj17w	1
http://www.youtube.com/watch?v=bqi73ExXbnc&feature=youtu.be	1
http://twitpic.com/bqv7uv	2
http://twitpic.com/axc9f4	1
http://www.independent.co.uk/news/uk/crime/joint-leader-of-english-defence-league-kevin-carroll-arrested-on-suspicion-of-race-hate-crime-8451082.html	1
http://fb.me/2gfjt2i5n	1
http://twitpic.com/b5ufdg	1
http://twitpic.com/be2m6n	1
http://www.loonwatch.com/2012/11/david-yerushalmi-pamela-gellers-anti-democracy-lawyer-sion-senior-member-exposed-the-facts/	1
http://twitpic.com/bn66wt	1
http://bit.ly/ToLkDU	1
http://twitpic.com/b0ecdd	1
http://www.andycarrington.co.uk/forum/4527791928	1
http://www.youtube.com/watch?v=UHkqs-atEhA&sns=tw	1
http://planningpa.shropshire.gov.uk/online-applications/applicationDetails.do?activeTab=documents&keyVal=MDJMBSTDF0000	1
http://twitpic.com/bejd3k	1
http://twitpic.com/b7ww72	1
http://www.demotix.com/news/1678558/norwegian-defence-league-ndl-rally-oslo/all-media	1
http://twitpic.com/bjo08s	1
http://twitpic.com/b5jvdb	1
http://twitpic.com/apk9us	1
http://twitpic.com/bih74n	1
http://britishfreedom.org	1
http://bit.ly/Sl0jAm	1
http://twitpic.com/av0e7v	1
http://shar.es/hWTSC	1
http://www.socialistworker.co.uk/art.php?id=29771	1
http://twitpic.com/bs3fvv	1
http://twitpic.com/bolpnk	1
http://wp.me/p2bifl-l9	1
http://bit.ly/UBXpbr	1
http://twitpic.com/bp9t2r	1
http://twitpic.com/at8pic	1
http://twitpic.com/bn1td5	1
http://www.itv.com/news/central/update/2012-10-16/comfortable-night-for-malala-in-birmingham-hospital/	2
http://twitpic.com/bso164	1
http://twitpic.com/bmvd14	1
http://shar.es/4Hndd	1
http://twitpic.com/bi64rv	1
http://twitpic.com/bovzlq	1
http://casualsunitednortheast.wordpress.com/	1
http://www.bedfordshire-news.co.uk/News/Carroll-claims-skulduggery-saw-him-arrested-with-EDL-members-02112012.htm	1
http://twitpic.com/bqv0vi	2
http://www.dailystar.co.uk/posts/view/273491/Nut-warns-of-UK-hate-massacre-/	1
http://www.edlnews.co.uk/index.php/latest-news/latest-news/891-home-office-ban-edl-from-walthamstow?COLLCC=2784467017&	1
http://fb.me/FOULsNrA	1
http://twitpic.com/bc5pg0	1
http://m.blackpoolgazette.co.uk/news/local-news/latest-news/laughing-all-the-way-to-the-funeral-1-415543	1
http://www.arrse.co.uk/waltenkommando/189749-cxf-combined-forces%3Dwalts.html	4
http://twitpic.com/bfqe94	1
http://twitpic.com/bc3p2n	1
http://twitpic.com/b278d2	1
http://twitpic.com/bktxqg	1
http://postcodegazette.com/news/9002598482/rotherham-demonstrations-take-place--'without-significant-disorder'-AT-rotherham-rotherham-town-hall/	1
http://shar.es/cvLeG	1
https://www.facebook.com/matt.hickman.921/posts/516047868427365	1
http://www.facebook.com/TheAntiFaschista	1
http://lancasteruaf.blogspot.co.uk/2011/10/ginas-nazi-pals.html?m=1	2
http://www.facebook.com/RipEdl?notif_t=page_new_likes	1
http://support.apple.com/kb/DL1576	1
https://www.facebook.com/colin.cooper.9678?sk=wall	1
http://twitpic.com/aubm74	2
http://twitpic.com/ax7xxd	1
http://twitpic.com/b5yi75	1
http://youtu.be/oO_Ckg5ott8	1
http://twitpic.com/bsslg3	2
http://twitpic.com/b0eejg	1
http://twitpic.com/bm8w6q	1
http://twitpic.com/bt0th5	1
http://news.sky.com/story/987227/anti-muslim-adverts-to-run-in-new-york-subway	1
http://www.facebook.com/events/279069658865150/	1
http://twitpic.com/bc3lz8	1
http://twitpic.com/bdu6am	1
http://www.dailymail.co.uk/home/article-2058830/Clarifications-corrections.html	1
http://www.schnews.org.uk/stories/FAILED-THREATS/	1
http://youtu.be/jnkttgnV7Xw?a	1
http://twitpic.com/br06ou	1
http://twitpic.com/bhl0hp	1
http://twitpic.com/b58u5z	1
http://www.guardian-series.co.uk/news/wfnews/10003337.WALTHAMSTOW__EDL__will_still_hold_protest__despite_ban_threat/?ref=twtrec	1
http://youtu.be/zQxTAC09V0k	1
http://twitpic.com/btatg4	1
http://twitpic.com/buc0as	1
http://bbc.in/Q4qazJ	1
http://www.hopenothate.org.uk/blog/article/2361/big-day-for-little-minds	1
http://youtu.be/-Ia5NseXM60	1
http://www.blackpoolgazette.co.uk/news/local-news/latest-news/charlene-detective-cleared-1-5232639#.UM9-6-YlWeg.twitter	1
http://www.thenorthernecho.co.uk/news/9931281.South_West_Durham_men_with_links_to_English_Defence_League_fined_over_racist_chants_after_Middlesbrough_game/	1
http://twitpic.com/bqtrnq	1
http://shar.es/52dZm	1
http://www.edp24.co.uk:80/news/poll_you_re_not_welcome_church_leaders_message_to_english_defence_league_ahead_of_planned_norwich_march_1_1657123	1
http://www.edlnews.co.uk/index.php/featured-stories/derek-fender-corner/827-the-drunks-of-the-sdl-dundee-division	1
http://www.thenorthernecho.co.uk/news/10084350.Two_arrests_following_English_Defence_League_protest_over_Muslim_education_centre/?ref=twtrec	1
http://twitpic.com/b4dsnp	1
http://twitpic.com/b3r4xo	2
http://bit.ly/Y6kdjZ	1
http://twitpic.com/bqwzsm	1
http://youtu.be/A--QNGKy6og	1
http://twitpic.com/bqrd8y	1
http://www.youtube.com/watch?v=OrGMc-mHeF4&feature=related	1
http://twitpic.com/b595cd	1
http://twitpic.com/ar1eb2	1
http://www.cambridge-news.co.uk/News/Plans-to-deal-with-protest-21122012.htm	1
http://blogpreston.co.uk/2012/10/the-end-of-the-jazz-bar-in-preston/	1
https://twitpic.com/blf0e0	1
http://www.examiner.co.uk/news/local-west-yorkshire-news/2012/10/09/facebook-poster-who-said-all-soldiers-should-die-sentenced-to-community-service-86081-31997566/3/#ixzz28ntUOAGz	1
http://youtu.be/a8Uzikag7Xo	1
http://kevincarroll.org	1
http://twitpic.com/bcd9wr	1
http://www.timeanddate.com/countdown/generic?iso=20130307T00&p0=136&msg=Tommy%27s+release	1
http://twitpic.com/b9z4l5	1
http://twitpic.com/auakuz	1
http://twitpic.com/botiko	1
http://youtu.be/w1Db4zxIVgY	1
http://twitpic.com/bc1aer	1
http://twitpic.com/bunwdt	1
https://www.facebook.com/events/385533964870423/	2
http://twitpic.com/b92zgw	1
http://twitpic.com/b3qv21	1
http://twitpic.com/b0ck5v	1
http://twitpic.com/bd7wzf	1
http://twitpic.com/bq6vsc	1
http://www.westyorkshire.police.uk/news/gang-jailed-following-disorder-kirklees	1
http://www.wptv.com/dpp/news/world/nakoula-basseley-nakoula-sam-bacile-filmmaker-quizzed-by-feds-after-linked-to-anti-islam-video	1
http://www.indymedia.org.uk/en/2012/09/500126.html	1
http://twitpic.com/bkux5r	1
http://shar.es/57t9D	1
http://twitpic.com/btcivv	1
http://twitpic.com/bmw7nm	1
http://twitpic.com/b7uy9s	1
http://youtu.be/0E70BwA7xgU	1
http://www.independent.co.uk/news/uk/politics/police-investigate-griffin-after-bnp-leader-reveals-gay-couples-address-8217211.html	1
https://apps.facebook.com/tripwow/ta-02fc-c260-0559?fcc=1	1
http://www.hopenothate.org.uk/blog/article/2220/tommy-robinson-quits-british-freedom#.UHa-gBzjS_B.twitter	1
http://www.liverpoolecho.co.uk/liverpool-news/local-news/2012/04/18/norway-mass-murderer-anders-breivik-emailed-national-front-s-liverpool-mayor-candidate-peter-tierney-with-his-manifesto-100252-30782486/2/#.UKT_PB-3aIw.twitter	1
http://www.sparksunderland.com/featured/2012/10/sunderland-anti-fascist-coalition-hit-out-at-the-english-defence-league/	1
http://twitpic.com/azfgo0	1
http://twitpic.com/b4i4qj	1
http://twitpic.com/auvt54	1
http://twitpic.com/biozwc	1
http://twitpic.com/azuo8i	1
http://twitpic.com/aw9dpd	1
http://twitpic.com/bucj0b	1
http://fb.me/1FgC8hRP7	1
http://dangerousminds.net/comments/rivers_of_dickheads_the_rise_and_fall_of_tommy_robinson	1
http://www.hopenothate.org.uk/blog/article/2296/time-to-ask-geller-some-tough-questions#.UJJvZq6frds.twitter	1
http://twitpic.com/bixibv	1
http://twitpic.com/b474hd	1
http://twitpic.com/brm73y	1
http://youtu.be/D5Eig_y3rBw	1
http://www.guardian-series.co.uk/news/9975808.WALTHAMSTOW__Police_will_not_apply_for_EDL_march_ban/?ref=twtrec	1
http://www.thenorthernecho.co.uk/news/9971730.Arrests_as_trouble_flares_at_gathering/?ref=twtrec	1
http://twitpic.com/ar4vr4	1
http://twitpic.com/b5ae4h	1
http://www.peterboroughtoday.co.uk/news/local/court-race-hate-attack-was-made-up-by-victim-1-4627600#.UN3XacodeFo.twitter	1
http://www.thisiscroydontoday.co.uk/Racial-abuser-forgiven-pupils/story-11363936-detail/story.html	1
http://pics.lockerz.com/s/251452404	1
http://www.thestar.co.uk/news/local/counting-cost-of-edl-march-1-5032466#.UH5fROhQ2A4.twitter	1
http://twitpic.com/azgi9r	2
http://twitpic.com/b1zwzo	1
http://twitpic.com/boszke	1
http://i.imgur.com/6mi0q.png	1
http://youtu.be/UzwaeC1JA7I?a	1
http://www.sadtrombone.com	2
http://twitpic.com/bdfl8p	2
http://bit.ly/RZe0GF	1
http://charliestoney.wordpress.com/2012/09/12/tommy-robinson-returns-from-un-peace-conference-in-new-york-edl-evf-mfe-uba-911/	1
http://twitpic.com/b2sn8y	1
http://twitpic.com/bcbepf	1
http://www.leics.police.uk/news-appeals/news/2012/12/28/three-arrested-in-thurnby-lodge-religious-incident-investigation?utm_source=dlvr.it&utm_medium=facebook#.UN2llOb3YL5.twitter	1
http://www.asianimage.co.uk/news/10163362.Bradford_group_is_locked_up_for_violence_after_EDL_Cleckheaton_march/?ref=twtrec	1
http://twitpic.com/bamv7k	1
http://youtu.be/PaSxaAf-gkA	1
http://twitpic.com/b7uevd	1
http://soc.li/O5fuYrQ	1
http://lockerz.com/s/274549210	1
http://youtu.be/UzwaeC1JA7I	1
http://twitpic.com/aumn5i	1
http://twitpic.com/bkf76y	1
http://twitpic.com/bler1j	1
https://twitpic.com/blf38m	1
http://twitpic.com/b9gis4	1
http://twitpic.com/b86tkj	1
http://twitpic.com/bhvn9i	1
http://twitpic.com/b7r2g3	1
http://www.facebook.com/DEBATEUNPLUGGED/posts/487215097967944?comment_id=5749720&notif_t=like&refid=18&ref=m_notif&_ft_=src.24%3Asty.308%3Aactrs.100003750007448%3Apub_time.1355416048%3Afbid.515862365104077%3As_obj.4%3As_edge.1%3As_prnt.11%3Aft_story_name.StreamStoryGroupMallPost%3Aobject_id.305445489479100%3Aobject_timeline_token_map.Array	1
http://www.englishdefenceleague.org/	1
http://wp.me/p2awqS-cCGx	1
http://twitpic.com/bsemu9	1
http://i.imgur.com/4DWLL.png	1
http://www.edlnews.co.uk/index.php/latest-news/latest-news	1
http://twitpic.com/bac1tl	1
http://shar.es/cO4G4	1
https://twitpic.com/bler1j	1
http://twitpic.com/bpjg1b	1
http://shar.es/5Di5p	1
http://twitpic.com/bcjgv1	1
http://twitpic.com/bq3khc	1
http://twitpic.com/b47gf3	1
http://loudwire.com/the-darkness-talk-reunion-upcoming-album-hot-cakes-more/	1
http://edlnews.co.uk/index.php/featured-stories/derek-fender-corner/956-dirty-bobby-donavan-and-his-candid-camera?COLLCC=420720210&	1
http://twitpic.com/bc0jzs	1
http://youtu.be/3NmQ3IN7EWE	1
http://twitpic.com/b5yzoc	2
http://www.hopenothate.org.uk/blog/article/2286/cxf-bunch-of-hypocrites#.UI0iCY3bZ4U.twitter	1
http://twitpic.com/bm56ln	1
https://twitter.com/knighttemplar_/status/283604940784533505	1
http://fb.me/2niwf9laB	1
http://twitpic.com/bq8ijj	1
http://shar.es/5iBj2	1
http://gu.com/p/3b8jh/tw	1
http://bbc.in/VbbMCs	1
http://britishfreedom.org/survey-reveals-edl-support-base-is-potentially-7-million-strong/	1
http://twitpic.com/b7r1ox	1
http://www.debbidoo.com/chinwag/index.php/2012/10/viz-top-tips-facebook-english-defence-league/	1
http://bit.ly/OQtckS	1
http://fb.me/1P90BhBu8	1
http://twitpic.com/bvqh0s	1
http://twitpic.com/bnp7xl	1
http://www.liveleak.com/view?i=c67_1349041036	1
http://edlnews.co.uk/index.php/latest-news/latest-news/873-edl-turn-their-poison-on-14-year-old-anti-taliban-activist-malala-yousafzai?COLLCC=3966816979&COLLCC=2447883048&	1
http://www.socialistunity.com/swp-conference-transcript-disputes-committee-report/	1
http://twitpic.com/bqiz1a	1
http://www.edlnews.co.uk/index.php/featured-stories/derek-fender-corner/838-lacette-brooks-incites-attack-on-manchester-s-festival-of-love	1
http://twitpic.com/b7szhu	1
http://twitpic.com/bb78kq	1
http://shar.es/cEWIm	1
http://twitpic.com/bfslci	1
http://twitpic.com/bc1zsx	1
http://twitpic.com/bm8sn4	2
http://wakefield5townsbnp.blogspot.co.uk/2012/12/leeds-day-uaf-met-their-match.html?m=1	1
http://www.hopenothate.org.uk/blog/article/2203/griffins-fenian-problems	2
http://twitpic.com/bu8j4j	1
http://twitpic.com/bsdd79	1
http://twitpic.com/as0cyz	1
http://twitpic.com/b6sffl	2
http://twitpic.com/ashsgn	1
http://bit.ly/TwlJKG	1
http://twitpic.com/bh256u	1
http://www.dailymail.co.uk/news/article-2059914/Remembrance-Day-2011-Muslims-Against-Crusades-banned-Home-Secretary.html	1
http://youtu.be/-5-GD8YeObE	1
http://twitpic.com/b8vmhl	1
http://youtu.be/yYiHcX-Tv_Q?a	1
http://www.edlnews.co.uk/index.php?option=com_content&view=article&id=813&catid=15&Itemid=186	1
http://twitpic.com/bby8ui	1
http://www.facebook.com/JusticeForTheEdl?ref=m_notif&refid=17&notif_t=group_activity&_ft_=src.24%3Asty.308%3Aactrs.100003750007448%3Apub_time.1347035539%3Afbid.474370679253246%3As_obj.4%3As_edge.1%3As_prnt.11%3Aft_story_name.StreamStoryGroupMallPost%3Aobject_id.305445489479100%3Aobject_timeline_token_map.Array	1
http://www.lutontoday.co.uk/news/local/edl-police-candidate-arrested-reports-1-4394697#.UIQ0ldd5KEw.twitter	1
http://muslamicrayguns.wordpress.com/2013/01/06/edlnews-fail-illegally-this-time-casualsunited-edl-prisonersletters-tommyrobinson/	1
http://twitpic.com/ay5pvv	1
http://twitpic.com/b5xy10	1
http://www.guardian-series.co.uk/news/wfnews/10011601.WALTHAMSTOW__Campaigners_gather_to_celebrate__victory__over_EDL/?ref=twtrec	1
http://shar.es/5XzLk	1
http://www.hopenothate.org.uk/news/article/2455/bnps-griffin-incites-mob-demo-over-gay-right-victory#.UIA-xNVrt30.twitter	1
http://twitpic.com/bdu8ua	1
http://www.birminghammail.net/news/top-stories/2012/10/02/edl-walsall-protest-arrests-rise-to-30-as-police-say-are-powerless-97319-31948008/#ixzz289QS6gDx	1
http://youtu.be/F7TTQiXQxWg	1
http://twitpic.com/bir2hy	1
http://youtu.be/bnNbLCOhuTY	2
http://youtu.be/TOJzPXzcF_g	3
http://twitpic.com/b48205	1
http://twitpic.com/bd6wgx	1
http://twitpic.com/b3tlf5	1
http://www.edp24.co.uk/news/live_blog_first_ever_english_defence_league_protest_in_norwich_1_1688505	1
http://thenmnetwork.wordpress.com/2012/10/19/would-you-leave-a-gay-couple-to-babysit-your-child-vote-now/	1
http://twitpic.com/bqs2hr	1
http://twitpic.com/b8v8ec	1
http://twitpic.com/b07zmb	1
http://twitpic.com/b8fg8l	1
http://twitpic.com/av08ku	2
http://www.hopenothate.org.uk/blog/article/2214/same-old-faces-at-anti-islam-demo#.UHG1KTpQSTk.twitter	1
http://lockerz.com/s/272225970	1
http://bbc.in/UCxh0O	1
https://twitter.com/nationalist_uk/status/284793736729333760	1
https://www.gov.uk/government/speeches/why-we-must-continue-to-tackle-far-right-extremism-head-on	1
http://m.facebook.com/events/482507955105412/	1
http://www.eastlondonadvertiser.co.uk:80/news/muslims_in_east_end_hold_xmas_party_for_their_christian_neighbours_1_1748173	1
http://twitpic.com/bom16t	1
http://twitpic.com/bc3nj4	2
http://www.facebook.com/englishdiscolovers?fref=ts	1
http://twitpic.com/bolzs0	1
http://www.thejc.com/news/uk-news/88114/former-edl-jewish-leader-claims-islamic-centre-could-lead-attacks	1
http://shar.es/6xTX2	1
http://bit.ly/UPWSop	1
http://youtu.be/BYP9NmEJ-UU	2
http://shar.es/cAzBF	1
http://shar.es/GsOjs	1
http://twitpic.com/b1616l	1
http://bit.ly/qtH7vB	1
http://twitpic.com/bc3q49	2
http://pics.lockerz.com/s/252741282	1
http://shar.es/6Xf2T	1
http://twitpic.com/bsr2vt	1
http://twitpic.com/b0icfb	1
http://www.youtube.com/watch?v=A--QNGKy6og	1
http://shar.es/5PaPI	1
http://twitpic.com/b3qfc7	1
http://www.thestar.co.uk/news/local/hate-marches-cost-town-1m-1-5075217#.UJbO107FUFE.twitter	1
http://twitpic.com/b3tpk8	1
http://twitpic.com/avwgy8	1
http://twitpic.com/atwdgo	2
http://twitpic.com/bnzwh3	2
http://www.thestar.co.uk/news/local/three-arrested-in-rotherham-edl-march-1-5023755	1
http://twitpic.com/bc3u24	1
http://twitpic.com/aqh3v9	1
http://stormcloudsuk.wordpress.com/2012/09/29/police-are-unable-to-control-a-400-strong-muslim-mob-in-walsall-so-they-turn-on-edl/	1
http://twitpic.com/arhuhi	2
http://twitpic.com/bc082k	1
http://twitpic.com/8rnknr	1
http://englishdefenceleague.org/edl-news-2/1815-a-statement-from-kev-caroll	2
http://www.hopenothate.org.uk/blog/article/2298/tables-turn-on-redwatch-hatemonger-targeted#.UJMWDksnOY4.twitter	1
http://fb.me/JeJJbq6X	1
http://twitpic.com/br9j8e	1
https://soundcloud.com/ruthlessdb/fucktheedl	1
http://edlnews.co.uk/index.php/latest-news/latest-news/844-walthamstow-ii-griffin-takes-another-swipe-at-tommy	1
http://shar.es/hO7DM	1
http://twitpic.com/bd73gr	1
http://twitpic.com/bthghe	2
http://twitpic.com/bnzkh1	1
http://twitpic.com/bakcgz	1
http://twitpic.com/b8uw7h	1
http://twitpic.com/b6bncz	1
http://wp.me/p2GTBo-K	1
http://twitpic.com/bsbvbn	1
http://twitpic.com/aw9gnn	1
http://shar.es/GiN9C	1
http://twitpic.com/bp6w7y	1
http://twitpic.com/ayacko	1
http://4ef725cb-0987-4bac-9911-5e359d7cc981.conduitapps.com/	1
http://twitpic.com/b64yos	1
http://twitpic.com/awdfj2	1
http://bbc.in/11uEPIA	1
http://twitpic.com/bolmt8	1
http://youtu.be/Edj4XOX_kU8?a	2
http://twitpic.com/auazla	1
http://on.fb.me/12Gih6S	1
http://twitpic.com/bqucfj	1
http://twitpic.com/b5wopc	1
http://twitpic.com/b6j0ho	1
http://twitpic.com/bklro7	1
http://twitpic.com/bmrauy	2
http://i.imgur.com/DnWjs.png	1
http://www.jihadwatch.org/2012/07/the-leftist-islamic-alliance-against-freedom-of-speech.html	1
http://shar.es/uO4mR	1
http://twitpic.com/bg12yb	1
http://shar.es/utTb1	1
http://shar.es/cGuuU	1
http://boingboing.net/2012/10/10/uk-website-taken-down-by-spuri.html	1
http://www.loonwatch.com/2012/10/edl-turn-their-poison-on-14-year-old-anti-taliban-activist-malala-yousafzai/	2
http://twitpic.com/bl1jxm	1
http://twitvid.com/662XF	1
http://twitpic.com/bjmuin	1
http://twitpic.com/b8rrwu	1
http://j.mp/UcwHJ0	1
http://twitpic.com/ar0xzf	1
http://twitpic.com/bmsuwn	1
http://twitpic.com/bh05hu	1
http://twitpic.com/b5b8zp	1
http://bit.ly/SyqSE4	1
http://hackfuse.blogspot.co.uk/2012/09/edl-tommys-desperate-comeback-attempt.html	1
http://twitpic.com/bmkiaj	1
http://twitpic.com/azv3r8	1
http://twitpic.com/bpm3dd	1
http://www.independent.co.uk/news/uk/crime/farright-vacuum-could-trigger-lonewolf-attacks-8432890.html	1
http://twitpic.com/awc310	2
http://www.huffingtonpost.co.uk/2012/09/24/edl-and-religious-groups-_n_1909171.html	1
http://twitpic.com/bezs2o	1
http://youtu.be/Lycn5IDEwK4	2
http://www.vice.com/en_uk/read/tommy-robinson-had-a-nightmare-weekend	1
http://www.rhr-na.org/chooselove	1
http://twitpic.com/bruov0	1
http://twitpic.com/bbxt8a	1
http://fb.me/1RvrxQoMS	1
http://fb.me/11hqjsszd	1
http://youtu.be/z09zgKiaXh0	1
http://englishdefenceleague.org/edl-news-2/1837-another-charge-or-two	1
http://twitpic.com/bbrgsu	1
http://youtu.be/cwYJzpRUXuY	1
http://twitpic.com/b45der	1
http://Wonga.Com	1
http://twitpic.com/aqc3md	2
http://edlnews.co.uk/index.php/latest-news/latest-news/880-edl-millwall-division-leader-outed-as-a-nazi	1
http://www.youtube.com/watch?v=UxFToKm97c4&feature=player_detailpage#t=73s	1
http://twitpic.com/blxkey	3
http://twitpic.com/ar02t2	1
http://twitpic.com/b1av9l	1
http://youtu.be/QPjhHn05vik	1
http://twitpic.com/b7w3sk	1
http://twitpic.com/b2n7ya	1
http://twitpic.com/bg99uv	1
http://shar.es/6jE9i	1
http://twitpic.com/bolm4p	1
http://twitpic.com/bss8ne	1
http://twitpic.com/b2toli	1
http://twitpic.com/b5iit2	1
http://twitpic.com/bmaa2y	1
http://twitpic.com/e/1fnr	1
http://twitpic.com/e/1fnp	1
http://twitpic.com/b0r2lq	1
http://twitpic.com/bl1gt0	1
http://www.hopenothate.org.uk/blog/article/2176/edl-man-laughs-at-police-deaths#.UFk0piqPX5Q.twitter	1
http://fb.me/2eFeXMvyl	1
http://twitpic.com/b91i8n	1
https://www.facebook.com/NewDailyPatriot/posts/431233183614357	1
http://twitpic.com/brlm0x	1
http://twitpic.com/bsc3oj	2
http://bbc.in/XU59aK	1
http://twitpic.com/bhm4zk	1
http://barthsnotes.com/2012/10/30/pamela-geller-and-robert-spencer-raise-funds-for-edl-leaders-legal-defence/	1
http://casualsunited.wordpress.com/2013/01/01/morrisons-supermarket-go-halal-edl-casualsunited/	1
http://twitpic.com/avr89k	1
http://twitpic.com/bm6jyb	2
http://twitpic.com/bq7r3n	1
http://www.youtube.com/watch?v=r-GiMYc49Yc&feature=youtu.be	1
http://shar.es/cOZuh	1
http://twitpic.com/bmjo50	1
http://twitpic.com/bi8d49	1
http://twitpic.com/b641nf	1
http://fb.me/1qU1kA6hJ	1
http://twitpic.com/be2pw5	1
http://www.facebook.com/photo.php?v=106780492819621	1
http://m.epworthbells.co.uk/news/isle-news/three-arrests-made-at-demonstrations-1-5082247#.UJP7J1N0yew.twitter	1
http://instagr.am/p/RSROFRky7t/	1
http://twitpic.com/ata2o1	1
http://twitpic.com/boc5be	2
http://twitpic.com/b9qmoy	1
http://malatesta32.wordpress.com/2012/09/30/edl-die-in-walsall/	1
http://twitpic.com/bs3alh	1
http://www.vice.com/en_uk/read/edl-in-walthamstow-english-defence-league	1
http://twitpic.com/bq40xk	2
http://twitpic.com/bn49vs	1
http://bbc.in/VylQpa	1
http://twitpic.com/e/2ihp	1
http://twitpic.com/azei6s	1
http://Twitpic.com/e/1fnr	1
http://shar.es/GnWfU	1
http://twitpic.com/bix16b	1
http://www.hopenothate.org.uk/blog/article/2232/the-idiot-arrives	1
http://twitpic.com/aswgre	1
http://www.edlnews.co.uk/index.php/latest-news/latest-news/823-the-lies-tommy-robinsons	1
http://casualsunited.wordpress.com/2012/11/24/march-for-england-st-georges-day-march-2013-edl-mfe-uaf/	1
http://twitpic.com/armaa1	1
http://youtu.be/U9hLi3Q4ttE	1
http://twitpic.com/bs4uwr	1
http://shar.es/6nWtI	1
http://twitpic.com/b7ch75	2
http://twitpic.com/be0efg	1
http://www.youtube.com/watch?v=oxHJH4aX3Rw	2
http://twitpic.com/b8sok7	1
http://twitpic.com/aqhx5s	1
http://twitpic.com/bij1gu	1
http://www.facebook.com/greggsthebakers	1
http://northwestallianceblog.wordpress.com/2012/09/02/we-do-know-the-difference/	1
http://www.hopenothate.org.uk/blog/article/2336/toy-town-terrorists-exposebnp-man	1
http://twitpic.com/bq6ivv	3
http://www.liveleak.com/view?i=91c_1350740355	1
http://bit.ly/Zf23RX	1
http://www.anti-fascists-online.com/silly-season-is-upon-us-once-again/?utm_source=rss&utm_medium=rss&utm_campaign=silly-season-is-upon-us-once-again	1
http://twitpic.com/bqecnl	1
http://twitpic.com/azfqtn	1
http://twitpic.com/blpuk5	1
http://twitpic.com/bnanmc	1
http://twitpic.com/aykpjr	1
http://www.facebook.com/events/436598253070336/	1
http://twitpic.com/azichx	1
http://twitpic.com/bj5b32	2
http://malatesta32.wordpress.com/2012/09/17/890/	1
http://twitpic.com/bn4tsj	1
http://twitpic.com/bolaea	1
http://www.independent.co.uk/news/uk/politics/ranks-of-the-socialist-workers-party-are-split-over-handling-of-rape-allegation-8448429.html	1
http://m.guardian.co.uk/uk/2012/sep/01/far-right-support-anders-breivik	1
http://twitpic.com/b9g9c3	1
http://twitpic.com/bscaff	1
http://twitpic.com/bfeeiq	1
http://twitpic.com/azxol5	1
http://i.imgur.com/dusgc.png	1
http://twitpic.com/b97aos	1
http://i.imgur.com/CZro7.png	1
http://twitpic.com/btaura	1
http://www.avaaz.org/en/uganda_stop_gay_death_law/	2
http://twitpic.com/bnetiq	1
http://edlnews.co.uk/index.php/latest-news/latest-news/768-charlene-downes-casuals-united-in-cover-up-according-to-edl?COLLCC=3366972407&	1
http://twitpic.com/bo89sd	2
http://twitpic.com/awpbm3	1
http://twitpic.com/bdu5db	1
http://www.bbc.co.uk/news/world-us-canada-20233064	1
http://www.edlnews.co.uk/index.php/latest-news/latest-news/826-tony-curtis-forced-out-of-edl	1
http://www.thisisexeter.co.uk/Man-launched-drunken-attack-Exeter-mosque/story-17210666-detail/story.html	1
http://twitpic.com/bod0g0	2
http://twitpic.com/at8xqn	1
http://www.bbc.co.uk/news/uk-20709523	1
http://twitpic.com/bt20qy	1
http://twitpic.com/avziri	1
https://maps.google.com/maps?source=mog&gl=us#bmb=1	1
http://twitpic.com/b8tond	1
http://twitpic.com/atceaw	2
http://twitpic.com/avr5oz	1
http://twitpic.com/bh9bey	1
http://www.liveleak.com/view?i=a51_1349079001&comments=1#comments	1
http://twitpic.com/bfcqdo	1
https://twitpic.com/bleupc	1
http://soc.li/aXDrfKD	1
http://shar.es/6C65Z	1
http://twitpic.com/aw84lv	1
http://britishfreedom.org/yet-another-arrogant-display-of-contempt-for-our-history-and-culture/?fb_comment_id=fbc_465763576797839_82452131_465767583464105#f23882452c	1
http://backdoorbroadcasting.net/2012/09/a-special-relationship-of-hate-50-years-of-the-anglo-american-far-right/	1
http://twitpic.com/ba09wb	1
http://www.hopenothate.org.uk/news/article/1979/ginas-nazi-pals	1
http://www.thisisbristol.co.uk/EDL-leader-arrested-connection-graffiti-attacks/story-17362146-detail/story.html	1
http://www.causes.com/profiles/18001601	1
http://twitpic.com/bancbd	2
http://twitpic.com/bostep	1
http://www.schnews.org.uk/stories/ALL-RIOT-ON-THE-WESTMINSTER-FRONT	1
http://twitpic.com/asuwvf	1
http://shar.es/u8B9U	1
http://twitpic.com/bc3l4m	1
http://youtu.be/h-CbqwK7v2s	1
http://twitpic.com/bma8eq	1
http://edlnews.co.uk/index.php/latest-news/latest-news/846-kevin-caroll-s-election-campaign-farce	1
http://twitpic.com/b3twpf	1
http://www.cyberwarnews.info/2012/11/11/english-defence-league-hacked-defaced-by-zhc/	1
http://twitpic.com/aylxvj	1
http://twitpic.com/b513tv	2
http://www.edlnews.co.uk/index.php/latest-news/latest-news/929-edl-out-one-of-their-own-to-redwatch?COLLCC=1557722766&	1
http://www.edlnews.co.uk/index.php/featured-stories/derek-fender-corner/828-the-big-fight-kim-gandy-vs-claire-khaw	1
http://twitpic.com/bs1lv6	1
http://shar.es/4tHto	1
http://twitpic.com/b7mlbw	1
http://twitpic.com/bojmcu	1
https://twitpic.com/bleuyc	1
http://twitpic.com/bmkjxh	1
http://www.facebook.com/events/384687048263300/387978864600785/?notif_t=plan_mall_activity	1
http://twitpic.com/bayxp2	1
http://twitpic.com/azkb9d	1
https://twitter.com/EDLNewsXtra/status/274227678649909249	1
http://twitpic.com/bpjthi	1
http://shar.es/uUJl6	1
http://www.channel4.com/news/broadmoor-savile-was-a-lunatic-in-charge-of-the-asylum	1
http://twitpic.com/bqtutm	1
http://yfrog.com/es953aij	1
http://twitpic.com/bl9lt2	2
http://twitpic.com/bnb7px	2
http://www.digitaljournal.com/article/337526	1
http://youtu.be/lmyceldRb8U	1
http://twitpic.com/bql2m2	1
http://twitpic.com/bpax3s	1
http://twitpic.com/bhm39d	1
http://twitpic.com/b9gbb6	1
http://www.andycarrington.co.uk/antifa	1
http://bbc.in/109ZemS	1
http://youtu.be/MQlJ3vOp6nI	1
http://www.youtube.com/watch?v=BYP9NmEJ-UU&feature=youtu.be	1
http://twitpic.com/asxebh	1
http://twitpic.com/araqk8	1
http://twitpic.com/brscn3	1
http://twitpic.com/b4fe03	1
http://www.thedailymash.co.uk/news/society/immigration-down-as-foreigners-finally-do-some-research-2012113051289	1
http://twitpic.com/bg1bhd	1
http://twitpic.com/bh9lqw	1
http://twitpic.com/b1o8ri	1
http://twitpic.com/btk2i4	1
http://twitpic.com/b87s5c	1
http://telly.com/H2XGI	1
http://twitpic.com/bmkgxm	1
http://kevincarroll.org/kevin-carroll-an-historic-result/	1
http://shar.es/hSNUk	1
http://www.youtube.com/watch?v=6oMxQuz5jQY&feature=youtube_gdata_player	1
http://twitpic.com/b6mobr	2
http://shar.es/GkyMu	1
http://twitpic.com/arg69w	1
http://fb.me/1rc6Rb3x7	1
http://twitpic.com/axbvhh	1
http://tribune.com.pk/story/446289/keeping-it-real-how-british-muslims-responded-to-the-sacrilegious-film/	1
http://twitpic.com/bnvg59	1
http://twitpic.com/bnmd1e	1
http://twitpic.com/bnjnuk	1
http://i.imgur.com/4PnZO.png	1
http://twitpic.com/b7udpo	1
http://twitpic.com/bjdb4v	1
https://twitpic.com/blex6k	1
http://norwich.tab.co.uk/2012/11/05/both-english-defence-league-and-counter-protesters-to-march-on-city-hall/	1
http://twitpic.com/arp4nj	1
http://twitpic.com/azuh71	1
http://twitpic.com/b3uyjq	1
http://www.rnw.nl/english/bulletin/liberals-lead-dutch-election-a-knife-edge-exit-polls	1
http://edlreview.blogspot.com/2012/09/edl-and-bfp-youtube-spam-tactic-exposed.html?spref=tw	1
http://twitpic.com/aukku3	3
http://twitpic.com/b6iww6	1
http://shar.es/cAdsi	1
http://twitpic.com/bthdge	1
http://twitpic.com/brizim	1
http://twitpic.com/bhbuy9	1
http://twitpic.com/b7tzcf	1
http://twitpic.com/b6s5gt	1
http://twitpic.com/bpnate	2
http://twitpic.com/bcuhem	1
http://www.nspcc.org.uk/news-and-views/our-news/child-protection-news/13-01-11-yewtree-report/yewtree-report-pdf_wdf93652.pdf	1
http://twitpic.com/brs9d2	1
http://www.edlnews.co.uk/index.php?option=com_content&view=article&id=814&catid=16&Itemid=240	1
http://twitpic.com/b1x8dx	1
http://twitpic.com/b8ama5	1
http://twitpic.com/bcjfwi	1
http://www.youtube.com/watch?v=SB2tYYYlwMc	1
http://twitpic.com/b9z2dm	1
http://twitpic.com/bhfyb7	2
http://twitpic.com/ba9z2a	1
http://shar.es/cwofi	1
http://twitpic.com/bvilff	1
http://twitpic.com/b7sw63	1
http://twitpic.com/aylz8i	1
http://twitpic.com/av19o7	2
http://youtu.be/qkCQx4sG-uY	1
http://twitpic.com/azeflp	1
http://twitpic.com/3nhck7/full	1
http://twitpic.com/bn51yw	1
http://mondoweiss.net/2012/10/pamela-gellers-911-gathering-features-speaker-calling-for-islam-to-be-wiped-out.html	1
http://twitpic.com/bnlqkc	1
http://twitpic.com/bl9bw8	5
http://twitpic.com/b9f9cy	1
http://twitpic.com/bjagvj	1
http://twitpic.com/b695ti	1
http://shar.es/G2rWU	1
http://twitpic.com/bldtp5	1
http://www.bbc.co.uk/news/world-us-canada-20730717	1
http://twitpic.com/brm8ee	1
http://twitpic.com/bk9g9b	1
http://twitpic.com/bb10wf	1
http://twitpic.com/asw5dp	1
http://www.hrw.org/news/2009/03/25/israel-white-phosphorus-use-evidence-war-crimes	1
http://twitpic.com/b3r4rk	1
http://twitpic.com/bbrje9	1
http://twitpic.com/bd6zdy	1
http://www.bbc.co.uk/news/technology-20579728	1
http://fb.me/1ySSKsGLm	1
http://www.liveleak.com/view?i=0ce_1351109749	1
http://twitpic.com/asigsu	1
http://en.wikipedia.org/wiki/Racial_and_Religious_Hatred_Act_2006	1
http://hopenothate.org.uk/blog/article/2206/dewsbury-edl-caught-out-again	1
http://twitpic.com/bmqx25	1
http://www.hopenothate.org.uk/blog/article/2290/the-hypocrisy-of-a-racist	1
http://www.smh.com.au/world/bornagain-christian-says-he-killed-abortion-doctor-to-save-lives-20100129-n2pl.html	1
http://twitpic.com/b4okpq	3
http://twitpic.com/aqhzyi	1
http://en.wikipedia.org/wiki/Alistair_McAlpine,_Baron_McAlpine_of_West_Green	1
http://bbc.in/OLsaLA	1
http://twitpic.com/bc1dfr	1
http://wessexsolidarity.wordpress.com/2012/12/01/edl-fail-to-sneak-into-bournemouth-unnoticed/	1
http://twitpic.com/bq8e06	1
http://twitpic.com/bd3n35	1
http://www.guardian-series.co.uk/news/wfnews/9906196.WALTHAMSTOW__Arrests_on_both_sides_at_far_right_march_and_counter_demonstration/?ref=twtrec	1
http://twitpic.com/azk7ro	1
http://twitpic.com/b6zo7m	1
http://radiozerobrighton.podomatic.com/entry/2012-11-29T01_59_03-08_00	1
http://twitpic.com/b6v3j5	1
http://www.spiked-online.com/site/article/13036/	1
http://LiveLeak.com	1
http://www.itv.com/news/update/2013-01-07/edl-leader-stephen-lennon-jailed-for-10-months/	1
http://twitpic.com/b6kjpk	2
http://twitpic.com/aukbhm	2
http://twitpic.com/b10zim	1
http://twitpic.com/bikhic	1
http://i.imgur.com/huvMx.png	1
http://twitpic.com/b2mpb6	1
http://www.hopenothate.org.uk/blog/article/2270/edl-thugs-planning-norwich-attack-tonight#.UIfu2pVsWIk.twitter	1
http://bitly.com/SoeyDS	1
http://www.youtube.com/watch?v=VjxY7xmhJ6o	1
http://fb.me/16BNnVlb6	1
http://www.hopenothate.org.uk/blog/article/2236/edl-violence-never-too-far-away	1
http://shar.es/GCIFX	1
http://www.youtube.com/watch?v=bROq__SbUH8&feature=player_detailpage#t=31s	1
http://fb.me/1m1DnK9h9	1
http://twitpic.com/b3ttm7	1
http://www.guardian-series.co.uk/news/10011601.WALTHAMSTOW__Campaigners_celebrate__victory__over_EDL/?ref=twtrec	1
http://twitpic.com/bqrgk5	1
http://shar.es/GCKAh	1
https://twitpic.com/bleu7b	1
http://twitpic.com/b2y8tq	1
http://www.bbc.co.uk/news/uk-england-stoke-staffordshire-16098897	1
http://weallshrug.blogspot.co.uk/2012/11/edl-comedy-gold.html?m=1	1
http://yfrog.com/kefycvfj	1
http://twitpic.com/b95azt	1
http://action.hopenothate.org.uk/page/s/nick-griffin-crime	2
http://www.bedfordtoday.co.uk/news/local/video-reaction-from-unsuccessful-pcc-candidates-1-4495674#.UKZ7TLYWsWU.twitter	1
http://twitpic.com/b71ed0	1
http://twitpic.com/aupe5b	1
http://twitpic.com/b4evth	2
http://bit.ly/WvQhwM	1
http://www.sthelensstar.co.uk/news/10033825.Poppy_ban_claims_baffle_store_staff/?ref=twtrec	1
http://fb.me/1xryYvcyo	1
http://www.youtube.com/watch?v=W804TI8B9Zo	1
http://twitpic.com/bsumq3	2
http://youtu.be/EaEH262gyVo?a	1
http://twitpic.com/e/1fmo	1
http://twitpic.com/b69far	1
http://twitpic.com/arc9m9	1
http://twitpic.com/azgd68	1
http://twitpic.com/b5qmb3	1
http://twitpic.com/b8ewnv	1
http://bbc.in/RovpXT	1
http://twitpic.com/bsqz80	1
http://twitpic.com/b685j9	1
http://twitpic.com/bj3048	1
http://twitpic.com/avqp5f	1
http://bbc.in/TDB9y7	1
http://shar.es/Gh2V6	1
http://twitpic.com/bth2bd	1
http://pics.lockerz.com/u/20772682/photos/250158294/oh_dear_oh_dear_mr_lennon_you_do_make_a_	1
http://twitpic.com/b7u2s7	1
http://twitpic.com/bsqtaq	1
http://tellmamauk.blogspot.co.uk/2012/09/english-defence-league-arrange-viewing.html	1
http://twitpic.com/aqflls	1
http://twitpic.com/axwjtp	1
http://shar.es/clib4	2
http://twitpic.com/auvwqq	1
https://twitter.com/jamesdevine9/status/263388720177242112	1
http://twitpic.com/9dpu6r	1
http://www.hopenothate.org.uk/blog/article/2272/dewsbury-edl-have-a-plan	1
http://twitpic.com/b69ygo	2
http://twitpic.com/bnanaq	2
http://twitpic.com/blizws	1
http://twitpic.com/botsjy	2
http://www.youtube.com/watch?v=dGt21q1AjuI&feature=youtube_gdata_player	1
http://twitpic.com/bnpzo9	1
http://twitpic.com/buc0de	1
http://shar.es/52GwH	1
http://www.independent.co.uk/news/uk/crime/meet-the-men-who-want-to-run-our-police-8215744.html	1
http://twitpic.com/btk3yi	1
http://www.hopenothate.org.uk/blog/article/2168/edl-leader-threatens-to-broadcast-anti-muslim-film	1
http://twitpic.com/bfeeq4	1
http://twitpic.com/biipfs	1
http://faith-matters.org/component/content/article/44-news/281-joint-statement-by-the-board-of-deputies-of-british-jews-a-faith-matters	1
http://i.imgur.com/1WsgI.png	1
http://twitpic.com/b0eklc	1
http://www.jihadwatch.org/2011/08/why-anders-breivik-was-not-and-could-not-have-been-radicalized-by-robert-spencer-or-pamela-geller.html	2
http://twitpic.com/bcn7c8	1
http://shar.es/ckQ8e	1
http://twitpic.com/arhwih	2
http://menmedia.co.uk/manchestereveningnews/news/s/1597323_manchester-on-alert-for-unrest-as-english-defence-league-plans-huge-demo	1
http://twitpic.com/bdnvd8	1
http://twitpic.com/bq8gtx	1
http://twitpic.com/bm41e5	2
http://youtu.be/FFc1nfBT9DY	1
http://twitpic.com/bedlf7	1
http://theriskyshift.com/2012/11/a-rough-week-for-the-english-defence-league/	1
http://twitpic.com/bolypr	1
http://www.guardian.co.uk/uk/2013/jan/07/edl-leader-jailed-passport-us?mobile-redirect=false	1
http://www.facebook.com/video/video.php?v=278149165626983&notif_t=video_processed&refid=17	1
http://lockerz.com/s/273399462	1
http://alexanderjones2011.tumblr.com/post/5813679521/how-to-speak-edl	1
http://youtu.be/b1by9Z5hTn8	1
http://edlnews.co.uk/index.php/featured-stories/derek-fender-corner/863-daz-lumb-surrenders-to-the-establishment	1
http://twitpic.com/bu3aa9	1
http://simonbennettexposed.blogspot.co.uk/2011/09/michael-wood-party-web-designer-and.html?m=1	1
http://action.hopenothate.org.uk/page/s/malala-yousafzai	1
http://www.blottr.com/breaking-news/anti-jihad-subway-adverts-defaced-new-york	1
http://twitpic.com/b7s7s0	1
https://twitpic.com/blev72	1
http://barthsnotes.com/2012/09/15/edl-uses-express-and-mail-to-highlight-christian-complaints-at-sion-conference/	1
http://atlasshrugs2000.typepad.com/atlas_shrugs/2013/01/political-imprisonment-in-the-uk-edl-leader-tommy-robinson-jailed-for-10-months.html	1
https://twitter.com/sunexiles/status/245893278090797056	1
http://twitpic.com/bih15j	1
http://www.hopenothate.org.uk/blog/article/2178/is-it-pay-day-already	1
http://www.hopenothate.org.uk/blog/article/2288/edl-gives-thanks-to-nazi-eddie	1
http://www.ollymartins.org	1
http://www.bedfordshire-news.co.uk/News/EDL-leader-among-six-hit-with-fraud-charges-20121128112451.htm	1
http://twitpic.com/bm8xrs	1
http://www.juicefm.com/news/local/two-men-shot-on-bonfire-night/	1
http://edlnews.co.uk/index.php/latest-news/latest-news/861-british-freedom-party-demand-muslims-stop-praying-at-westminster-abbey	1
http://twitpic.com/bq7sc6	1
http://twitpic.com/btcgga	1
http://bbc.in/SRjQGo	1
http://twitpic.com/bc2631	1
http://twitpic.com/bqe40g	1
http://twitpic.com/b0id6g	1
http://www.asianimage.co.uk/news/9923751._We_will_not_be_intimidated_by_these_racist_thugs_/?ref=twtrec	1
http://www.itv.com/news/story/2012-10-09/malala-yousufzai/	1
http://www.blottr.com/breaking-news/casuals-united-announce-alliance-national-front	1
http://mirr.im/W1PB2k	1
http://twitpic.com/blnmi3	1
http://m.thestar.co.uk/news/colin-drury-edl-are-marching-to-a-different-tune-1-5010315	1
http://www.vice.com/en_uk/read/the-slow-painful-death-of-the-edl	1
http://twitpic.com/b7p6v6	2
http://fb.me/17eREzKb1	1
http://shar.es/4rTpu	1
http://twitpic.com/bqh3b2	2
http://www.youtube.com/watch?v=_kTWPXKIw9k&feature=relmfu	1
http://twitpic.com/btcqto	1
http://twitpic.com/b85nca	1
http://twitpic.com/btr5pb	1
http://twitpic.com/aqg986	1
http://twitpic.com/b8w06t	1
http://bit.ly/TXsZ0B	1
http://bbc.in/Sczqxn	1
http://twitpic.com/bb0nbr	1
http://www.nytimes.com/1988/10/25/movies/police-suspect-arson-in-fire-at-paris-theater.html	1
http://twitpic.com/bqrjci	1
http://twitpic.com/bb794q	1
http://twitpic.com/bghufa	1
http://youtu.be/ZC42BvUGEhQ	1
http://www.lutontoday.co.uk/news/local/edl-police-candidate-arrested-reports-1-4394697#.UIQz1WSgwFI.twitter	1
http://youtu.be/KJVSFW8mOZA	1
http://edlnews.co.uk/index.php/latest-news/latest-news/873-edl-turn-their-poison-on-14-year-old-anti-taliban-activist-malala-yousafzai?COLLCC=1482936470&COLLCC=2447883048&	1
http://www.matthewchattle.com/	1
http://www.itv.com/news/london/update/2012-10-27/pictures-edl-demonstration/	1
http://twitpic.com/be2pgx	1
http://twitpic.com/b683km	1
http://twitpic.com/awjusx	1
http://twitpic.com/ayhruf	1
http://instagr.am/p/QSMkO3wAqZ/	1
http://www.itv.com/news/calendar/update/2012-10-13/3-arrests-at-edl-demo/	1
http://www.eveningnews24.co.uk:80/news/norwich_reverend_whose_council_ban_sparked_edl_protest_denies_links_to_right_wing_group_1_1539649	1
http://www.eveningnews24.co.uk:80/news/clarification_of_english_defence_league_article_1_1701886	1
http://shar.es/6zjK4	1
http://twitpic.com/84gnj3	2
http://twitpic.com/bnp45r	1
http://www.anti-fascists-online.com/press-release-from-waltham-forest-council-about-the-demo/	1
http://twitpic.com/b2ld4k	1
http://twitpic.com/avz3zh	2
http://extremisproject.org/2012/10/the-english-defence-league-edl-what-do-people-think/	2
http://www.anti-fascists-online.com/english-defence-league-to-become-political-party-and-stand-candidates-in-european-elections-says-tommy-robinson/?utm_source=rss&utm_medium=rss&utm_campaign=english-defence-league-to-become-political-party-and-stand-candidates-in-european-elections-says-tommy-robinson	1
http://www.thedailymash.co.uk/news/society/uk-to-vote-on-return-to-%E2%80%98good-old-days'-2012121954081	1
http://twitpic.com/biwx5b	1
http://youtu.be/EaEH262gyVo	1
http://englishdefenceleague.org/edl-news-2/1838-beware-false-patriots	1
http://www.itv.com/news/central/update/2012-09-29/video-shows-moment-police-officer-knocked-down-by-missile-at-edl-protest/	1
http://twitpic.com/buaenf	1
http://bbc.in/QLftSX	1
http://twitpic.com/avc4fm	4
http://fb.me/Id10plT9	1
http://www.statscrop.com/www/edlnews.co.uk	1
http://twitpic.com/bl9o9z	1
http://twitpic.com/bml9yf	1
http://twitpic.com/bf81f6	1
http://twitpic.com/bolel6	1
http://twitpic.com/b7p2kx	3
http://www.youtube.com/watch?v=yioVmqlt2Fk	1
http://twitpic.com/b4ewfq	2
http://youtu.be/ilxPDy0_Qvk	1
http://twitpic.com/bmpjec	1
http://twitpic.com/bb6l4s	1
http://twitpic.com/bctwzi	1
http://twitpic.com/bikghi	1
http://youtu.be/hqMN-EPQgR0	1
http://twitpic.com/b0vjrq	1
http://twitpic.com/b1cly0	1
http://twitpic.com/bb7r5z	1
http://www.youtube.com/user/EDLNewsFootage?feature=mhee	1
http://twitpic.com/ari0s4	2
http://www.facebook.com/events/182884621845767/	1
http://twitpic.com/axv04k	1
http://www.hopenothate.org.uk/news/article/2279/violent-edl-thug-sex-offender-jailed	1
http://twitpic.com/bj01f9	2
http://shar.es/h7wtM	1
http://www.edlnews.co.uk/index.php?option=com_content&view=article&id=832&catid=36&Itemid=269	1
http://twitpic.com/bolimp	1
http://shar.es/c9O40	2
http://twitpic.com/bp9rv6	1
http://twitpic.com/aqfvq5	1
http://twitpic.com/bioeqy	1
http://twitpic.com/b644tz	1
http://twitpic.com/bg53ln	1
http://twitpic.com/bttvmm	1
http://shar.es/GZY64	1
http://youtu.be/KQ3TAAV4Z70	1
http://www.guardian.co.uk/commentisfree/belief/2012/sep/17/muhammad-aisha-truth?CMP=twt_gu	1
http://www.edlnews.co.uk/index.php/featured-stories/derek-fender-corner/842-thomas-thompson-s-computer-catches-aids	1
http://youtu.be/qmodVun16Q4	1
http://twitpic.com/bisi6d	1
http://youtu.be/IWVFwb0L40M	1
http://twitpic.com/bnki2f	2
http://twitpic.com/azhtrw	1
http://youtu.be/m1tS4b17a_c	1
http://twitpic.com/b7tmte	1
http://www.hopenothate.org.uk/blog/article/2401/is-kevin-carroll-the-real-mushroom#.UOHfiEkySso.twitter	1
http://twitter.yfrog.com/b6h26lsjccyxlekaffdmuiywz#7YSkB91eW1RAp0DG.99	1
http://www.hopenothate.org.uk/blog/article/2269/edl-heading-to-the-wall#.UIf9tL0oVNM.twitter	1
http://twitpic.com/aujhg8	2
http://nottingham.indymedia.org.uk/articles/4689	1
http://bbc.in/RiC7P2	1
http://www.liveleak.com/view?i=28b_1347113998	1
http://bit.ly/hABNJY	65
http://itv.co/UUWdif	1
http://twitpic.com/aqgh81	1
http://shar.es/Gs8az	1
http://twitpic.com/bm7rxg	1
http://vinienco.com/2012/12/08/twelve-year-old-muslim-girl-murdered-family-refusing-marriage/	1
http://twitpic.com/asxo3o	1
http://twitpic.com/b583h1	1
http://shar.es/GiNZN	1
http://bbc.in/TUT9mB	1
http://shar.es/uTPkf	1
http://shariaunveiled.wordpress.com/2012/10/02/breaking-news-muslims-in-england-admit-we-had-infiltrators-at-edl-demo-creating-violence/	1
https://www.facebook.com/waltenkonandoes?refid=18&ref=m_notif&notif_t=group_comment_reply&_ft_=src.24%3Asty.308%3Aactrs.628124702%3Apub_time.1354729969%3Afbid.453214381382884%3As_obj.4%3As_edge.1%3As_prnt.11%3Aft_story_name.StreamStoryGroupMallPost%3Aobject_id.220189534685371%3Aobject_timeline_token_map.Array	1
http://www.hopenothate.org.uk/blog/article/2167/far-right-roundup	1
http://shar.es/5ubhm	1
http://www.standard.co.uk/news/crime/edl-leader-joel-titus-banned-from-every-football-ground-8388934.html	1
http://twitpic.com/b9evsk	1
http://www.eveningnews24.co.uk:80/news/norwich_man_arrested_during_english_defence_league_march_appears_in_court_1_1711930	1
http://twitpic.com/b7yn2p	1
http://shar.es/c2R5l	1
http://m.guardian.co.uk/uk/2011/nov/11/edl-arrests-london-occupy-armistice-day	1
http://www.youtube.com/watch?v=RtsgXFnPz-o	1
http://twitpic.com/b659m0	1
http://bit.ly/YfVKgP	1
http://twitpic.com/bhbqnv	1
http://twitpic.com/bs474b	2
http://www.bbc.co.uk/news/uk-england-london-20109337	1
http://twitpic.com/btp98q	1
http://twitpic.com/bkztsa	1
http://bit.ly/12uowtw	1
http://www.facebook.com/profile.php?id=1450640091	1
http://www.guardian.co.uk/world/2010/nov/24/uk-based-taliban-afghanistan?INTCMP=SRCH	1
http://youtu.be/QdxSdVSC-Ac	1
http://twitpic.com/b8rwzo	1
http://twitpic.com/bnzj8a	1
http://twitpic.com/blduig	1
http://twitpic.com/bc15ss	1
http://twitpic.com/b7r7n6	1
http://twitpic.com/b7u788	2
http://twitpic.com/asioh3	2
http://edlnews.co.uk/index.php/latest-news/latest-news/873-edl-turn-their-poison-on-14-year-old-anti-taliban-activist-malala-yousafzai	1
http://twitpic.com/bg195q	1
http://twitpic.com/b7uooc	1
http://twitpic.com/biimro	1
http://shar.es/5WrWk	1
http://twitpic.com/azgnwr	1
http://twitpic.com/ba9jb8	1
http://uk.eurosport.yahoo.com/news/newcastles-muslim-stars-told-play-new-kit-070006117.html	1
http://twitpic.com/bqs5c8	1
http://twitpic.com/bikf9b	1
http://twitpic.com/bn19wn	1
http://m.facebook.com/groups/260816450675220?view=group&__user=100001987693069#EDL	1
http://twitpic.com/babn5o	1
https://www.youtube.com/embed/-jRUMa6d5w8	1
http://twitpic.com/bf83r7	1
http://www.expressandstar.com/news/2012/09/26/800-police-officers-will-attend-edl-protest-rally/	1
http://shar.es/hJIEa	1
http://www.hopenothate.org.uk/news/article/2527/edl-organiser-guilty	1
http://twitpic.com/bg13q7	1
http://youtu.be/anea2csgIiY	1
http://twitpic.com/bq68tm	1
http://shar.es/hHXiH	1
http://shar.es/4xcmY	1
http://twitpic.com/bv9pdn	1
http://www.eveningnews24.co.uk/news/video_timings_and_route_for_english_defence_league_demonstration_in_norwich_this_saturday_1_1685869	1
http://www.edlnews.co.uk/index.php/latest-news/latest-news/825-edl-threaten-to-screen-innocence-of-muslims	1
http://twitpic.com/bqkwty	1
http://twitpic.com/bt2z38	1
http://www.edp24.co.uk:80/news/update_four_arrests_made_as_tensions_run_high_during_english_defence_league_march_in_norwich_1_1688687	1
http://www.edlnews.co.uk/index.php/featured-stories/derek-fender-corner/816-jeff-marsh-his-17-year-old-blogger-and-homophobic-abuse	1
http://northwestallianceblog.wordpress.com/2012/09/29/668/	1
http://www.google.com/hostednews/afp/article/ALeqM5hHwIgcipW1c9IX8XX9XWJzTo6OCg?docId=CNG.d7b21f72c139e4f1bd04c5e01456d2b5.691	1
http://bit.ly/V9qsWK	1
http://huff.to/SfxxP4	1
http://www.huffingtonpost.com/2012/09/14/innocence-of-muslims-film-filmmaker-sam-bacile-permit-christian-charity_n_1883792.html	1
http://twitpic.com/b64bmd	1
http://twitpic.com/bg092r	1
http://shar.es/cL52W	1
http://twitpic.com/b8vnso	1
http://shar.es/cF9aa	1
http://twitpic.com/b290g1	1
http://www.edlnews.co.uk/index.php/featured-stories/derek-fender-corner/821-tommy-in-punch-up-with-steve-carroll	1
http://www.dailymail.co.uk/news/article-2018976/Norway-shooting-Anders-Behring-Breivik-inspired-Robert-Spencer-Unabomber.html	1
http://twitpic.com/bol77t	1
http://twitpic.com/bmia9f	1
http://www.bedfordshire-news.co.uk/News/PCC-REACTION-Losing-candidate-claims-election-was-unfair-20121116134908.htm	1
http://twitpic.com/aw479a	1
http://twitpic.com/bhamz4	1
http://twitpic.com/bn6gg8	1
http://shar.es/hsQ57	1
http://twitpic.com/bewe28	1
http://twitpic.com/avnnmw	1
http://shar.es/6XoIH	1
http://www.hopenothate.org.uk/blog/article/2235/the-march-that-wasnt-a-march	1
http://twitpic.com/bs6owd	1
http://fb.me/1jYcMKMK8	1
http://www.arabianbusiness.com/illiteracy-plagues-arab-world-193646.html	1
http://www.hopenothate.org.uk/blog/article/2367/edl-leader-charged-with-fraud	1
http://www.cair.com/portals/0/pdf/Pamela_Geller.pdf	1
http://twitpic.com/b21swu	3
http://www.haaretz.com/news/diplomacy-defense/1.335354	1
http://m.thestar.co.uk/news/local/extra-police-on-duty-for-double-rotherham-demonstrations-1-5002544#.UHKFN7QNNu0.twitter	1
http://twitpic.com/ax76p9	1
http://twitpic.com/b4reff	1
http://youtu.be/6uvx1_Uzqyk	2
http://twitpic.com/b34196	1
http://twitpic.com/avr51b	1
http://twitpic.com/b4rlk8	1
http://twitpic.com/brw84o	1
http://edlnews.co.uk/index.php/featured-stories/derek-fender-corner/952-exclusive-free-offer-live-the-stephen-lennon-experience-in-your-own-home-plus-free-playstation	1
http://twitpic.com/bbi0ll	1
http://twitpic.com/b2q3w9	2
http://twitpic.com/bu9duk	1
http://youtu.be/vXEk3deCOm0	1
http://www.norwichadvertiser24.co.uk/news/clarification_of_english_defence_league_article_1_1701886	1
http://twitpic.com/aua2t3	1
http://www.concrete-online.co.uk/edl-norwich/	1
http://www.facebook.com/pages/Southcoast-Taliban-Hunters/289029717864332	1
http://twitpic.com/bmsyou	1
http://twitpic.com/bgqnqn	1
http://rt.com/usa/news/man-filmmaker-film-la-195/	1
http://www.bedfordtoday.co.uk/news/local/police-and-crime-commissioner-elections-we-quiz-the-candidates-1-4468125	1
http://shar.es/cc3Bk	1
http://www.hopenothate.org.uk/blog/article/2326/kevin-carroll-makes-a-complete-fool-of-himself#.UJ--42LJYYA.twitter	1
http://twitpic.com/atwdwe	2
http://bit.ly/VpU3rQ	1
http://loganswarning.com/2012/10/29/please-support-our-mate-and-prisoner-of-war-the-edls-tommy-robinson/	1
http://twitpic.com/b8rveo	1
http://shar.es/GPeEy	1
http://twitpic.com/bq4ih5	1
http://twitpic.com/b1ox3x	1
http://www.lutontoday.co.uk/news/local/luton-remembrance-service-disrupted-1-4469110	2
http://www.blackpoolgazette.co.uk/news/local/charlene-received-chilling-letter-1-415546#.UFifB52SUXw.twitter	1
http://twitpic.com/bp9sf7	1
https://twitpic.com/blewa6	2
http://malatesta32.wordpress.com/2012/12/24/kevins-kristmas-karol/	1
http://twitpic.com/bocdby	1
http://twitpic.com/b8w70u	1
http://twitpic.com/b5h5fx	1
http://twitpic.com/b96ki2	1
http://twitpic.com/bmadit	1
http://twitpic.com/bqtz01	3
http://twitpic.com/b3999w	1
http://www.arrse.co.uk/current-affairs-news-analysis/179285-combined-ex-forces-right-wing-group.html	1
http://twitpic.com/b2wpyv	1
http://twitpic.com/bc0b4x	1
http://youtu.be/rxgLSGN2uD8	3
http://shar.es/4U4CM	1
http://twitpic.com/azeboy	1
http://twitpic.com/bc5yce	1
http://pics.lockerz.com/s/274573744	1
http://twitpic.com/bb0l1r	1
http://twitpic.com/bow36i	1
http://shar.es/G27VT	1
http://www.hopenothate.org.uk/blog/article/2389/march-for-england-turn-on-the-edl#.UMpqe2rMzkA.twitter	1
http://bit.ly/V4jEGQ	1
https://twitter.com/joetedstoneno7/status/246712646865395712	1
http://twitpic.com/aqrwk1	1
http://twitpic.com/aqixil	1
http://www.youtube.com/watch?v=JHyDaAXw8Ck	1
http://eepurl.com/o9snT	1
http://malatesta32.wordpress.com/2012/11/16/taking-the-pcc/	1
http://imgur.com/a/09Qwq	2
http://www.blogtalkradio.com/liamjones/2012/09/16/calling-all-youths-yoth-edl-radio	1
http://shar.es/4hJq0	1
http://twitpic.com/biqjxk	1
http://twitpic.com/b2lgw2	1
http://edlnews.co.uk/index.php/latest-news/latest-news/962-english-volunteer-force-court-nazis-for-birmingham-demo	1
http://www.thestar.co.uk/news/local/by-election-candidate-s-criminal-past-1-5176096	1
http://twitpic.com/b6skuf	1
http://twitpic.com/axc7jj	1
http://www.edlnews.co.uk/index.php/featured-stories/derek-fender-corner/835-edl-admit-to-being-a-shitty-organisation	1
http://www.bnp.org.uk/news/regional/white-tigers-self-defence-youth-group-launched	1
https://twitpic.com/blf3jt	1
http://malatesta32.wordpress.com/2012/11/11/no-hope-in-norwich/	1
http://dangerousminds.net/comments/english_disco_lovers_bumping_the_english_defence_league_off_of_google	1
http://shar.es/cvIwN	1
http://www.hopenothate.org.uk/blog/article/2057/edl-leaders-european-mystery	1
http://twitpic.com/b2ejh3	1
http://twitpic.com/as5hnu	1
http://twitpic.com/bha07z	1
http://www.sheffieldnewsandsport.com/2012/10/27/fears-of-violent-clashes-today-grips-worried-rotherham/	1
http://twitpic.com/bmv1yy	1
http://twitpic.com/bpjqqj	1
http://twitpic.com/bamyaw	1
http://www.edp24.co.uk/news/gallery_we_are_norwich_march_against_edl_in_norwich_1_1688782	1
http://www.bedfordtoday.co.uk/news/local/british-freedom-party-campaign-posters-taken-down-1-4471905	1
http://edlnews.co.uk/index.php/featured-stories/derek-fender-corner/957-kevin-carroll-s-christmas-speech-fiasco?COLLCC=4157080306&	1
http://twitpic.com/b9epi3	1
http://www.bbc.co.uk/programmes/p00zz8xd	1
http://fb.me/29c4HYAyM	1
http://twitpic.com/bfpns9	1
http://m.peterboroughtoday.co.uk/community/community-news/young-people-s-award-for-gng-member-turned-role-model-1-4340988#.UG_2N2Vd-mM.twitter	1
http://britishfreedom.org/kev-carroll-becomes-british-freedom-chairman/	1
http://twitpic.com/bi1wnx	1
http://www.facebook.com/events/387119754707026/	1
http://twitpic.com/b4sbn6	1
http://www.hopenothate.org.uk/blog/article/2237/its-all-over	1
http://twitpic.com/bp9bxj	1
http://www.amazon.com/gp/product/161017061X?ie=UTF8&tag=robertspencer-20&linkCode=xm2&camp=1789&creativeASIN=161017061X	1
http://fb.me/D9foLsY1	1
http://twitpic.com/b8rzv1	1
http://twitpic.com/b2s8li	1
http://twitpic.com/b8qfeu	1
http://paper.li/everythingedl	11
http://twitpic.com/bg09s6	1
http://fb.me/DMCIAj1R	1
http://youtu.be/b_ILDFp5DGA	1
http://www.hopenothate.org.uk/blog/article/2204/a-question-for-the-english-democrats#.UG9klRSWYVA.twitter	1
http://youtu.be/7n3jyHqPRPs	1
http://www.bbc.co.uk/news/uk-england-tyne-19862573	1
http://edlnews.co.uk/index.php/latest-news/latest-news/877-tommy-and-kev-held-after-police-motorway-sting	1
http://fb.me/1RYZnLSZt	1
http://twitpic.com/b6jabi	3
http://www.bbc.co.uk/news/uk-20645838	1
http://twitpic.com/b8kjuq	1
http://twitpic.com/bnbyg3	1
http://youtu.be/ifO7AwBtNjE	2
http://twitpic.com/azhnlr	1
http://twitpic.com/abp76x	1
http://twitpic.com/bapf9p	2
http://twitpic.com/b3t1xq	1
http://britishfreedom.org/british-freedoms-20-point-plan-10/	1
http://twitpic.com/bbjn0w	1
http://twitpic.com/awo8il	1
http://twitpic.com/4jqekq	1
http://twitpic.com/borwuu	1
http://twitpic.com/bfefs9	1
http://twitpic.com/atla4f	1
http://www.breastcancercampaign.org/articles/buckingham-palace-turns-pink	1
http://twitpic.com/banwqy	2
http://bit.ly/T0aUib	1
http://twitpic.com/aylwmw	1
http://bit.ly/ZCrGIg	1
http://www.hopenothate.org.uk/blog/article/2175/sticking-the-boot-in	1
http://twitpic.com/bbjo7k	1
http://tyneandwear.sky.com/news/article/51379	1
http://kevincarroll.org/if-you-live-in-bedfordshire-vote-for-kevin-carroll-tomorrow/	1
http://wp.me/p2MKPN-S	1
http://twitpic.com/aucyya	1
http://twitpic.com/awdpp0	1
http://www.channel4.com/news/britains-far-right-collapses-amid-infighting-and-legal-woes	1
http://twitpic.com/bsixck	2
http://britishfreedom.org/broken-britain-part-2-peaceful-protesters-corralled-like-animals/?fb_comment_id=fbc_354844414598945_2418779_355910681158985#f27728964c	1
http://shar.es/cs3iK	1
http://twitpic.com/bb05eb	1
http://shar.es/5McXu	1
http://fb.me/2b36rXqnv	1
http://twitpic.com/bi6er0	1
http://twitpic.com/bh0sqw	1
http://shar.es/GeBVB	1
http://twitpic.com/b8aqbr	1
http://shar.es/cseJ8	1
http://oxfordstudent.com/2012/11/09/the-edls-march-into-obscurity/	1
http://twitpic.com/bbkgbd	1
http://britishfreedom.org/british-freedom-deputy-leader-stephen-lennon-receives-prestigious-freedom-award-in-florence/	1
http://bbc.in/VNL34V	1
http://twitpic.com/aytiic	1
http://shar.es/5wexy	1
http://edlnews.co.uk/index.php/latest-news/latest-news/880-edl-millwall-division-leader-outed-as-a-nazi?COLLCC=2448468782&	1
http://twitpic.com/bhksm4	1
http://malatesta32.wordpress.com/2012/09/11/tommy-can-you-hear-yourself/	1
http://twitpic.com/bkkfr1	1
http://www.dailykos.com/story/2012/09/16/1132429/--Pamela-Geller-s-Blog-Solicited-Funds-For-anti-Muhammad-Movie	1
http://stevedrant.wordpress.com/2012/11/05/poppyganda-the-true-insult-to-our-war-dead/	1
http://twitpic.com/b4sv3o	1
http://www.youtube.com/watch?v=iXCGpj1SqFc&feature=youtu.be	1
http://wp.me/p25tiQ-59	1
http://twitpic.com/bab0wm	1
http://twitpic.com/bsuy03	2
http://www.facebook.com/events/496339173712740/?refid=17&_ft_=src.24%3Asty.308%3Aactrs.100002139285580%3Apub_time.1348161441%3Afbid.344212265668971%3As_obj.4%3As_edge.1%3As_prnt.11%3Aft_story_name.StreamStoryGroupMallPost%3Aobject_id.260816450675220%3Aobject_timeline_token_map.Array	1
http://www.dailymail.co.uk/news/article-1232766/Stalin-murdered-20million-people-including-grandfather--terrifying-Putin-turning-hero.html	1
http://twitpic.com/ar4qel	1
https://twitter.com/edlnewsxtra/status/272127463990120448	1
http://www.hopenothate.org.uk/blog/article/2260/tommy-to-be-locked-up	1
http://goo.gl/u65MF	1
http://twitpic.com/b5ae87	2
http://twitpic.com/b6izgi	1
http://twitpic.com/bmkajz	1
http://i.imgur.com/pXgsw.png	1
http://twitpic.com/b4tpbj	1
http://youtu.be/g_GhlGD2yDI	1
http://youtu.be/EKZl9mRP1bU	1
http://www.birminghammail.co.uk/news/local-news/english-defence-league-extremists-hold-1090656#.UPHSSRE3hbE.twitter	1
http://www.guardian-series.co.uk/news/wfnews/9920143.WALTHAMSTOW__EDL_plan_to_march_again/?ref=twtrec	1
http://shar.es/cp4tx	1
http://twitpic.com/b1zn5z	1
http://www.youtube.com/watch?v=rxjtWOXH8vo	1
http://malatesta32.wordpress.com/2012/10/08/sunderland-others/	1
http://youtu.be/7QTQWjv_0ZY	2
http://twitpic.com/bedomz	1
http://www.thedailymash.co.uk/news/international/obama-thanks-romney-for-being-such-a-penis-2012110748131	1
http://twitpic.com/b9cpa4	1
http://twitpic.com/aquajv	1
http://twitpic.com/b85pn7	1
http://andycarrington.wordpress.com/2012/09/10/edls-tommy-robinson-self-confessed-tax-cheat-and-general-borning-uneducated-wanker/	1
http://youtu.be/O6-bKa-Utec	1
http://www.bbc.co.uk/iplayer/episode/b01mgz1y/The_Revolution_Will_Be_Televised_Episode_3/	1
http://twitpic.com/azvg7d	1
http://twitpic.com/bk8ybz	1
http://twitpic.com/biszck	1
http://bit.ly/UC6HGy	1
http://twitpic.com/b20sno	1
http://youtu.be/Z_2_zjVxGSc	1
http://bitly.com/IV7xcl	1
http://www.facebook.com/pages/Still-Laughing-At-Liberal-Minded-Freaks/122927544536553	1
http://twitpic.com/azedqw	1
http://twitpic.com/az2c8o	2
http://twitpic.com/bu3br9	1
http://twitpic.com/bmmsz8	1
http://twitpic.com/bm8uus	1
http://shar.es/u8rfr	1
http://m.thestar.co.uk/news/local/police-defend-march-decision-1-5020554#.UHjxhb-Jzwo.twitter	1
https://twitter.com/vizcomic/status/255785595631194112	1
http://twitpic.com/b7tiw7	1
http://twitpic.com/bbzlqz	1
http://twitpic.com/b3frsl	1
http://www.thisisstaffordshire.co.uk/Stoke-Trent-BNP-leader-Michael-Coleman-guilty/story-16839343-detail/story.html	1
http://www.newsbiscuit.com/2012/09/19/edl-and-militant-islam-to-play-football-match-for-rights-to-former-scout-hut/	1
http://twitpic.com/budr4s	1
http://twitpic.com/aya95g	1
http://twitpic.com/b6b9vv	2
http://twitpic.com/7u05yl	1
http://www.liveleak.com/view?i=2c4_1349231078	1
http://twitpic.com/bl9kf2	1
http://twitpic.com/b9nny5	1
https://twitpic.com/blewy1	1
http://edlnews.co.uk/index.php/latest-news/cxf-and-the-infidels/901-combined-ex-forces-seek-to-undermine-the-poppy-appeal1	1
http://www.hopenothate.org.uk/blog/article/2408/far-right-round-up#.UObNS3zwxHA.twitter	1
http://twitpic.com/bs7q3d	1
http://www.cambridge-news.co.uk/News/EDL-to-march-in-Cambridge-as-calls-made-for-massive-counter-demo-14122012.htm	1
http://i.imgur.com/FppXx.png	1
http://twitpic.com/bkf0ty	1
http://shar.es/crh71	2
http://twitpic.com/bt7ouq	1
http://shar.es/4fyc2	1
http://twitpic.com/b7mg82	1
http://twitpic.com/azfz7s	1
http://twitpic.com/b85vx0	2
http://youtu.be/Hiuf2_M2hqw	3
http://twitpic.com/bmj5xk	1
http://lockerz.com/s/269106733	1
http://twitpic.com/bmstap	2
http://shar.es/4j2sa	1
http://twitpic.com/bucil3	1
http://twitpic.com/aujkph	1
http://www.dailystar.co.uk/news/view/271354/EDL-fan-Cavan-Langfield-faces-sack-from-army/	1
http://twitpic.com/bqt1fu	1
http://casualsunited.info/oh-lordy-the-casuals-blog-is-reborn-commies-fail-again-edl-evf-uaf/	1
http://www.examiner.co.uk/news/local-west-yorkshire-news/2012/07/04/no-headline-86081-31321166/#.UFNRdb8NCf4.twitter	1
http://www.edlnews.co.uk/index.php/latest-news/latest-news/944-hel-gower-voices-approval-of-adam-lanza-massacre	1
http://twitpic.com/b6aysg	1
http://twitpic.com/bhanc1	1
http://shar.es/uEmHX	1
http://twitpic.com/bgjfg6	1
http://twitpic.com/azsm11	1
http://www.esecurityplanet.com/hackers/zhc-hackers-hit-the-english-defense-league.html	1
http://twitpic.com/b69e5g	1
https://www.facebook.com/myjihad.org	1
http://twitpic.com/5bza3l	1
http://twitpic.com/b2sdlu	2
http://twitpic.com/b707gm	1
http://twitpic.com/bk6w4e	1
http://twitpic.com/as2k54	1
http://shar.es/G2sbe	1
http://www.sundaysun.co.uk/news/north-east-news/2012/12/02/durham-muslim-centre-demo-two-men-arrested-79310-32345657/	1
http://twitpic.com/baxndx	1
http://twitpic.com/b67kkz	1
http://twitpic.com/b8l1db	1
http://twitpic.com/b7p5tp	2
http://twitpic.com/atj1ad	1
http://twitpic.com/b4taq4	1
http://www.thisisnottingham.co.uk/Body-hunt-missing-man-Wayne-Havercroft/story-17724773-detail/story.html	1
http://twitpic.com/b1uijw	1
http://twitpic.com/bi4vgw	1
http://twitpic.com/bqsls8	1
http://www.telegraph.co.uk/news/uknews/crime/9556684/Manchester-shootings-Dale-Cregan-charged-with-police-murders.html	1
http://malatesta32.wordpress.com/2012/11/29/cxf-neither-combined-nor-forceful/	1
http://shar.es/hukIF	1
http://malatesta32.wordpress.com/2012/10/24/this-is-the-end/	1
http://twitpic.com/btimj1	1
http://twitpic.com/events/EDLNewsXtra#EDL	1
http://twitpic.com/bamwzc	1
http://rabble.ca/news/2012/08/game-over-surviving-wwii-and-olympics-east-london	1
http://twitpic.com/azvdvi	1
http://www.bbc.co.uk/news/uk-england-birmingham-20908439	1
http://twitpic.com/bt0f97	1
http://www.hopenothate.org.uk/blog/article/2388/edl-lurch-further-to-the-right	1
http://twitpic.com/aqfdpa	1
http://www.loonwatch.com/2012/10/pamela-geller-and-robert-spencer-raise-funds-for-edl-leaders-legal-defence/	1
http://www.hopenothate.org.uk/blog/article/2172/another-weekend-another-splinter-group	1
http://twitpic.com/bapdzn	2
https://britishfreedom.org/tommy-robinson-imprisoned-with-hostile-muslims/?fb_comment_id=fbc_395063713897591_3197407_395074710563158#f106ed44c	1
https://twitpic.com/blerov	1
http://www.hopenothate.org.uk/blog/article/2398/choo-choo-has-been-rumbled#.UNZTM1rTPNQ.twitter	1
http://twitpic.com/bnlzxk	1
http://shar.es/cu9xW	1
http://twitpic.com/bukbuu	1
http://www.edlnews.co.uk/index.php/latest-news/latest-news/834-edl-down-to-twenty-active-divisions	1
http://twitpic.com/b6i0yd	1
http://twitpic.com/b2td2d	1
http://youtu.be/fpW16AOX_U4	2
http://twitpic.com/b5mh7e	1
http://www.dailymail.co.uk/news/article-2261220/Socialist-Workers-Party-held-sharia-style-court-exonerate-party-member-accused-raping-female-comrade.html?ito=feeds-newsxml	1
http://twitpic.com/bfhkkk	1
http://twitpic.com/b7tcqs	1
http://bit.ly/X62ttJ	1
http://twitpic.com/b480hl	1
http://twitpic.com/98z94l	1
http://twitpic.com/br4oxm	1
http://twitpic.com/b6j7x9	1
http://twitter.com/VickyClementine/status/250635797303271426/photo/1	1
http://www.yorkshireeveningpost.co.uk/news/latest-news/top-stories/edl-gang-in-court-over-leeds-pub-attack-1-4893231?utm_medium=twitter&utm_source=twitterfeed	1
http://twitpic.com/azfbav	1
http://twitpic.com/b9n9lk	1
http://shar.es/6Z0AW	1
http://therealenglishdefenceleague.wordpress.com/2012/10/24/statement/	1
http://imgur.com/82ZQj	1
http://youtu.be/ZLBNwAFIefA	2
http://twitpic.com/bukhnj	2
http://www.youtube.com/watch?v=rXWZUMAlr0U	1
http://twitpic.com/b6n607	1
http://twitpic.com/b3r3vk	1
http://www.london24.com:80/news/politics/call_for_english_defence_league_to_be_banned_from_marching_in_waltham_forest_1_1663252	1
http://shar.es/cU1Br	3
http://twitpic.com/b7mm4b	1
http://twitpic.com/b22282	1
http://twitpic.com/bss6eq	1
http://twitpic.com/bg10qq	1
http://twitpic.com/b92k4g	1
http://shar.es/6TKnq	1
http://fb.me/1FnuyX9YB	1
http://www.anti-fascists-online.com/a-day-trip-to-rotherham/	1
http://www.digitaljournal.com/article/335536	1
http://twitpic.com/bi3fsh	1
http://aje.me/Sa1ikN	1
http://twitpic.com/awthn4	1
http://www.youtube.com/watch?v=fsBI6aPObEA&feature=youtube_gdata_player	1
http://twitpic.com/b87l4g	1
http://twitpic.com/b5zqln	2
http://twitpic.com/bjbw4m	1
http://imgur.com/a/0vgED	1
http://www.rferl.org/content/hacktivists-take-down-far-right-english-website-edl-access-groups-email/24767908.html	1
http://shar.es/uR3Pf	1
http://twitpic.com/azecgo	1
http://www.hopenothate.org.uk/blog/article/2268/bfp-leader-arrested	1
http://www.hopenothate.org.uk/blog/article/2173/split-leader-quits	1
http://twitpic.com/b7ckhz	1
http://twitpic.com/b52iwf	1
http://on.fb.me/OSi7Vj	1
http://twitpic.com/biejt3	2
http://twitpic.com/b7s2xm	1
http://www.facebook.com/pages/EDL-English-Defence-League/238696516197018?sk=wall	1
http://twitpic.com/bhhehc	1
http://twitpic.com/bad53y	1
http://twitpic.com/bqv2iu	2
http://twitpic.com/bi8jzp	1
http://twitpic.com/b5suka	1
http://www.thestar.co.uk/community/we-ve-never-had-anything-like-this-here-1-5024147	1
http://twitpic.com/bu3h0d	1
http://twitpic.com/b4edae	1
http://www.hopenothate.org.uk/blog/article/2159/the-guns-of-blackburn	1
http://www.facebook.com/photo.php?fbid=10151296809372784&set=a.10150573835837784.440459.134382022783&type=3&theater	1
http://britishfreedom.org/the-ballad-of-wandsworth-gaol/	1
http://www.rightnow.io/breaking-news/rotherham-edl-uaf_bn_1350122114832.html	1
https://twitpic.com/bletev	1
http://twitpic.com/bg09gu	2
http://twitpic.com/bpo74v	4
http://twitpic.com/b747um	2
http://twitpic.com/b9g13s	1
http://twitpic.com/b0wj1p	2
http://www.facebook.com/groups/220189534685371/	1
http://twitpic.com/bqqa46	2
http://twitpic.com/az1hcr	1
http://shar.es/7ROId	1
http://twitpic.com/b51ymg	1
http://twitpic.com/bk6pr5	1
http://twitpic.com/b1z35b	1
http://twitpic.com/bjxq7v	1
http://twitpic.com/asifap	1
http://www.hopenothate.org.uk/blog/article/2417/violent-thug-behind-edl-demo#.UO4t5hiFRqE.twitter	1
http://twitpic.com/bctk9e	1
http://shar.es/cUgik	1
http://twitpic.com/bappto	1
http://youtu.be/I0WQ-MW2M9E	1
http://twitpic.com/b70594	1
http://twitpic.com/b8oduy	2
http://edlreview.blogspot.co.uk/2012/09/edl-leadership-exploit-911-memorial.html	1
http://www.hopenothate.org.uk/blog/article/2163/one-in-the-eye-for-griffin	1
http://edlnews.co.uk/index.php?COLLCC=824979947&option=com_content&view=article&id=877&catid=16&Itemid=240	1
http://twitpic.com/b245rd	2
http://twitpic.com/bbtvsc	1
http://shar.es/u3CHC	1
http://twitpic.com/6h2kav	1
http://hs-lane.blogspot.co.uk/2012/09/the-curious-case-of-alan-harperdave.html?m=1	1
http://www.thenorthernecho.co.uk/news/9913664.Man_charged_over__Oslo_style__Muslim_bomb_threat/?ref=twtrec	1
http://www.hopenothate.org.uk/blog/article/2307/oops	1
http://shar.es/hRCWF	1
http://youtu.be/bROq__SbUH8	1
http://on.fb.me/PvHxth	1
http://i.imgur.com/0WZJc.png	1
http://m.hartlepoolmail.co.uk/community/muslims-fear-edl-demo-1-5181809#.ULizPf7qY8Y.twitter	1
http://shar.es/uxsNd	1
http://twitpic.com/b6l28w	1
http://twitpic.com/bvilkz	1
http://twitpic.com/bal8p0	1
http://twitpic.com/bn0936	1
http://twitpic.com/b7wy3f	1
http://twitpic.com/asw41o	1
http://twitpic.com/buael9	1
http://www.bbc.co.uk/news/uk-england-london-15697632	1
http://twitpic.com/b9frvn	1
http://shar.es/cwurQ	1
http://www.facebook.com/photo.php?fbid=10151369134397784&set=a.10150573835837784.440459.134382022783&type=1&theater	1
http://youtu.be/EZnEpaSOFwk	1
http://twitpic.com/atj189	1
http://twitpic.com/b6k1iu	1
http://shar.es/6S2fY	2
http://twitpic.com/bbzqqs	2
http://malatesta32.wordpress.com/2012/09/10/walthamstow-the-return-or-not/	1
http://twitpic.com/bdmey5	1
http://twitpic.com/b7gt38	1
http://twitpic.com/bm9c4d	1
http://shar.es/GHALd	1
http://worldnews.nbcnews.com/_news/2012/09/13/13842406-man-behind-anti-islam-film-reportedly-is-egyptian-born-ex-con#.UFKDCBUagD8.twitter	1
http://twitpic.com/bp7sk7	1
http://www.aangirfan.blogspot.co.uk/2012/10/mysterious-derek-laud.html?m=1	1
http://twitpic.com/b93k47	1
http://lockerz.com/s/256579864	1
http://twitpic.com/b50pqk	2
http://shar.es/6TQBR	1
http://twitpic.com/b9ztc0	1
http://twitpic.com/b932cz	1
http://twitpic.com/bb175r	1
http://twitpic.com/b944hs	1
http://www.guardian.co.uk/uk/2013/jan/02/edl-clint-bristow-custody-burglary?mobile-redirect=false	2
http://m.peterleestar.co.uk/community/edl-demo-over-muslim-centre-1-5151672#.UK9H7FFxJmg.twitter	1
http://gu.com/p/3b624/tw	1
http://twitpic.com/at9hs0	2
http://shar.es/c90LZ	1
http://shar.es/GqJ9L	1
http://www.heartlight.org/wjd/mark/0813-wjd.html	1
http://twitpic.com/ar53w5	1
http://journal.neilgaiman.com/2012/09/a-letter-from-scared-actress.html?m=1	1
http://www.timesandstar.co.uk/carlisle-man-sacked-over-petrol-bomb-indian-takeaway-rant-on-facebook-1.1009096?referrerPath=home#.UIwA9qadXcp.twitter	1
http://www.writinginpublic.com/2012/07/laurie-penny-on-london-underground.html	1
http://twitpic.com/b1xfjv	2
http://twitpic.com/awux2f	1
http://twitpic.com/aya3t2	1
http://christiandefenceleauge.wordpress.com/2012/09/29/the-blood-of-an-english-patriot/	1
http://kevincarroll.org/remembrance-day-luton/?fb_comment_id=fbc_431260410272140_4033394_431643533567161#f19f588d4	1
https://twitpic.com/blf14q	1
http://twitpic.com/bk829l	1
http://twitpic.com/bnzddt	1
http://www.bbc.co.uk/news/world-us-canada-19753804	1
http://www.conciliocic.org/news/21-the-curious-case-of-alan-harper-dave-wood-edl-happy-snapper-and-master-of-disguise	1
http://twitpic.com/bo83fg	1
http://twitpic.com/bpijxb	1
http://m.guardian.co.uk/commentisfree/2012/sep/13/egypt-libya-hollywood-film?cat=commentisfree&type=article	1
http://twitpic.com/bs3yel	1
http://twitpic.com/aqeogz	1
http://edlreview.blogspot.com/2012/09/islamophobic-duck-rape-stories-exposed.html?spref=tw	1
http://twitpic.com/blxi4p	1
http://gu.com/p/3adev/tw	1
http://twitpic.com/blen7d	1
http://youtu.be/UyibCneQaIo	1
http://mrctv.org/videos/kev-carroll-edl-christmas-address	1
http://www.gazettelive.co.uk/news/teesside-news/2012/09/15/race-abuse-group-ordered-to-pay-6-000-84229-31840511/	2
http://www.facebook.com/saynotokevincarrollbedfordshirepcc	1
http://twitpic.com/bhqwt9	1
http://www.nytimes.com/2012/09/25/opinion/the-sin-of-sowing-hatred-of-islam.html?_r=3	1
http://malatesta32.wordpress.com/2012/11/25/double-washout-at-wandsworth/	1
http://twitpic.com/b7k5a4	1
http://twitpic.com/bmat4q	1
http://en.wikipedia.org/wiki/3121_(album)	1
http://twitpic.com/auai1h	2
http://twitpic.com/au1gci	2
http://shar.es/cZK2g	1
http://twitpic.com/be0m7a	1
http://twitpic.com/ax76r3	1
http://twitpic.com/bcnxpc	1
http://youtu.be/uXQst3Yd2eY	1
http://www.chelmsfordweeklynews.co.uk/news/billericaynews/10002444.Police_called_in_as_planning_meeting_gets_nasty/?ref=twtrec	1
http://www.edlnews.co.uk/index.php/latest-news/latest-news/817-edl-launch-verbal-attack-on-mo-farah	1
http://www.birminghammail.net/news/top-stories/2012/09/29/edl-protest-in-walsall-one-arrested-after-missiles-thrown-at-police-97319-31932615/#ixzz27s7YOyba	1
http://twitpic.com/b4py6h	2
http://twitpic.com/b0lm1m	1
http://bbc.in/PKkhYr	1
http://www.lutontoday.co.uk/news/local/video-meet-police-candidate-kevin-carroll-1-4464196#.UJ0qlROXFRY.twitter	1
http://www.anti-fascists-online.com/edl-has-no-leader/	1
http://twitpic.com/ba22oa	1
http://www.dailystar.co.uk/news/view/278172/EDL-chief-arrested	1
http://twitpic.com/b7wchn	1
http://twitpic.com/b70etc	1
http://twitpic.com/b6j75t	1
http://twitpic.com/aswlw5	1
http://shar.es/5HobV	1
http://twitpic.com/brlfc1	1
https://twitter.com/delightfulsun/status/277395242926370816	1
http://i.imgur.com/AbqVX.jpg	1
http://twitpic.com/b6d6lj	1
http://twitpic.com/bmljg8	1
http://malatesta32.wordpress.com/2012/12/02/edl-death-knell/	2
http://youtu.be/_xvWaJtFJRs	1
http://shar.es/GCKXD	1
http://bbc.in/Rlk5Ln	1
http://twitpic.com/bhu65i	2
http://www.bbc.co.uk/news/world-middle-east-19609951	1
http://www.youtube.com/watch?v=0NaPa7RL6iU	1
http://twitpic.com/aw2w9g	1
http://malatesta32.wordpress.com/2012/10/27/game-over/	1
http://britishfreedom.org/from-one-extreme-to-the-other/	1
http://twitpic.com/aqinz8	1
http://britishfreedom.org/take-back-speakers-corner/	1
http://twitpic.com/bab3a9	1
http://twitpic.com/bluay9	1
http://www.edlnews.co.uk/	1
http://i.imgur.com/dxsYS.png	1
http://twitpic.com/b67ofp	1
http://twitpic.com/aqphes	1
http://twitpic.com/bnevga	1
https://twitter.com/JonTytor/status/253437323713323009	1
http://twitpic.com/at3gyu	1
http://twitpic.com/bltbaq	1
http://twitpic.com/brm6nj	2
http://www.bbc.co.uk/news/world-asia-19608561	1
http://twitpic.com/bb6id5	1
http://shar.es/hBO0A	1
http://fb.me/2d9zCQ1pm	1
http://youtu.be/wmbjhoINSns	1
http://twitpic.com/bovzvr	1
http://www.facebook.com/events/380325625390772/	1
http://twitpic.com/armgco	1
http://tyneandwear.sky.com/news/article/44694	1
http://barthsnotes.com/2012/09/27/muslim-debate-initiative-debate-with-edl-cancelled/	1
http://www.thisisbristol.co.uk/Swastikas-painted-shops-buildings-Stokes-Croft/story-17111071-detail/story.html	1
http://twitpic.com/awyex4	1
http://twitpic.com/b5lesr	1
http://twitpic.com/bfpdt4	1
http://twitpic.com/b5wpgd	1
http://www.hopenothate.org.uk/blog/article/2287/pitts-departure-another-shot-in-bfp-dispute#.UI0glt_jryQ.twitter	1
http://twitpic.com/aykhms	1
http://twitpic.com/az92p3	1
http://youtu.be/gDU5_61CZYY	1
http://www.liveleak.com/view?i=312_1348871902&version=queued_modified_item	1
http://twitpic.com/bshyjp	1
http://twitpic.com/bttyia	1
http://www.thisisleicestershire.co.uk/case-lost-letter/story-17123643-detail/story.html	1
http://twitpic.com/atj8ov	1
http://www.bedfordshire-news.co.uk/News/Ex-hooligan-comes-clean.htm	1
http://twitpic.com/bh0639	2
http://www.americanthinker.com/2012/10/m-darkness_descending_in_england.html	1
http://englishdefenceleague.org/edl-news-2/1840-latest-update-from-tommy	1
http://twitpic.com/bhamy3	1
http://www.youtube.com/watch?v=vXEk3deCOm0	1
http://www.hopenothate.org.uk/blog/article/2413/lennons-jailing-another-nail-for-the-edl-coffin	1
http://twitpic.com/bhu3kz	3
http://twitpic.com/b94cos	1
http://twitpic.com/b16157	1
http://shar.es/huaKj	1
http://twitpic.com/bukbb6	1
http://twitpic.com/attr6k	1
http://www.eveningnews24.co.uk:80/news/english_defence_league_and_counter_demonstrators_will_both_march_on_norwich_s_city_hall_1_1678711	1
http://www.youtube.com/watch?v=hIuTWXrhxwc	1
http://fb.me/2uUeCBhAn	1
http://twitpic.com/b0bt4d	1
http://twitpic.com/bmgrys	1
http://shar.es/6dwbg	1
http://www.hopenothate.org.uk/blog/article/2351/british-first-chairman-in-hot-water#.UK5AmHFsHx8.twitter	1
http://twitpic.com/b3q3yn	2
http://twitpic.com/bj3iir	1
http://twitpic.com/ax8twj	1
http://twitpic.com/bczv4z	1
http://twitpic.com/b7nr9l	2
http://shar.es/upbis	1
http://edlreview.blogspot.co.uk/2012/09/edl-jewish-defence-league-insults.html?spref=tw	1
http://www.hopenothate.org.uk/blog/article/2382/fascist-stirs-flag-violence#.UMN7L8djIt0.twitter	1
http://twitpic.com/bsgfhy	1
http://bbc.in/W5SrlS	1
http://twitpic.com/btqc3u	1
http://chicagomonitor.com/2012/10/robert-spencer-master-of-misinformation/	1
http://www.facebook.com/questions/545903835426321/	1
http://wp.me/p1Yrmf-3LK	1
http://wp.me/p2MKPN-q	1
http://twitpic.com/bsgm0b	1
http://twitpic.com/bj5de8	2
http://twitpic.com/b9mptw	1
http://www.edlnews.co.uk/index.php/latest-news/latest-news/945-edl-lies-exposed-over-sick-newtown-tweet	1
http://i.imgur.com/29BnH.jpg	1
http://youtu.be/3NmQ3IN7EWE?a	1
http://www.vice.com/en_uk/read/tommy-robinson-edl-laurie-penny-interview	1
http://bit.ly/QcSLxb	1
http://youtu.be/C6ZDsUGiGqM	1
http://shar.es/5WQcd	1
http://twitpic.com/baaa1k	1
http://www.liveleak.com/view?i=8de_1349387452	4
http://twitpic.com/bkiq53	1
http://youtu.be/TxdTEVzzr_s	1
http://wp.me/p2MKPN-H	1
http://twitpic.com/b6i99x	1
http://twitpic.com/b7m8lp	1
http://twitpic.com/bfelt7	1
http://twitpic.com/as27fb	1
http://twitpic.com/bfcdr3	1
http://bit.ly/Pu9npU	1
http://www.eveningnews24.co.uk:80/news/three_men_charged_after_marches_in_norwich_1_1689006	1
http://youtu.be/XPhPbTbjYM0	1
http://twitpic.com/brj45e	1
http://twitpic.com/bih5q6	1
http://twitpic.com/b4evf6	2
http://twitpic.com/bp9sri	1
http://fb.me/1gbdDxHms	1
http://twitpic.com/auz0d5	1
http://twitpic.com/bprtx7	1
http://twitpic.com/boigce	1
https://www.facebook.com/permalink.php?story_fbid=397144587020401&id=110850982316431&refid=17&ref=m_notif&notif_t=group_comment_reply	1
http://twitpic.com/bm9hwn	2
http://twitpic.com/azhb5p	2
http://youtu.be/nltNGJp_zJ4	2
http://youtu.be/JUKbf6YIwNM	2
http://shar.es/4wTuv	1
http://twitpic.com/b7tgw2	1
http://twitpic.com/ayscrj	1
http://twitpic.com/b666un	1
http://www.islamophobiatoday.com/2012/11/11/jury-shown-photograph-of-edl-supporter-wielding-stick-outside-kingston-mosque/	1
http://www.youtube.com/watch?v=aN2X5MQ0-ak&sns=tw	1
http://www.edlnews.co.uk/index.php/latest-news/latest-news/819-tommy-robsinson-admits-to-tax-traud-in-walthamstow-video	1
http://twitpic.com/bhkizg	1
http://twitpic.com/bctowa	1
http://shar.es/59O8I	1
https://twitpic.com/blesaf	1
http://wp.me/p1iCzv-Et	1
http://twitpic.com/bbrmva	1
http://shar.es/cvxkp	1
http://shar.es/4HPXq	1
http://twitpic.com/auy4ll	1
http://youtu.be/lDc5KNyJ9uU	2
http://twitpic.com/blu93t	1
http://andycarrington.wordpress.com/2012/12/25/uncovering-internet-racismfascismislamophobia-25-get-the-pakis-out-or-at-least-burn-their-families/	1
http://www.moreorless.au.com/killers/stalin.html	1
http://twitpic.com/bs36gc	1
http://twitpic.com/ax8sx5	1
http://twitpic.com/bqtq1k	1
http://twitpic.com/b5xoxd	1
http://www.hopenothate.org.uk/blog/article/2187/edl-member-jokes-about-rapedomestic-violence-paedophilia	1
http://twitpic.com/bk6sw8	1
http://shar.es/5McFk	1
http://www.hopenothate.org.uk/blog/article/2278/edl-threaten-to-ambush-police	2
http://www.chroniclelive.co.uk/communities/south-shields/2012/10/03/former-south-shields-soldier-given-community-order-72703-31958793/	1
http://twitpic.com/bkzm5i	1
http://www.hopenothate.org.uk/blog/article/2174/weve-choked-off-their-funding	1
http://tyneandwear.sky.com/news/article/42302	2
http://twitpic.com/bmvs8p	1
http://englishpassport.org/2012/10/20/exclusive-pro-english-comedian-eddie-izzard-to-resign-from-hope-not-hate-over-hate-politics/	2
http://twitpic.com/bsen2s	1
http://twitter.yfrog.com/f6zbkbnwzjatwprcmzyemiprz	1
http://pics.lockerz.com/s/263016885	1
http://www.eveningnews24.co.uk:80/news/mp_edl_hate_merchants_not_welcome_in_norwich_1_1686918	1
http://bit.ly/RzIN9X	1
http://youtu.be/zehKcxFhPH0	1
http://fb.me/1LLCum7jP	1
http://www.huffingtonpost.co.uk/paul-vale/this-is-my-fcking-country-edl-uaf-walthamstow_b_1850823.html	1
http://twitpic.com/au8no6	2
http://twitpic.com/bcbixj	1
http://twitpic.com/bnpuxb	1
http://twitpic.com/awpatq	1
http://twitpic.com/b0lmya	1
http://www.hopenothate.org.uk/blog/article/2419/far-right-round-up	1
http://twitpic.com/bkgvmd	1
http://fb.me/OMQUvLzi	1
http://twitpic.com/bqryxg	1
http://englishdefenceleague.org/edl-news-2/1841-tommy-the-category-a-prisoner	1
http://youtu.be/ZNwx6XUm9bw	1
http://twitpic.com/azf7hk	1
http://shar.es/Gs9Ds	1
http://bit.ly/S1NBWB	1
http://twitpic.com/avcd98	1
http://youtu.be/gDU5_61CZYY?a	2
http://twitpic.com/bet20b	1
http://twitpic.com/bnjq6o	1
http://www.edlnews.co.uk/index.php/featured-stories/derek-fender-corner/870-edl-fundraiser-desends-into-violence	1
http://i.imgur.com/6Co8Z.jpg	1
https://twitpic.com/blew0o	1
