Canada	5
Communism	1
NewYork	4
Juilliard	1
tcot_talk	1
NUFC	1
Obamacare	8
Poetry	1
NYT	3
Abbas	3
sexandfessenjoon	1
disarming	1
jihad	1
Olympics	1
creepingsharia	1
NavySeal	1
NYC	2
Communist	7
children	1
journalnews	1
swag	1
voter	1
MentalHealth	1
GOPTruth	1
SECONDAMENDMENT	1
Watch	1
Evil	1
hillsborough	1
to	1
wmi	1
stuckon2000	1
Tahrir	6
te	1
tc	1
Christians	6
woman	1
Iranian	65
RonPaul	1
WhyIsMyPayCheckLessThisWeek	1
LiberalHypocrisy	1
PrayForTommy	1
Military	9
thingsthatwillneverhappen	1
BRTT	2
E1	1
Arabs	1
CDC	3
FRANCE	2
Kill	1
Parents	1
Sandy	7
fiscalcliff	3
NGOTrial	1
Mehregan	1
OpSLAM	5
ThingsThatMakeMeLOL	1
welfare	1
GUN	2
Denver	1
TSA	1
Idiots	2
VP	1
WhyIsMyPaycheckLessThisWeek	26
nbc	1
Arizona	1
MayaNasser	1
LowInformationVoters	4
BREAKING	27
gunc	1
USAinUKNov6	2
journalist	2
Liberties	1
myPCC	22
Conservatives	1
Govt	1
Worked	1
Iranians	9
guns	4
iran	20
HobbyLobby	2
Hanukkahinholloway	1
K	1
Cleveland	1
Mohammed	1
Budget	1
twisters	1
lgbt	1
Mental	3
cspj	1
Common	2
Ohio	1
iraq	1
GrudgeMatch	1
Silence	12
waronwomen	1
FLU	1
Jews	3
Diplomacy	1
economics	1
Hamas	18
Qaeda	6
Twinkie	1
Aid4Gaza	1
military	7
JamieFoxx	1
Border	1
Architecture	1
Afraid	2
Jew	1
Istanbul	4
Evin	1
Support	1
Sentor	1
EU	7
middlesbrough	1
Book	3
TREASON	2
SMILE	1
Syrians	3
Kurds	5
Basij	2
Shiite	2
Journalists	6
twitterku	1
Spy	2
MKO	2
Gazprom	1
music	2
xfactor	1
obamapresser	1
my2k	2
ایران	3
Brighton	1
israel	1
هنر	1
Philippines	1
UT	1
LNYHBT	2
Morocco	2
American	1
gaza	2
Libyan	2
Crazy	1
PlannedParenthood	1
rights	2
SS	5
veterans	1
work	1
ik	1
EDL	2481
mu	1
Martial	1
SO	1
Colombia	1
my	1
Hitler	20
history	3
Alborz	1
UNSG	1
speakup	1
UNSC	4
Nepal	2
india	1
Reality	1
McAfee	1
Chechen	1
Digital	1
Poet	2
UNESCO	1
DearRegretfulOVoters	1
Norm	1
uaf	1
Benghazi	633
FactsAboutEDL	8
ThingsThatOffendObama	1
opslam	1
Canadian	1
Fiction	1
Capricorn	3
Muslims	10
Jordan	8
Millwall	1
env	1
lowinformationvoterthoughts	2
moron	1
A	1
Eritrea	1
Chattanooga	1
fx	1
Gazaunderfire	1
Castro	2
Allepo	1
breitbart	1
MUSIC	1
miners	1
ff	4
syria	7
Syria	307
law	2
lesbian	1
fo	1
Copts	1
All	1
pressfreedom	1
Mexico	3
jihadist	1
Tunisian	1
Serbia	1
NasrinSotoudeh	1
zerodarkthirty	1
Armed	4
Film	13
wine	2
JFK	1
Criminals	9
SCOTUS	6
INDIA	2
Socialization	1
trade	1
outraged	1
ThingsIHate	1
Maliki	1
Androgyny	1
CNNdebate	1
Texas	4
islam	2
LegalizeIt2012	1
Hero	1
Holder	2
Cops	1
WashingtonDC	5
writing	1
PRT	1
Armenian	1
cool	1
Spain	4
GunCONTROL	1
Obama2012slogans	1
Hostess	1
Charlotte	1
food	2
Administration	1
InternationalTerr	1
L	1
Bahai	1
2A	1
icymi	1
Vatican	1
schools	1
Benhgazi	12
Control	12
Bittersweet	1
EvilIslam	1
Terrorists	1
ArabLeague	4
Darband	1
India	9
FireBoehner	9
Shame	1
OWS	1
TheFive	2
Skype	1
Farsi	2
antifacist	1
Poli	1
Hezbollah	4
Falklands	2
energy	1
Paranoia	1
Mongolia	2
Sports	2
Damascus	32
HighInformationVoters	1
Muc	1
navy	1
Criminal	1
Hollywood	2
Discovery	1
NEWS	1
Starve	1
Hypocites	1
diesel	1
Guns	33
health	5
Curiosity	1
medicine	3
Rotherham	2
WeThe	1
gop	3
Turkmen	1
Ukraine	1
50ShadesOfGreyMovie	1
tcot	116
Work	1
Abortion	4
Tucson	1
shitnews	1
Gaddafi	1
Mali	8
muslimrage	1
BringBoweHome	1
Shas	1
soundcloud	3
PR	1
CellPhone	1
Cambridge	1
Clinton	4
Algeria	4
IranElection	4
AOPEC	1
Photo	1
privacy	1
Praying4America	1
Uganda	2
Respect	1
Depression	1
Turkey	24
Voter	1
Syndrome	1
Palestinian	7
BreakingNews	2
Buddhist	1
Mashhad	1
Fight	1
Jan25	2
Indian	3
drones	2
TEHRAN	1
HumanRights	6
Marrakesh	1
Sinai	2
IsraelUnderFire	2
Congress	38
Press	4
Haiti	2
Afghan	4
dogs	1
EU3	1
Gambia	1
AJE	1
BBC	4
StateExchanges	1
wisdom	2
usElection	1
jordan	1
Fast	7
FirePower	1
rifle	1
DNC2012	2
obama	4
tiot	1
Malala	10
BigBro	1
Cancer	2
iranian	1
Pelosi	2
immigrants	1
VoterFraud	1
Cyber	2
USA2012	1
Wandsworth	1
TEAPARTY	1
tonightweparty	1
tattling	1
BanGuns	1
Ballet	1
fashion	1
Saudis	1
سوريا	1
Chicago	7
Islamophobia	1
Peace	3
HuffPostLive	2
debate2012	1
Current	1
Flood	4
JoeBiden	1
Stuckon2000	4
MuslimRage	1
impeachobama	2
YoungChristianLeaders	1
vulnerable	1
Obamaphone	1
Wikileaks	1
Christian	2
Power	2
Egyptian	6
POW	1
Virginia	2
Arab	13
Syr	2
Economic	1
Germany	8
Pastors	1
Bank	1
Artist	6
Nusra	3
Journalism	2
Halevy	1
shale	1
abc	1
Journalist	13
FRAUD	1
coin	1
Bernie	1
Google	2
Egypt	57
Newsnight	6
Rugs	1
Unexpectedly	1
tech	2
Election	2
tpp	1
HAITI	1
horsesandbayonets	1
Sikh	1
OTW	1
WarOnWome	1
7HoursOfHell	36
Zombies	2
gold	1
Baltimore	1
Illegal	4
BinLaden	2
Colbert	1
rednationrising	1
Islamist	4
Tunisians	1
teapa	2
Palestine	5
nobama	2
NYPD	1
Rial	1
masen	1
Khamenei	2
SyriaSaturday	2
edtech	1
Republicans	4
Free	6
IDEI	1
Citizenry	2
Bergdahl	1
FactChecker	1
CurrentAlJazeeraShowPitches	4
Wolves	1
Haitian	1
IronDome	1
Patriot	4
Maldives	1
NileUniversity	1
Breivik	1
de	2
Taxes	6
courage	2
Medicare	1
TEAparty	1
Palestinians	3
Colorado	7
PlanToResist	2
UNHCR	2
Olympic	1
fingerscrossed	1
Protests	1
Expel	1
progun	2
Mediterranean	1
Ebadi	1
HIPPA	1
SouthAfrica	1
BBCPersian	1
TWEEPS	1
nazis	1
LowInformationVoterThoughts	7
Gmail	3
IfItSavesFourLives	1
art	4
groundhogday	1
Taxpayer	1
FactsAboutTheEDL	4
Brainwashing	2
Fox	1
Christianity	1
RESIST	1
Foster	1
HSBC	1
Isfahan	2
fail	1
Dogs	1
Korea	7
righturds	1
Registered	3
mug	2
BowelConrol	1
VIDEO	8
happiness	2
pets	1
nowaynra	1
Tehran	42
Orator	1
corruption	1
BUE	1
Bahrain	11
C	1
Finland	1
IWMFcourage	1
israelunderfire	1
web	2
Sanction	1
Florida	1
tlot	13
theblaze	1
Sanity	1
Motherhood	1
censorship	1
African	2
Bronx	1
news	2
Refugees	1
Arafat	1
climate	2
cot	1
Greek	2
Dance	1
TEAMLISTBACK	1
Mousavi	1
Kapisa	1
Nigerian	1
games	2
Catholics	1
Navy	3
caspianforum	1
MyJihad	31
Syrian	41
ProLife	1
CPJ	1
assassination	1
Turkish	5
2nd	1
consnc	1
Ireland	2
church	1
GunFreeZone	17
Intrusive	1
Benghazi30	1
War	6
USGS	1
HudhaifaElSayed	1
Literature	1
Mumbai	1
referendum	1
Algerians	1
Nas	1
TeamIran	1
Missoni	1
ObamaGunMovies	1
teaparty	14
Staycation	1
EveryBodyWantsToBe	1
lnyh	2
Belize	1
kurds	1
incompetent	1
NYTimesSchoolofLogic	1
Women	12
NDI	1
OpRacism	3
Censorship	2
IfItSavesOneLife	8
Tokyo	1
Pennsylvania	2
nra	2
Citizens	1
filmmaker	1
silencer	1
barrenmunchausen	1
Internet	3
PALESTINE	1
Tartus	1
Marines	3
WhiteHouse	3
Nationals	1
Ammo	1
p2	19
SanFrancisco	2
ANTIFA	1
T	1
Cybersecurity	1
BenghaziGATE	1
DefenseWeapon	1
NewShooter	1
royalty	1
Persian	10
demandaplan	1
Jeddah	1
ArmedCitizens	1
Energy	1
DontBlameMeIVotedForMitt	1
Qatar	13
Bullies	1
Italy	2
McGovern	1
Kham	1
USembassycairo	1
Endeavour	1
Occupy	1
Bush	1
Astronaut	1
EID	1
Bridal	1
Homs	1
Tavakoli	1
Golan	1
Register	1
Puppy	1
BirthCo	1
Benghaz	1
christmasrepeats	1
aleppo	6
crybaby	1
Handbag	1
Nadharkani	1
conflict	1
Fanon	2
Lebanese	1
lawyers	1
FastandFurious	2
California	2
Ill	1
TeamFollowBack	1
Latakia	1
GunControlNo	1
LionsHeart	1
Be	1
Founding	1
RegardingWarhol	1
PopulationControl	1
IAEA	9
Benghazigate	1
Ukrainian	4
DISHONOR	1
Bemba	1
Oscars	1
Congo	2
Psych	4
Adly	1
Iceland	1
organization	1
Jerusalem	4
gunshops	1
SyriaBlackout	1
Astrology	1
forex	1
MentionAChildhoodGame	1
Blogger	1
Lottery	1
Puzzling	1
Mubarak	1
USEmbassyCairo	1
salafi	1
Crime	2
quotes	10
LiBERALS	1
Toy	1
BERGDAHL	1
ImpeachObama	9
DRC	1
Homophobia	3
Pumpkin	1
Protestants	1
Redistribution	2
belfast	2
Gay	2
Oscar	1
MyPCC	1
bnp	1
Gas	2
ele	1
egypt	5
Connecticut	1
Russa	1
casualsunited	1
legitimaterape	1
Conservative	1
News	3
Marine	3
oathkeepers	1
Tampa	3
victims	1
D	1
FoxNews	2
ZeroDarkThirty	3
Tattlers	3
Fashion	8
VETS	1
Aid	1
Yemen	6
Wine	1
Seniors	1
Pakistan	25
Alexandria	2
Art	22
walthamstow	4
Heard	1
MUSLIM	1
Cantor	1
PJNET	8
CXF	2
Dakota	1
Rajavi	1
security	8
Pentagon	4
Bain	1
DivideAndConquer	1
cowardice	1
google	1
Bangladesh	1
Gulf	4
Prisons	2
cybersecurity	5
animals	6
Soros	1
Mosque	1
WeaselWonk	1
EDLP	1
Weapons	3
jft96	3
election	6
Shamoon	1
Typing	1
ShootingRange	1
Nigeria	2
Economy	2
Ikaria	1
qatar	1
Annan	1
Cuba	2
Quran	1
Constitution	2
Moscow	3
BradyBunch	1
religion	1
zionism	1
Facebook	6
Massachusetts	1
quote	1
cnn	9
Fooled	3
savile	3
NWI	2
He	1
Karachi	3
Europe	9
secularists	1
PBS	1
footiethug	1
M	1
GovtSpendingSpree	1
Bill	1
mentalillness	1
NewGuards	1
Daily	2
Hawaii	1
Sweden	2
Millionaire	1
SYRIA	12
rotherham	2
Russia	56
dlrs	1
wildlife	1
hookoff	1
Baggage	1
nowplaying	2
refugees	3
beta	1
Kafka	1
Environement	1
Yemeni	2
Fail	1
LowInformationDrivers	1
Best	1
guncontrol	9
BENGHAZI	4
Swedish	1
Dallas	1
al	1
Tgon	1
OPEC	6
Clintons	1
Korean	1
ahmadinejad	1
TimeTravelers	1
Victims	3
Tcot	1
CONTRACTS	1
Head	1
Polite	2
مجاهدین	1
Idiot	2
soT	1
Baseball	1
EthnicCleansing	1
war	6
Steel	1
Burma	3
KNEW	1
Animals	2
DNC	11
Revenuers	1
registered	1
Flu	1
Holocaust	1
Hilary	1
NoInnocentLoss	1
Russian	6
pjnet	1
2ndAmmendment	1
GDP	1
Beijing	1
Irish	1
Caspian	1
FastAndFurious	3
Uruguay	1
Czech	1
Loan	1
WethePeople	1
Africa	7
Impeach	2
un	1
RIPAaronSwa	1
AlQaeda	2
Scissors	1
Parchin	1
CFSA	2
SMH	1
Count	1
GoodPoint	1
ncpol	2
liberal	1
mideast	1
Nuclear	5
secondamendment	1
BobCostasFail	1
Sy	1
foreignpolicy	1
ukuncut	1
Kuwait	6
Gaza	73
Nazis	2
R2P	1
wotaprick	1
TX	1
Nangrahar	1
TUNISIA	1
mapoli	1
peace	1
uranium	1
MiddleEast	19
reality	1
politicians	1
bestinDC	1
GunFree	1
OHIO	1
PussyRiot	3
Resist44	1
Netflix	1
Dennis	1
Recipes	1
Freebies	1
CallOfDuty	1
Panetta	2
Stupid	1
templerun	1
Idi	1
AZ	1
Documentary	2
resist44	2
GhettoWaysToDie	1
militias	1
e	2
Color	1
Al	1
LinenWire	1
fact	1
DEFENSE	1
Empire	1
Shias	1
Warsaw	2
Rapist	1
HillaryClinton	1
twittergulag	1
teamspam	4
ObamaCare	14
UAE	10
AbuDhabi	1
edl	36
goldenglobes	1
Rascist	1
c4news	3
suicide	1
Columbia	1
animal	1
YeahThatsRight	1
obamacare	1
WhereIsOHidingBenghaziSurvivors	1
Netanyahu	10
environment	4
Toxic	1
PresidentPoverty	1
Argo	9
terror	1
Tourism	1
guncontrolnow	1
UAF	2
Bedfordshire	1
Never4Get	16
HowToKeepYourMan	3
NewOrleans	1
Sanctions	8
WakeUpAMERICA	1
Constitutional	1
Walthamstow	9
Nothing	1
Kachin	1
artwork	1
assad	1
NOBAMA	1
VAW	1
Guncontrol	1
Ambassador	1
StuckAt2000	1
ccot	4
taqiiya	1
Ethiopia	1
gender	1
Hagel	13
Tax	1
gun	5
Defense	53
Patriots	23
science	1
Libertarian	1
liberallogic	1
newyearhappiness	1
Debate	4
Mecca	2
be	1
Discrimination	1
ABCWorldNews	2
Blackwater	1
lnyhbt	10
cyber	1
Assange	3
TEDxWomen	1
Gre	1
video	1
Deficit	1
Rich	2
SEAL	1
PCC	1
Maryland	1
Norway	2
bacteria	1
FastFurious	1
ba	2
Assyrian	1
10BabyMama	1
ukip	1
Shahs	3
middleeast	1
debate	14
yourlittlebook	2
Assault	33
Alhurra	2
TV	2
alqaeda	1
America	1
Salafis	1
Legit	1
terrorism	3
PAKISTAN	1
giveup	1
Economics	2
Mideast	1
Libya	42
Freedom	11
muslim	4
BigBird	1
M23	1
StarbucksCupMessages	3
Stalin	1
LiberalBandNames	1
IRGC	2
poverty	1
Our	2
Hussein	1
earthquake	8
gay	2
metro	1
Intelligence	1
NowIsTheTime	1
CBO	1
Dead	1
CBS	1
Khartoum	1
Aljazeera	1
GovtControl	1
ISLAMOFASCIST	1
Arabic	2
wearewf	1
Femicide	1
Muslim	15
apple	1
Interrogation101	1
OpenBorder	1
sgp	5
BirthControl	4
Threatening	1
DOG	1
revol	1
NuLab	2
Unions	1
patriots	1
French	4
FF	30
NewJersey	1
Isaac	2
Police	1
Sudafed	1
Ecuador	5
transplant	1
Australia	1
mentalhealth	1
WeThePpl	522
sports	1
MALALA	1
Bloggers	1
msm	1
TelAviv	1
Wedding	1
pret	1
Gannett	6
Newtown	23
Bras	1
AUC	1
PROLIFE	1
journalists	6
Denmark	1
Weapon	3
eco	1
iSRAEL	1
Volleyball	2
gunappreciati	1
Beds	1
HowHillaryFell	1
Sanaa	2
women	21
Obamanation	1
sanctions	16
German	1
Kurdistan	2
NorthKorea	1
abortion	2
Petraeus	4
Down	1
commie	1
Video	2
Mentally	4
FLOTUS	1
Vote	1
NationalDebt	1
txlege	3
Children	5
BankOfAmeria	1
EmbassyGate	1
Polio	1
photojournalism	1
Media	5
jpnet	1
vauxhall	1
Coming2Ame	1
ScanEag	1
libertarian	1
fixthedebt	1
Policy	1
IRAN	20
LowInformationVoterThought	1
Chinese	3
Christmas	8
rape	3
HIV	2
sit	1
DebtControl	1
Barak	3
UN	26
NHS	1
Archaeologists	1
PleaseWatchItLive	1
Tutu	1
Chanel	1
P5	2
economy	1
Ugandans	1
designer	1
IllegalImmigration	1
Outlaw	1
Ryan	1
insp	1
sustainability	1
mac	1
abuse	1
London2012	2
prolife	1
Israelis	1
ctl	1
Exclusive	1
pabloneruda	1
Islamists	2
MSNBC	1
Shia	1
Romney	27
Community	1
NGOs	1
Resist	1
Blackpool	1
sh	1
Traitor	2
Hama	2
nour	1
29votes	1
pollution	1
Jabari	1
Islam	14
LIE	1
NewtownMassacre	1
Ayn	1
insurgency	1
twitterkurds	1
Not	1
washingtondc	1
JournalistRights	1
Re	1
Baghdad	8
TGDN	138
Swartz	1
HillarysProverbs	1
FILM	2
Higher	1
IRAQ	1
police	1
SandyBill	1
Delhi	1
labor	2
Guatemala	2
NAZIS	1
WTF	5
Poverty	1
Avon	1
WTO	1
debates	6
Dubai	6
vaxfax	1
TeaParty	4
freulein	1
TDGN	3
Chaplan	1
Iraqis	1
HRW	1
Fringe	2
Cat	1
ChemicalWeapons	1
BFP	7
SupportHobbyLobby	1
iPhone	1
TPP	1
FireCostas	1
twibbon	538
Aviation	1
Why	1
SupportIsrael	1
Infiltrated	1
truth	1
michaels	1
FireHolder	1
wagop	1
Communists	1
Tyranny	10
Arts	2
MidEast	5
gaming	1
Freer	1
taxincrease	1
Legal	1
Egyptians	2
books	3
Peru	1
Expected	1
Kabul	1
InquiringMind	1
sandy	1
CAIR	1
EGYPT	1
greeks	1
thatlittlebook	3
China	14
StuckOn2000	20
hilarious	1
Solyndra	1
CNNUndecideds	1
Cartoon	1
cartoons	1
bbcqt	1
Rights	1
RedNationR	2
Indonesia	2
ocra	13
Yalda	1
USElection	13
Snowboarders	1
Gun	30
One	1
dems	1
punkd	1
Security	4
Buffalo	1
nbcpolitics	1
Loire	1
Peshawar	1
2ndAmd	1
mypcc	1
FoxN	1
Roman	1
Jesus	1
Currency	2
MerryChristmas	1
Welfare	5
Ahmadinejad	9
blind	1
Afghanistan	31
blogger	1
TakeBackAmerica	1
Royal	1
GoldenGlobe	1
twinkie	1
Stars	2
NASA	1
Medicine	2
JOBS	7
TERRORISM	1
warships	1
Pampers	1
Playboy	1
Iran	466
For	1
occupy	1
CNNHeroes	1
Iranelection	3
CONTROL	1
Iraq	38
Jihadists	1
pointandlaugh	2
benghazi	3
Warhol	1
Morsi	12
Liberty	2
IMF	1
floppy	1
Ki	1
SandyHook	1
Army	1
wewillnotstanddown	1
YourLittleBook	2
R	1
France	17
History	3
AgentTerry	1
Decimation	1
OMG	2
Idleb	2
OpSlam	1
Obamalism	1
SuckIt	1
Humanrights	2
sweden	1
defense	1
sioa	2
Corrupt	2
BlockHagel	2
wearenorwich	2
Obama	524
russia	1
Hollywoods	1
Libyans	2
Clint	1
NUCLEAR	1
NATO	6
DC	6
Benghazi4	1
FiscalCliff	2
BirthConrol	1
halab	1
Venezuela	3
Oil	9
Drone	1
Jewish	5
DontFeedTheSocialists	1
De	1
foreigner	2
standdown	1
Photos	2
Tennessee	2
TheMoreYouKnow	1
Siberia	2
gayrights	1
DoItForGabby	1
Acirema	2
DISGRACE	1
cjsm	1
Greece	3
OMustGo	2
GOP2012	4
Freedoms	2
parenting	1
assault	1
Gandhi	1
Politics	7
Akin	7
Abraham	5
DHS	1
GOP	14
Rescue	1
TURKEY	1
cellphone	1
Binders	1
NRA	32
BoycottGannett	2
GunOwnersofAmerica	1
Chef	1
movie	1
Ruger	1
High	1
newtown	2
latinos	1
Turkmenistan	1
Catholic	2
Paris	3
SaveBigBird	2
Soccer	2
WH	20
Religion	1
WhyGunsAreBetterThanLiberals	6
Texan	1
GodBlessGeorgeWBush	1
asylum	1
ObamaTax	1
Bushehr	1
Woman	3
comeandtakeit	1
Berkeley	1
Kansas	2
unions	1
GoldenGlobes	3
McClatchy	1
Solar	2
Quotes	1
election2012	2
SamBacile	1
commies	1
TwitterGulag	2
Tuberculosis	1
photography	1
BNP	35
Jackie	1
Backwards	1
defenseless	1
toct	1
Italian	2
rapper	1
Boycott	5
Kony	1
SFFF	1
Manchester	1
Registration	1
Education	3
xmas	1
UnitedStates	1
iPad	1
StarWars	1
extremeweather	1
Iaea	1
LIBYA	2
WW2	1
islamophobia	1
Zoo	1
MSA	1
college	1
MEK	12
Amman	2
stigma	1
PIMCO	1
PastorSaeed	1
US2012	5
Beirut	5
Iowa	2
nuclear	13
Aurora	2
Monopoly	1
Misurata	1
Kermanshah	1
weapons	1
USArmy	1
Berlin	3
Books	3
isfahan	1
SAFETY	1
Republican	1
RiseUp	1
VPdebate	1
mintthecoin	1
jobs	1
Dictatorship	3
JustSaying	1
facepalm	1
Democrat	1
hajj	1
LGBT	26
COIN	1
AsiaTimes	1
Paralympics	2
Priceless	1
ArmedCitizen	1
Idolatry	1
Jail4Reid	1
RNC	2
GAZA	1
Rahm	1
s	1
asshat	1
Lawyer	1
ireadbannedbooks	2
tlo	1
Autism	1
FSA	18
ISRAEL	1
Death	2
Jeremy	1
Mortgage	1
Liber	1
Tyrant	1
StandDown	16
FSP	1
Aleppo	21
homosexuality	1
Bowe	1
humanrights	3
Leader	3
Surf	1
us2012	3
Camps	1
WeGoWhereWeWantEdl	1
heinz8675	1
IMPEACHNOW	1
notinvisible	1
liberals	3
Ahvaz	1
Reporters	1
Schools	2
longreads	1
Toronto	1
Mossad	5
SecondAmendment	1
ObamaVSAmerica	2
Cross	1
photos	2
RedNation	1
FAIL	1
FoundersUnderstood	1
WAR	6
Alawites	1
Jazeera	1
Brussels	1
Fukushima	1
PPact	1
Salafi	1
OWNED	1
Bethlehem	1
Taiwan	2
SandyHookHoax	2
GunControl	127
poppyappeal	7
Qaddafi	1
Sudan	2
dontmesswithtexas	1
Makdissi	2
Literary	1
Sufism	2
C18	1
Useless	1
Teaparty	1
Prez	3
Fuel	1
Smurfette	1
Nadarkhani	2
POTUS	10
GunOwners	4
Ovens	1
Israel	93
synagogue	1
2013Wish4Libya	1
media	12
Jazz	1
7hourso	1
RedNationRising	2
PUNKED	1
isla	1
Drought	1
Bukowski	1
homophobia	1
Suez	1
Mosul	1
PoppyAppeal	1
oil	8
slave	1
DaveyCrockett	1
Map	1
IRS	10
MTV	1
outcast	1
Twitter	1
everyoneneedsahobby	1
IRA	1
cartoon	1
ART	1
Santacon	1
Porn	1
Spring	2
no	1
NUTS	1
Ramadan	1
Julia	2
justiceforararonsw	1
neveragain	1
drone	4
Ganett	1
Qatana	1
SDL	2
Aids	3
interestingnews	1
Nazi	19
Brahimi	6
JOON	1
Darfur	1
PeopleControl	1
ReeyotAlemu	1
YouWereHotUntil	1
actress	1
NAM	5
tco	3
BP	1
tgdn	14
PHOTO	4
USPS	1
BOA	1
StandUnited	1
Gangbanger	1
Cellphones	1
death	1
townhall	1
TGDNHELP	1
pleasesubscribe	1
needtosleep	1
YouTube	1
iranElection	5
Taliban	8
Anonymous	4
Pictures	1
Guantanamo	1
thanksObama	1
WeThePppl	1
earthquakes	1
Perfume	2
gunrights	2
inflation	1
Booker	1
Eid	6
Gangnamstyle	1
TG	1
libs	1
world	1
Nobel	2
Potus	5
Law	1
England	1
intel	1
IISS_ME	1
Defend2nd	1
Assualt	1
LiberalChildrensBooks	3
Azerbaijan	1
WestBank	4
Extremist	1
Biden	2
happynews	1
Warning	2
t	3
Mahalla	1
Cairo	20
Labor	2
Music	6
pinklondon	1
Rumi	1
sheparty	1
Newton	1
Jewelry	1
Handbags	1
Pinterest	2
vanfail	3
Brides	1
twitter	3
glbt	1
lebanon	1
Arms	1
Controls	1
Rwanda	1
Somalia	4
Proselytizing	1
Mars	1
Terror	1
New	3
IKEA	2
ContemptOfCongress	1
aviation	1
2ndAmendment	4
Coffee	1
Druze	2
Disa	1
Men	1
Pharaoh	1
Gulag	2
Toddlers	1
NotInvisible	4
deficit	2
GunFreeZones	5
UNGA	4
ShiaGenocide	1
caring	1
WeThePeople	58
Rap	1
TCOT	11
Illiteracy	4
txcot	1
romneyencore	1
Washington	1
murdered	1
Vietnam	2
Militia	1
CxF	1
COP18	1
umkalthoum	1
PHOTOS	3
casuals	2
freedom	1
AchrafiehExplosion	1
US	23
Trade	1
Autumn	1
Eastwood	1
Protest	1
restoration	1
UK	14
UE	2
Japan	6
Rods	1
Rape	14
2ndAmen	1
protests	1
Ghobadi	1
No	3
press	2
Israeli	15
RedCross	1
Abbasi	1
Iraqi	1
Annecy	1
Storm	1
IDF	4
Pakistani	6
VetThePress	1
Azaz	1
rednati	1
NJ	1
savetheirdignity	1
NO	1
caviar	1
NF	1
NY	1
cats	1
racist	1
bbcworldservice	1
Child	1
Lebanon	19
Assad	37
NR	1
Netanhayu	1
Remember	1
cyberattacks	1
Twibbon	2
Science	3
pussyriot	1
Penis	1
Tripoli	3
fascists	1
Harry	1
Bloomie	1
Chelsea	2
endtimerspleasefuckoffanddie	1
WhatTreasonLooksLike	1
Gold	1
Walsall	8
Autopen	1
NOTObama	2
Tunisia	8
Britain	3
Drones	3
FBI	2
CIA	7
android	1
OpSLA	1
Design	1
USA	5
Space	1
romney	1
Armenians	2
cbs	1
MSM	2
Nato	1
Homeland	1
politics	1
education	3
Veterans	1
FEMA	6
film	5
Savages	1
SaudiArabia	2
Never	1
Ayatollahs	1
Immigration	1
Ankara	2
Islamic	5
DAR	1
Verification	1
trash	1
rial	7
Kurdish	1
Alex	1
ICC	3
LowInformationPresident	1
Deafening	12
Hafez	2
CNN	6
norwichprotest	3
christians	1
ghettowaystodie	1
msnbc	1
Fordow	1
Mexican	1
Myanmar	1
Vicks	1
Shargh	1
Mosaddegh	1
Violent	1
Spanish	1
FreePussyRiot	1
Saudi	21
