UnlikeUs	1
ukijktzolief	1
Fukushima	2
NYU	1
fatsoensrakkers	1
uva	2
networks	1
penw	4
web	1
jodi	1
tw	1
javaone	1
musichackday	1
politiek	1
opensource	2
revspace	4
picnic12	1
tk2010	2
IAM	1
robodock	1
unlikeus	15
python	1
protodevcamp10	1
mashdag	1
internet	1
ikSpin	1
dmi	4
facebook	2
ssd	1
graphviz	1
wc10	1
nos	1
shadows	1
clubmate	1
like	2
SNA	1
twibbon	1
cleanfeed	1
drop	1
NetworkKnockout	1
GOOGLEWAVE	1
moretocome	1
picnic09	4
Skype	1
madewithgephi	1
DMIfolks	1
ethical	1
google	1
misspellinggenerator	1
Pinterest	1
issuemapping	1
Wikipedia	1
mappingcontroversies	1
jippie	1
webarchiving	1
unrelevant	1
1minuutisgenoegvoorhelde	1
amsterdam	1
critique	1
buma	1
lekkerhandig	1
hausmarke	1
network	1
ftw	3
p	1
digitalsociology	1
rfidhackerscamp09	4
bigdata	1
research	1
ddj	4
Disney	1
innovation	1
googleplus	1
ikSketch	1
nowbow	1
highered	1
tibet	1
wi	1
tabquicksearch	1
dmi2011	34
dmi2012	2
ACTA	2
Iran	1
hacking	1
DSA	1
instant	1
tacticaltech	1
festlokdem	1
tapemixer	1
sbs6	1
houdjebezig	1
ukijktzozuur	1
har2009	2
DWDD	1
critcode	1
macospol	2
iamsterdam	1
hackers	1
Privacy	1
Tor	1
rtldebat	1
toitoitoi	1
databodies	1
xkcd	1
java	1
ofof	3
digitalmethods	2
wa	1
picnic07	1
Yahoo	1
Polity	1
newmedia	1
iphone	1
DMI	1
echtehackers	1
DOUR2010	1
hdo2010	6
musi	1
nologs	1
downloaddebat	5
wireless	1
Strp11	1
BUMA	1
ha	1
ts2as	1
googleinstant	1
HVA	1
scraping	1
GooglePlus	1
SpaanseLente	1
hackerscamp	1
platpol11	1
npoxmash	1
npomash	9
SAIL2010	1
mediamatic	1
netvizz	1
meer	1
Medialab	1
webmining	1
dataviz	1
pim	1
vrijheidahum	1
protocamp10	1
worldcup	1
Romney	1
datavis	2
fail	8
gephi	7
iTea	1
whitehats	1
911txts	1
sotq	16
gossip	1
Wikileaks	1
vuvuzela	1
carredebat	5
nice	1
npo	1
rozendaal	1
sna	3
robots	1
scraperdescrapescrape	1
gemist	1
ipbrowser	3
fa	1
fb	1
uvaic	1
Buma	1
wikileaks	1
ethics	1
hackdeoverheid	5
studente	1
w139	1
AliceinWonderland	1
Google	1
leweb	1
dullaart	1
bullshitbingo	1
tnx	1
infogalore	1
opendata	2
biasdetection	1
durftevragen	2
