user	favorited	entities	contributors	truncated	text	created_at	retweeted	in_reply_to_status_id_str	coordinates	in_reply_to_user_id_str	source	in_reply_to_status_id	in_reply_to_screen_name	id_str	place	retweet_count	geo	id	in_reply_to_user_id
{u'follow_request_sent': False, u'profile_use_background_image': True, u'default_profile_image': False, u'id': 19818128, u'verified': False, u'profile_text_color': u'333333', u'profile_image_url_https': u'https://si0.twimg.com/profile_images/1776075011/Photo_on_1-23-12_at_20.00___2_normal.jpg', u'profile_sidebar_fill_color': u'DDEEF6', u'entities': {u'description': {u'urls': []}}, u'followers_count': 62, u'profile_sidebar_border_color': u'C0DEED', u'id_str': u'19818128', u'profile_background_color': u'C0DEED', u'listed_count': 1, u'profile_background_image_url_https': u'https://si0.twimg.com/images/themes/theme1/bg.png', u'utc_offset': 3600, u'statuses_count': 38, u'description': u'Something awfully pretentious', u'friends_count': 314, u'location': u'', u'profile_link_color': u'0084B4', u'profile_image_url': u'http://a0.twimg.com/profile_images/1776075011/Photo_on_1-23-12_at_20.00___2_normal.jpg', u'following': False, u'geo_enabled': False, u'profile_background_image_url': u'http://a0.twimg.com/images/themes/theme1/bg.png', u'screen_name': u'eelkeh', u'lang': u'en', u'profile_background_tile': False, u'favourites_count': 2, u'name': u'Eelke Hermens', u'notifications': False, u'url': None, u'created_at': u'Sat Jan 31 15:18:29 +0000 2009', u'contributors_enabled': False, u'time_zone': u'Amsterdam', u'protected': False, u'default_profile': True, u'is_translator': False}	False	{u'user_mentions': [{u'id': 21385538, u'indices': [0, 13], u'id_str': u'21385538', u'screen_name': u'arno_stevens', u'name': u'Arno Stevens'}, {u'id': 87201342, u'indices': [14, 24], u'id_str': u'87201342', u'screen_name': u'Cineville', u'name': u'Cineville'}], u'hashtags': [], u'urls': []}	None	False	@arno_stevens @Cineville En wat vond je ervan?	Sun Jan 15 16:22:42 +0000 2012	False	158188502096416768	None	21385538	web	158188502096416768	arno_stevens	158584907457769473	None	0	None	158584907457769473	21385538
{u'follow_request_sent': False, u'profile_use_background_image': True, u'default_profile_image': False, u'id': 19818128, u'verified': False, u'profile_text_color': u'333333', u'profile_image_url_https': u'https://si0.twimg.com/profile_images/1776075011/Photo_on_1-23-12_at_20.00___2_normal.jpg', u'profile_sidebar_fill_color': u'DDEEF6', u'entities': {u'description': {u'urls': []}}, u'followers_count': 62, u'profile_sidebar_border_color': u'C0DEED', u'id_str': u'19818128', u'profile_background_color': u'C0DEED', u'listed_count': 1, u'profile_background_image_url_https': u'https://si0.twimg.com/images/themes/theme1/bg.png', u'utc_offset': 3600, u'statuses_count': 38, u'description': u'Something awfully pretentious', u'friends_count': 314, u'location': u'', u'profile_link_color': u'0084B4', u'profile_image_url': u'http://a0.twimg.com/profile_images/1776075011/Photo_on_1-23-12_at_20.00___2_normal.jpg', u'following': False, u'geo_enabled': False, u'profile_background_image_url': u'http://a0.twimg.com/images/themes/theme1/bg.png', u'screen_name': u'eelkeh', u'lang': u'en', u'profile_background_tile': False, u'favourites_count': 2, u'name': u'Eelke Hermens', u'notifications': False, u'url': None, u'created_at': u'Sat Jan 31 15:18:29 +0000 2009', u'contributors_enabled': False, u'time_zone': u'Amsterdam', u'protected': False, u'default_profile': True, u'is_translator': False}	False	{u'user_mentions': [{u'id': 816653, u'indices': [91, 102], u'id_str': u'816653', u'screen_name': u'TechCrunch', u'name': u'TechCrunch'}], u'hashtags': [], u'urls': [{u'url': u'http://t.co/qC36EJxz', u'indices': [66, 86], u'expanded_url': u'http://bit.ly/oJNhHB', u'display_url': u'bit.ly/oJNhHB'}]}	None	False	Controversy as Spotify requires new users to be on Facebook first http://t.co/qC36EJxz via @techcrunch	Mon Sep 26 17:23:55 +0000 2011	False	None	None	None	<a href="http://twitter.com/tweetbutton" rel="nofollow">Tweet Button</a>	None	None	118375258620301312	None	0	None	118375258620301312	False	None
{u'follow_request_sent': False, u'profile_use_background_image': True, u'default_profile_image': False, u'id': 19818128, u'verified': False, u'profile_text_color': u'333333', u'profile_image_url_https': u'https://si0.twimg.com/profile_images/1776075011/Photo_on_1-23-12_at_20.00___2_normal.jpg', u'profile_sidebar_fill_color': u'DDEEF6', u'entities': {u'description': {u'urls': []}}, u'followers_count': 62, u'profile_sidebar_border_color': u'C0DEED', u'id_str': u'19818128', u'profile_background_color': u'C0DEED', u'listed_count': 1, u'profile_background_image_url_https': u'https://si0.twimg.com/images/themes/theme1/bg.png', u'utc_offset': 3600, u'statuses_count': 38, u'description': u'Something awfully pretentious', u'friends_count': 314, u'location': u'', u'profile_link_color': u'0084B4', u'profile_image_url': u'http://a0.twimg.com/profile_images/1776075011/Photo_on_1-23-12_at_20.00___2_normal.jpg', u'following': False, u'geo_enabled': False, u'profile_background_image_url': u'http://a0.twimg.com/images/themes/theme1/bg.png', u'screen_name': u'eelkeh', u'lang': u'en', u'profile_background_tile': False, u'favourites_count': 2, u'name': u'Eelke Hermens', u'notifications': False, u'url': None, u'created_at': u'Sat Jan 31 15:18:29 +0000 2009', u'contributors_enabled': False, u'time_zone': u'Amsterdam', u'protected': False, u'default_profile': True, u'is_translator': False}	False	{u'user_mentions': [{u'id': 17177403, u'indices': [0, 6], u'id_str': u'17177403', u'screen_name': u'plevy', u'name': u'Pierre Levy'}], u'hashtags': [], u'urls': []}	None	False	@plevy Thanks for the correction, will take that into account...	Tue Sep 13 08:52:47 +0000 2011	False	113403801842618369	None	17177403	web	113403801842618369	plevy	113535585976721408	None	0	None	113535585976721408	17177403
{u'follow_request_sent': False, u'profile_use_background_image': True, u'default_profile_image': False, u'id': 19818128, u'verified': False, u'profile_text_color': u'333333', u'profile_image_url_https': u'https://si0.twimg.com/profile_images/1776075011/Photo_on_1-23-12_at_20.00___2_normal.jpg', u'profile_sidebar_fill_color': u'DDEEF6', u'entities': {u'description': {u'urls': []}}, u'followers_count': 62, u'profile_sidebar_border_color': u'C0DEED', u'id_str': u'19818128', u'profile_background_color': u'C0DEED', u'listed_count': 1, u'profile_background_image_url_https': u'https://si0.twimg.com/images/themes/theme1/bg.png', u'utc_offset': 3600, u'statuses_count': 38, u'description': u'Something awfully pretentious', u'friends_count': 314, u'location': u'', u'profile_link_color': u'0084B4', u'profile_image_url': u'http://a0.twimg.com/profile_images/1776075011/Photo_on_1-23-12_at_20.00___2_normal.jpg', u'following': False, u'geo_enabled': False, u'profile_background_image_url': u'http://a0.twimg.com/images/themes/theme1/bg.png', u'screen_name': u'eelkeh', u'lang': u'en', u'profile_background_tile': False, u'favourites_count': 2, u'name': u'Eelke Hermens', u'notifications': False, u'url': None, u'created_at': u'Sat Jan 31 15:18:29 +0000 2009', u'contributors_enabled': False, u'time_zone': u'Amsterdam', u'protected': False, u'default_profile': True, u'is_translator': False}	False	{u'user_mentions': [{u'id': 17177403, u'indices': [0, 6], u'id_str': u'17177403', u'screen_name': u'plevy', u'name': u'Pierre Levy'}], u'hashtags': [], u'urls': []}	None	False	@plevy Could you elaborate on what you don't agree on?	Mon Sep 12 21:31:19 +0000 2011	False	113345365532606465	None	17177403	web	113345365532606465	plevy	113364089291538432	None	0	None	113364089291538432	17177403
{u'follow_request_sent': False, u'profile_use_background_image': True, u'default_profile_image': False, u'id': 19818128, u'verified': False, u'profile_text_color': u'333333', u'profile_image_url_https': u'https://si0.twimg.com/profile_images/1776075011/Photo_on_1-23-12_at_20.00___2_normal.jpg', u'profile_sidebar_fill_color': u'DDEEF6', u'entities': {u'description': {u'urls': []}}, u'followers_count': 62, u'profile_sidebar_border_color': u'C0DEED', u'id_str': u'19818128', u'profile_background_color': u'C0DEED', u'listed_count': 1, u'profile_background_image_url_https': u'https://si0.twimg.com/images/themes/theme1/bg.png', u'utc_offset': 3600, u'statuses_count': 38, u'description': u'Something awfully pretentious', u'friends_count': 314, u'location': u'', u'profile_link_color': u'0084B4', u'profile_image_url': u'http://a0.twimg.com/profile_images/1776075011/Photo_on_1-23-12_at_20.00___2_normal.jpg', u'following': False, u'geo_enabled': False, u'profile_background_image_url': u'http://a0.twimg.com/images/themes/theme1/bg.png', u'screen_name': u'eelkeh', u'lang': u'en', u'profile_background_tile': False, u'favourites_count': 2, u'name': u'Eelke Hermens', u'notifications': False, u'url': None, u'created_at': u'Sat Jan 31 15:18:29 +0000 2009', u'contributors_enabled': False, u'time_zone': u'Amsterdam', u'protected': False, u'default_profile': True, u'is_translator': False}	False	{u'user_mentions': [{u'id': 112453332, u'indices': [0, 11], u'id_str': u'112453332', u'screen_name': u'xlshosting', u'name': u'XLS Hosting'}], u'hashtags': [], u'urls': []}	None	False	@xlshosting Enig idee wanneer jullie VPS5013 leven in kunnen blazen, na ruim 8 uur downtime? Kan ook niet meer in de interface inloggen...	Tue May 03 15:09:00 +0000 2011	False	None	None	112453332	web	None	xlshosting	65432677855150080	None	0	None	65432677855150080	112453332
{u'follow_request_sent': False, u'profile_use_background_image': True, u'default_profile_image': False, u'id': 19818128, u'verified': False, u'profile_text_color': u'333333', u'profile_image_url_https': u'https://si0.twimg.com/profile_images/1776075011/Photo_on_1-23-12_at_20.00___2_normal.jpg', u'profile_sidebar_fill_color': u'DDEEF6', u'entities': {u'description': {u'urls': []}}, u'followers_count': 62, u'profile_sidebar_border_color': u'C0DEED', u'id_str': u'19818128', u'profile_background_color': u'C0DEED', u'listed_count': 1, u'profile_background_image_url_https': u'https://si0.twimg.com/images/themes/theme1/bg.png', u'utc_offset': 3600, u'statuses_count': 38, u'description': u'Something awfully pretentious', u'friends_count': 314, u'location': u'', u'profile_link_color': u'0084B4', u'profile_image_url': u'http://a0.twimg.com/profile_images/1776075011/Photo_on_1-23-12_at_20.00___2_normal.jpg', u'following': False, u'geo_enabled': False, u'profile_background_image_url': u'http://a0.twimg.com/images/themes/theme1/bg.png', u'screen_name': u'eelkeh', u'lang': u'en', u'profile_background_tile': False, u'favourites_count': 2, u'name': u'Eelke Hermens', u'notifications': False, u'url': None, u'created_at': u'Sat Jan 31 15:18:29 +0000 2009', u'contributors_enabled': False, u'time_zone': u'Amsterdam', u'protected': False, u'default_profile': True, u'is_translator': False}	False	{u'user_mentions': [{u'id': 112453332, u'indices': [0, 11], u'id_str': u'112453332', u'screen_name': u'xlshosting', u'name': u'XLS Hosting'}], u'hashtags': [], u'urls': []}	None	False	@xlshosting Wat is er met VPS5013 aan de hand? Is die ook down wegens de trage harde schijf toegang?	Tue May 03 12:04:49 +0000 2011	False	None	None	112453332	web	None	xlshosting	65386323833405440	None	0	None	65386323833405440	112453332
{u'follow_request_sent': False, u'profile_use_background_image': True, u'default_profile_image': False, u'id': 19818128, u'verified': False, u'profile_text_color': u'333333', u'profile_image_url_https': u'https://si0.twimg.com/profile_images/1776075011/Photo_on_1-23-12_at_20.00___2_normal.jpg', u'profile_sidebar_fill_color': u'DDEEF6', u'entities': {u'description': {u'urls': []}}, u'followers_count': 62, u'profile_sidebar_border_color': u'C0DEED', u'id_str': u'19818128', u'profile_background_color': u'C0DEED', u'listed_count': 1, u'profile_background_image_url_https': u'https://si0.twimg.com/images/themes/theme1/bg.png', u'utc_offset': 3600, u'statuses_count': 38, u'description': u'Something awfully pretentious', u'friends_count': 314, u'location': u'', u'profile_link_color': u'0084B4', u'profile_image_url': u'http://a0.twimg.com/profile_images/1776075011/Photo_on_1-23-12_at_20.00___2_normal.jpg', u'following': False, u'geo_enabled': False, u'profile_background_image_url': u'http://a0.twimg.com/images/themes/theme1/bg.png', u'screen_name': u'eelkeh', u'lang': u'en', u'profile_background_tile': False, u'favourites_count': 2, u'name': u'Eelke Hermens', u'notifications': False, u'url': None, u'created_at': u'Sat Jan 31 15:18:29 +0000 2009', u'contributors_enabled': False, u'time_zone': u'Amsterdam', u'protected': False, u'default_profile': True, u'is_translator': False}	False	{u'user_mentions': [], u'hashtags': [{u'indices': [15, 21], u'text': u'ts2as'}], u'urls': []}	None	False	Drop die beat! #ts2as	Mon Oct 18 20:47:27 +0000 2010	False	None	None	None	<a href="http://twitter.com/download/iphone" rel="nofollow">Twitter for iPhone</a>	None	None	27767990457	None	0	None	27767990457	None
{u'follow_request_sent': False, u'profile_use_background_image': True, u'default_profile_image': False, u'id': 19818128, u'verified': False, u'profile_text_color': u'333333', u'profile_image_url_https': u'https://si0.twimg.com/profile_images/1776075011/Photo_on_1-23-12_at_20.00___2_normal.jpg', u'profile_sidebar_fill_color': u'DDEEF6', u'entities': {u'description': {u'urls': []}}, u'followers_count': 62, u'profile_sidebar_border_color': u'C0DEED', u'id_str': u'19818128', u'profile_background_color': u'C0DEED', u'listed_count': 1, u'profile_background_image_url_https': u'https://si0.twimg.com/images/themes/theme1/bg.png', u'utc_offset': 3600, u'statuses_count': 38, u'description': u'Something awfully pretentious', u'friends_count': 314, u'location': u'', u'profile_link_color': u'0084B4', u'profile_image_url': u'http://a0.twimg.com/profile_images/1776075011/Photo_on_1-23-12_at_20.00___2_normal.jpg', u'following': False, u'geo_enabled': False, u'profile_background_image_url': u'http://a0.twimg.com/images/themes/theme1/bg.png', u'screen_name': u'eelkeh', u'lang': u'en', u'profile_background_tile': False, u'favourites_count': 2, u'name': u'Eelke Hermens', u'notifications': False, u'url': None, u'created_at': u'Sat Jan 31 15:18:29 +0000 2009', u'contributors_enabled': False, u'time_zone': u'Amsterdam', u'protected': False, u'default_profile': True, u'is_translator': False}	{u'user_mentions': [{u'id': 20136749, u'indices': [3, 11], u'id_str': u'20136749', u'screen_name': u'DeSpeld', u'name': u'De Speld'}], u'hashtags': [{u'indices': [111, 122], u'text': u'carredebat'}], u'urls': []}	{u'user': {u'follow_request_sent': False, u'profile_use_background_image': False, u'default_profile_image': False, u'id': 20136749, u'verified': False, u'profile_text_color': u'663B12', u'profile_image_url_https': u'https://si0.twimg.com/profile_images/713910503/logo_alleenspeld_drukwerk_normal.jpg', u'profile_sidebar_fill_color': u'DAECF4', u'entities': {u'url': {u'urls': [{u'url': u'http://www.speld.nl', u'indices': [0, 19], u'expanded_url': None}]}, u'description': {u'urls': []}}, u'followers_count': 27929, u'profile_sidebar_border_color': u'FFFFFF', u'id_str': u'20136749', u'profile_background_color': u'C6E2EE', u'listed_count': 443, u'profile_background_image_url_https': u'https://si0.twimg.com/profile_background_images/710528771/12e173437a3f20e8dc660b3be6756a39.jpeg', u'utc_offset': 3600, u'statuses_count': 3217, u'description': u'Uw vaste prik voor betrouwbaar nieuws', u'friends_count': 1571, u'location': u'Amsterdam, The Netherlands', u'profile_link_color': u'1F98C7', u'profile_image_url': u'http://a0.twimg.com/profile_images/713910503/logo_alleenspeld_drukwerk_normal.jpg', u'following': None, u'geo_enabled': False, u'profile_banner_url': u'https://si0.twimg.com/profile_banners/20136749/1353511057', u'profile_background_image_url': u'http://a0.twimg.com/profile_background_images/710528771/12e173437a3f20e8dc660b3be6756a39.jpeg', u'screen_name': u'DeSpeld', u'lang': u'en', u'profile_background_tile': False, u'favourites_count': 2, u'name': u'De Speld', u'notifications': None, u'url': u'http://www.speld.nl', u'created_at': u'Thu Feb 05 10:45:15 +0000 2009', u'contributors_enabled': False, u'time_zone': u'Amsterdam', u'protected': False, u'default_profile': False, u'is_translator': False}, u'favorited': False, u'entities': {u'user_mentions': [], u'hashtags': [{u'indices': [98, 109], u'text': u'carredebat'}], u'urls': []}, u'contributors': None, u'truncated': False, u'text': u'"U kijkt zo lief" - Balkenende brengt versiertips van Jack de Vries op subtiele wijze in praktijk #carredebat', u'created_at': u'Wed May 26 20:24:20 +0000 2010', u'retweeted': False, u'in_reply_to_status_id_str': None, u'coordinates': None, u'in_reply_to_user_id_str': None, u'source': u'web', u'in_reply_to_status_id': None, u'in_reply_to_screen_name': None, u'id_str': u'14786223326', u'place': None, u'retweet_count': 103, u'geo': None, u'id': 14786223326, u'in_reply_to_user_id': None}	None	False	RT @DeSpeld: "U kijkt zo lief" - Balkenende brengt versiertips van Jack de Vries op subtiele wijze in praktijk #carredebat	Wed May 26 20:26:38 +0000 2010	False	None	None	None	web	None	False	None	14786336281	None	103	None	14786336281	None
{u'follow_request_sent': False, u'profile_use_background_image': True, u'default_profile_image': False, u'id': 19818128, u'verified': False, u'profile_text_color': u'333333', u'profile_image_url_https': u'https://si0.twimg.com/profile_images/1776075011/Photo_on_1-23-12_at_20.00___2_normal.jpg', u'profile_sidebar_fill_color': u'DDEEF6', u'entities': {u'description': {u'urls': []}}, u'followers_count': 62, u'profile_sidebar_border_color': u'C0DEED', u'id_str': u'19818128', u'profile_background_color': u'C0DEED', u'listed_count': 1, u'profile_background_image_url_https': u'https://si0.twimg.com/images/themes/theme1/bg.png', u'utc_offset': 3600, u'statuses_count': 38, u'description': u'Something awfully pretentious', u'friends_count': 314, u'location': u'', u'profile_link_color': u'0084B4', u'profile_image_url': u'http://a0.twimg.com/profile_images/1776075011/Photo_on_1-23-12_at_20.00___2_normal.jpg', u'following': False, u'geo_enabled': False, u'profile_background_image_url': u'http://a0.twimg.com/images/themes/theme1/bg.png', u'screen_name': u'eelkeh', u'lang': u'en', u'profile_background_tile': False, u'favourites_count': 2, u'name': u'Eelke Hermens', u'notifications': False, u'url': None, u'created_at': u'Sat Jan 31 15:18:29 +0000 2009', u'contributors_enabled': False, u'time_zone': u'Amsterdam', u'protected': False, u'default_profile': True, u'is_translator': False}	False	{u'user_mentions': [], u'hashtags': [{u'indices': [98, 109], u'text': u'carredebat'}], u'urls': []}	None	False	Emile Roemer mag Cohen wel een lesje ontspannen debaten gaan geven, wat een ongelooflijk contrast #carredebat	Wed May 26 19:23:24 +0000 2010	False	None	None	None	web	None	None	14783207379	None	0	None	14783207379	None
{u'follow_request_sent': False, u'profile_use_background_image': True, u'default_profile_image': False, u'id': 19818128, u'verified': False, u'profile_text_color': u'333333', u'profile_image_url_https': u'https://si0.twimg.com/profile_images/1776075011/Photo_on_1-23-12_at_20.00___2_normal.jpg', u'profile_sidebar_fill_color': u'DDEEF6', u'entities': {u'description': {u'urls': []}}, u'followers_count': 62, u'profile_sidebar_border_color': u'C0DEED', u'id_str': u'19818128', u'profile_background_color': u'C0DEED', u'listed_count': 1, u'profile_background_image_url_https': u'https://si0.twimg.com/images/themes/theme1/bg.png', u'utc_offset': 3600, u'statuses_count': 38, u'description': u'Something awfully pretentious', u'friends_count': 314, u'location': u'', u'profile_link_color': u'0084B4', u'profile_image_url': u'http://a0.twimg.com/profile_images/1776075011/Photo_on_1-23-12_at_20.00___2_normal.jpg', u'following': False, u'geo_enabled': False, u'profile_background_image_url': u'http://a0.twimg.com/images/themes/theme1/bg.png', u'screen_name': u'eelkeh', u'lang': u'en', u'profile_background_tile': False, u'favourites_count': 2, u'name': u'Eelke Hermens', u'notifications': False, u'url': None, u'created_at': u'Sat Jan 31 15:18:29 +0000 2009', u'contributors_enabled': False, u'time_zone': u'Amsterdam', u'protected': False, u'default_profile': True, u'is_translator': False}	False	{u'user_mentions': [], u'hashtags': [{u'indices': [64, 75], u'text': u'carredebat'}], u'urls': []}	None	False	Nog een debat in top trending wereldwijd, Nederland twitterland #carredebat	Wed May 26 19:08:27 +0000 2010	False	None	None	None	web	None	None	14782468579	None	0	None	14782468579	None
{u'follow_request_sent': False, u'profile_use_background_image': True, u'default_profile_image': False, u'id': 19818128, u'verified': False, u'profile_text_color': u'333333', u'profile_image_url_https': u'https://si0.twimg.com/profile_images/1776075011/Photo_on_1-23-12_at_20.00___2_normal.jpg', u'profile_sidebar_fill_color': u'DDEEF6', u'entities': {u'description': {u'urls': []}}, u'followers_count': 62, u'profile_sidebar_border_color': u'C0DEED', u'id_str': u'19818128', u'profile_background_color': u'C0DEED', u'listed_count': 1, u'profile_background_image_url_https': u'https://si0.twimg.com/images/themes/theme1/bg.png', u'utc_offset': 3600, u'statuses_count': 38, u'description': u'Something awfully pretentious', u'friends_count': 314, u'location': u'', u'profile_link_color': u'0084B4', u'profile_image_url': u'http://a0.twimg.com/profile_images/1776075011/Photo_on_1-23-12_at_20.00___2_normal.jpg', u'following': False, u'geo_enabled': False, u'profile_background_image_url': u'http://a0.twimg.com/images/themes/theme1/bg.png', u'screen_name': u'eelkeh', u'lang': u'en', u'profile_background_tile': False, u'favourites_count': 2, u'name': u'Eelke Hermens', u'notifications': False, u'url': None, u'created_at': u'Sat Jan 31 15:18:29 +0000 2009', u'contributors_enabled': False, u'time_zone': u'Amsterdam', u'protected': False, u'default_profile': True, u'is_translator': False}	False	{u'user_mentions': [], u'hashtags': [], u'urls': []}	None	False	Tell-All Generation Learns to Keep Things Offline - http://nyti.ms/by4SIp	Sun May 09 20:51:55 +0000 2010	False	None	None	None	<a href="http://timespeople.nytimes.com" rel="nofollow">TimesPeople</a>	None	None	13687229678	None	0	None	13687229678	None
{u'follow_request_sent': False, u'profile_use_background_image': True, u'default_profile_image': False, u'id': 19818128, u'verified': False, u'profile_text_color': u'333333', u'profile_image_url_https': u'https://si0.twimg.com/profile_images/1776075011/Photo_on_1-23-12_at_20.00___2_normal.jpg', u'profile_sidebar_fill_color': u'DDEEF6', u'entities': {u'description': {u'urls': []}}, u'followers_count': 62, u'profile_sidebar_border_color': u'C0DEED', u'id_str': u'19818128', u'profile_background_color': u'C0DEED', u'listed_count': 1, u'profile_background_image_url_https': u'https://si0.twimg.com/images/themes/theme1/bg.png', u'utc_offset': 3600, u'statuses_count': 38, u'description': u'Something awfully pretentious', u'friends_count': 314, u'location': u'', u'profile_link_color': u'0084B4', u'profile_image_url': u'http://a0.twimg.com/profile_images/1776075011/Photo_on_1-23-12_at_20.00___2_normal.jpg', u'following': False, u'geo_enabled': False, u'profile_background_image_url': u'http://a0.twimg.com/images/themes/theme1/bg.png', u'screen_name': u'eelkeh', u'lang': u'en', u'profile_background_tile': False, u'favourites_count': 2, u'name': u'Eelke Hermens', u'notifications': False, u'url': None, u'created_at': u'Sat Jan 31 15:18:29 +0000 2009', u'contributors_enabled': False, u'time_zone': u'Amsterdam', u'protected': False, u'default_profile': True, u'is_translator': False}	False	{u'user_mentions': [{u'id': 77329833, u'indices': [0, 13], u'id_str': u'77329833', u'screen_name': u'thomashosman', u'name': u'Thomas Hosman'}], u'hashtags': [], u'urls': []}	None	False	@thomashosman Staat me bij dat Mattie ooit contact heeft gehad met speechschrijver van Cohen.	Sun Mar 07 12:27:49 +0000 2010	False	10117978350	None	77329833	<a href="https://chrome.google.com/extensions/detail/encaiiljifbdbjlphpgpiimidegddhic" rel="nofollow">Silver Bird</a>	10117978350	thomashosman	10118126273	None	0	None	10118126273	77329833
{u'follow_request_sent': False, u'profile_use_background_image': True, u'default_profile_image': False, u'id': 19818128, u'verified': False, u'profile_text_color': u'333333', u'profile_image_url_https': u'https://si0.twimg.com/profile_images/1776075011/Photo_on_1-23-12_at_20.00___2_normal.jpg', u'profile_sidebar_fill_color': u'DDEEF6', u'entities': {u'description': {u'urls': []}}, u'followers_count': 62, u'profile_sidebar_border_color': u'C0DEED', u'id_str': u'19818128', u'profile_background_color': u'C0DEED', u'listed_count': 1, u'profile_background_image_url_https': u'https://si0.twimg.com/images/themes/theme1/bg.png', u'utc_offset': 3600, u'statuses_count': 38, u'description': u'Something awfully pretentious', u'friends_count': 314, u'location': u'', u'profile_link_color': u'0084B4', u'profile_image_url': u'http://a0.twimg.com/profile_images/1776075011/Photo_on_1-23-12_at_20.00___2_normal.jpg', u'following': False, u'geo_enabled': False, u'profile_background_image_url': u'http://a0.twimg.com/images/themes/theme1/bg.png', u'screen_name': u'eelkeh', u'lang': u'en', u'profile_background_tile': False, u'favourites_count': 2, u'name': u'Eelke Hermens', u'notifications': False, u'url': None, u'created_at': u'Sat Jan 31 15:18:29 +0000 2009', u'contributors_enabled': False, u'time_zone': u'Amsterdam', u'protected': False, u'default_profile': True, u'is_translator': False}	{u'user_mentions': [{u'id': 77329833, u'indices': [3, 16], u'id_str': u'77329833', u'screen_name': u'thomashosman', u'name': u'Thomas Hosman'}], u'hashtags': [], u'urls': []}	{u'user': {u'follow_request_sent': False, u'profile_use_background_image': True, u'default_profile_image': False, u'id': 77329833, u'verified': False, u'profile_text_color': u'333333', u'profile_image_url_https': u'https://si0.twimg.com/profile_images/818239591/Foto_op_13-04-2010_om_00.36__2_normal.jpg', u'profile_sidebar_fill_color': u'DDEEF6', u'entities': {u'url': {u'urls': [{u'url': u'http://www.cineville.nl', u'indices': [0, 23], u'expanded_url': None}]}, u'description': {u'urls': []}}, u'followers_count': 163, u'profile_sidebar_border_color': u'C0DEED', u'id_str': u'77329833', u'profile_background_color': u'C0DEED', u'listed_count': 7, u'profile_background_image_url_https': u'https://si0.twimg.com/images/themes/theme1/bg.png', u'utc_offset': -36000, u'statuses_count': 50, u'description': u'Medeoprichter en directeur Cineville', u'friends_count': 438, u'location': u'Amsterdam', u'profile_link_color': u'0084B4', u'profile_image_url': u'http://a0.twimg.com/profile_images/818239591/Foto_op_13-04-2010_om_00.36__2_normal.jpg', u'following': None, u'geo_enabled': False, u'profile_background_image_url': u'http://a0.twimg.com/images/themes/theme1/bg.png', u'screen_name': u'thomashosman', u'lang': u'en', u'profile_background_tile': False, u'favourites_count': 6, u'name': u'Thomas Hosman', u'notifications': None, u'url': u'http://www.cineville.nl', u'created_at': u'Fri Sep 25 22:40:13 +0000 2009', u'contributors_enabled': False, u'time_zone': u'Hawaii', u'protected': False, u'default_profile': True, u'is_translator': False}, u'favorited': False, u'entities': {u'user_mentions': [], u'hashtags': [{u'indices': [126, 134], u'text': u'oscarn8'}], u'urls': []}, u'contributors': None, u'truncated': False, u'text': u'Oscarnacht helemaal uitverkocht, maar caf\xe9 is open met schermen waarop uitz. en uitreiking te zien zijn! http://bit.ly/b9k5Td #oscarn8', u'created_at': u'Fri Mar 05 16:26:54 +0000 2010', u'retweeted': False, u'in_reply_to_status_id_str': None, u'coordinates': None, u'in_reply_to_user_id_str': None, u'source': u'<a href="http://itunes.apple.com/app/twitter/id333903271?mt=8" rel="nofollow">Twitter for iPhone</a>', u'in_reply_to_status_id': None, u'in_reply_to_screen_name': None, u'id_str': u'10031165532', u'place': None, u'retweet_count': 1, u'geo': None, u'id': 10031165532, u'in_reply_to_user_id': None}	None	False	RT @thomashosman: Oscarnacht helemaal uitverkocht, maar caf√© is open met schermen waarop uitz. en uitreiking te zien zijn! http://bit.ly ...	Fri Mar 05 20:15:56 +0000 2010	False	None	None	None	web	None	False	None	10040132351	None	1	None	10040132351	None
{u'follow_request_sent': False, u'profile_use_background_image': True, u'default_profile_image': False, u'id': 19818128, u'verified': False, u'profile_text_color': u'333333', u'profile_image_url_https': u'https://si0.twimg.com/profile_images/1776075011/Photo_on_1-23-12_at_20.00___2_normal.jpg', u'profile_sidebar_fill_color': u'DDEEF6', u'entities': {u'description': {u'urls': []}}, u'followers_count': 62, u'profile_sidebar_border_color': u'C0DEED', u'id_str': u'19818128', u'profile_background_color': u'C0DEED', u'listed_count': 1, u'profile_background_image_url_https': u'https://si0.twimg.com/images/themes/theme1/bg.png', u'utc_offset': 3600, u'statuses_count': 38, u'description': u'Something awfully pretentious', u'friends_count': 314, u'location': u'', u'profile_link_color': u'0084B4', u'profile_image_url': u'http://a0.twimg.com/profile_images/1776075011/Photo_on_1-23-12_at_20.00___2_normal.jpg', u'following': False, u'geo_enabled': False, u'profile_background_image_url': u'http://a0.twimg.com/images/themes/theme1/bg.png', u'screen_name': u'eelkeh', u'lang': u'en', u'profile_background_tile': False, u'favourites_count': 2, u'name': u'Eelke Hermens', u'notifications': False, u'url': None, u'created_at': u'Sat Jan 31 15:18:29 +0000 2009', u'contributors_enabled': False, u'time_zone': u'Amsterdam', u'protected': False, u'default_profile': True, u'is_translator': False}	False	{u'user_mentions': [], u'hashtags': [{u'indices': [33, 38], u'text': u'penw'}], u'urls': []}	None	False	Oh nee... Van Geel pulls a Nixon #penw	Tue Mar 02 23:01:40 +0000 2010	False	None	None	None	web	None	None	9895739115	None	0	None	9895739115	None
{u'follow_request_sent': False, u'profile_use_background_image': True, u'default_profile_image': False, u'id': 19818128, u'verified': False, u'profile_text_color': u'333333', u'profile_image_url_https': u'https://si0.twimg.com/profile_images/1776075011/Photo_on_1-23-12_at_20.00___2_normal.jpg', u'profile_sidebar_fill_color': u'DDEEF6', u'entities': {u'description': {u'urls': []}}, u'followers_count': 62, u'profile_sidebar_border_color': u'C0DEED', u'id_str': u'19818128', u'profile_background_color': u'C0DEED', u'listed_count': 1, u'profile_background_image_url_https': u'https://si0.twimg.com/images/themes/theme1/bg.png', u'utc_offset': 3600, u'statuses_count': 38, u'description': u'Something awfully pretentious', u'friends_count': 314, u'location': u'', u'profile_link_color': u'0084B4', u'profile_image_url': u'http://a0.twimg.com/profile_images/1776075011/Photo_on_1-23-12_at_20.00___2_normal.jpg', u'following': False, u'geo_enabled': False, u'profile_background_image_url': u'http://a0.twimg.com/images/themes/theme1/bg.png', u'screen_name': u'eelkeh', u'lang': u'en', u'profile_background_tile': False, u'favourites_count': 2, u'name': u'Eelke Hermens', u'notifications': False, u'url': None, u'created_at': u'Sat Jan 31 15:18:29 +0000 2009', u'contributors_enabled': False, u'time_zone': u'Amsterdam', u'protected': False, u'default_profile': True, u'is_translator': False}	False	{u'user_mentions': [], u'hashtags': [{u'indices': [58, 63], u'text': u'penw'}], u'urls': []}	None	False	Bos krijgt zwetende snor, ben bang voor Nixon incident... #penw	Tue Mar 02 22:53:28 +0000 2010	False	None	None	None	web	None	None	9895405437	None	0	None	9895405437	None
{u'follow_request_sent': False, u'profile_use_background_image': True, u'default_profile_image': False, u'id': 19818128, u'verified': False, u'profile_text_color': u'333333', u'profile_image_url_https': u'https://si0.twimg.com/profile_images/1776075011/Photo_on_1-23-12_at_20.00___2_normal.jpg', u'profile_sidebar_fill_color': u'DDEEF6', u'entities': {u'description': {u'urls': []}}, u'followers_count': 62, u'profile_sidebar_border_color': u'C0DEED', u'id_str': u'19818128', u'profile_background_color': u'C0DEED', u'listed_count': 1, u'profile_background_image_url_https': u'https://si0.twimg.com/images/themes/theme1/bg.png', u'utc_offset': 3600, u'statuses_count': 38, u'description': u'Something awfully pretentious', u'friends_count': 314, u'location': u'', u'profile_link_color': u'0084B4', u'profile_image_url': u'http://a0.twimg.com/profile_images/1776075011/Photo_on_1-23-12_at_20.00___2_normal.jpg', u'following': False, u'geo_enabled': False, u'profile_background_image_url': u'http://a0.twimg.com/images/themes/theme1/bg.png', u'screen_name': u'eelkeh', u'lang': u'en', u'profile_background_tile': False, u'favourites_count': 2, u'name': u'Eelke Hermens', u'notifications': False, u'url': None, u'created_at': u'Sat Jan 31 15:18:29 +0000 2009', u'contributors_enabled': False, u'time_zone': u'Amsterdam', u'protected': False, u'default_profile': True, u'is_translator': False}	False	{u'user_mentions': [], u'hashtags': [{u'indices': [105, 110], u'text': u'penw'}], u'urls': []}	None	False	Wilderbashers start your engines. Gaat iemand nog vertellen waarom hij er niet bij is? Niet uitgenodigd? #penw	Tue Mar 02 22:28:08 +0000 2010	False	None	None	None	web	None	None	9894401346	None	0	None	9894401346	None
{u'follow_request_sent': False, u'profile_use_background_image': True, u'default_profile_image': False, u'id': 19818128, u'verified': False, u'profile_text_color': u'333333', u'profile_image_url_https': u'https://si0.twimg.com/profile_images/1776075011/Photo_on_1-23-12_at_20.00___2_normal.jpg', u'profile_sidebar_fill_color': u'DDEEF6', u'entities': {u'description': {u'urls': []}}, u'followers_count': 62, u'profile_sidebar_border_color': u'C0DEED', u'id_str': u'19818128', u'profile_background_color': u'C0DEED', u'listed_count': 1, u'profile_background_image_url_https': u'https://si0.twimg.com/images/themes/theme1/bg.png', u'utc_offset': 3600, u'statuses_count': 38, u'description': u'Something awfully pretentious', u'friends_count': 314, u'location': u'', u'profile_link_color': u'0084B4', u'profile_image_url': u'http://a0.twimg.com/profile_images/1776075011/Photo_on_1-23-12_at_20.00___2_normal.jpg', u'following': False, u'geo_enabled': False, u'profile_background_image_url': u'http://a0.twimg.com/images/themes/theme1/bg.png', u'screen_name': u'eelkeh', u'lang': u'en', u'profile_background_tile': False, u'favourites_count': 2, u'name': u'Eelke Hermens', u'notifications': False, u'url': None, u'created_at': u'Sat Jan 31 15:18:29 +0000 2009', u'contributors_enabled': False, u'time_zone': u'Amsterdam', u'protected': False, u'default_profile': True, u'is_translator': False}	{u'user_mentions': [{u'id': 80255007, u'indices': [3, 19], u'id_str': u'80255007', u'screen_name': u'jeroenvanberkel', u'name': u'Jeroen van Berkel'}], u'hashtags': [{u'indices': [117, 122], u'text': u'penw'}, {u'indices': [123, 134], u'text': u'festlokdem'}], u'urls': []}	{u'user': {u'follow_request_sent': False, u'profile_use_background_image': True, u'default_profile_image': False, u'id': 80255007, u'verified': False, u'profile_text_color': u'333333', u'profile_image_url_https': u'https://si0.twimg.com/profile_images/1273447546/twitter_2_normal.jpg', u'profile_sidebar_fill_color': u'DDEEF6', u'entities': {u'description': {u'urls': []}}, u'followers_count': 988, u'profile_sidebar_border_color': u'C0DEED', u'id_str': u'80255007', u'profile_background_color': u'C0DEED', u'listed_count': 35, u'profile_background_image_url_https': u'https://si0.twimg.com/images/themes/theme1/bg.png', u'utc_offset': 3600, u'statuses_count': 2529, u'description': u'Politiek Adviseur minister van OCW en PvdA deelraadslid Amsterdam West, ', u'friends_count': 558, u'location': u'Amsterdam', u'profile_link_color': u'0084B4', u'profile_image_url': u'http://a0.twimg.com/profile_images/1273447546/twitter_2_normal.jpg', u'following': None, u'geo_enabled': True, u'profile_background_image_url': u'http://a0.twimg.com/images/themes/theme1/bg.png', u'screen_name': u'jeroenvanberkel', u'lang': u'en', u'profile_background_tile': False, u'favourites_count': 10, u'name': u'Jeroen van Berkel', u'notifications': None, u'url': None, u'created_at': u'Tue Oct 06 08:50:04 +0000 2009', u'contributors_enabled': False, u'time_zone': u'Amsterdam', u'protected': False, u'default_profile': True, u'is_translator': False}, u'favorited': False, u'entities': {u'user_mentions': [], u'hashtags': [{u'indices': [96, 101], u'text': u'penw'}, {u'indices': [102, 113], u'text': u'festlokdem'}], u'urls': []}, u'contributors': None, u'truncated': False, u'text': u'Kant krijst er even twee zetels af voor de SP zo vlak voor het slapen gaan van Wakker Nederland #penw #festlokdem', u'created_at': u'Tue Mar 02 22:19:03 +0000 2010', u'retweeted': False, u'in_reply_to_status_id_str': None, u'coordinates': None, u'in_reply_to_user_id_str': None, u'source': u'<a href="http://www.tweetdeck.com" rel="nofollow">TweetDeck</a>', u'in_reply_to_status_id': None, u'in_reply_to_screen_name': None, u'id_str': u'9894046725', u'place': None, u'retweet_count': 2, u'geo': None, u'id': 9894046725, u'in_reply_to_user_id': None}	None	False	RT @jeroenvanberkel: Kant krijst er even twee zetels af voor de SP zo vlak voor het slapen gaan van Wakker Nederland #penw #festlokdem	Tue Mar 02 22:19:35 +0000 2010	False	None	None	None	web	None	False	None	9894067442	None	2	None	9894067442	None
{u'follow_request_sent': False, u'profile_use_background_image': True, u'default_profile_image': False, u'id': 19818128, u'verified': False, u'profile_text_color': u'333333', u'profile_image_url_https': u'https://si0.twimg.com/profile_images/1776075011/Photo_on_1-23-12_at_20.00___2_normal.jpg', u'profile_sidebar_fill_color': u'DDEEF6', u'entities': {u'description': {u'urls': []}}, u'followers_count': 62, u'profile_sidebar_border_color': u'C0DEED', u'id_str': u'19818128', u'profile_background_color': u'C0DEED', u'listed_count': 1, u'profile_background_image_url_https': u'https://si0.twimg.com/images/themes/theme1/bg.png', u'utc_offset': 3600, u'statuses_count': 38, u'description': u'Something awfully pretentious', u'friends_count': 314, u'location': u'', u'profile_link_color': u'0084B4', u'profile_image_url': u'http://a0.twimg.com/profile_images/1776075011/Photo_on_1-23-12_at_20.00___2_normal.jpg', u'following': False, u'geo_enabled': False, u'profile_background_image_url': u'http://a0.twimg.com/images/themes/theme1/bg.png', u'screen_name': u'eelkeh', u'lang': u'en', u'profile_background_tile': False, u'favourites_count': 2, u'name': u'Eelke Hermens', u'notifications': False, u'url': None, u'created_at': u'Sat Jan 31 15:18:29 +0000 2009', u'contributors_enabled': False, u'time_zone': u'Amsterdam', u'protected': False, u'default_profile': True, u'is_translator': False}	{u'user_mentions': [{u'id': 79797834, u'indices': [3, 16], u'id_str': u'79797834', u'screen_name': u'ebertchicago', u'name': u'Roger Ebert'}], u'hashtags': [], u'urls': []}	{u'user': {u'follow_request_sent': False, u'profile_use_background_image': True, u'default_profile_image': False, u'id': 79797834, u'verified': True, u'profile_text_color': u'000000', u'profile_image_url_https': u'https://si0.twimg.com/profile_images/1097198153/33ebert_normal.jpg', u'profile_sidebar_fill_color': u'CFCFCF', u'entities': {u'url': {u'urls': [{u'url': u'http://rogerebert.suntimes.com', u'indices': [0, 30], u'expanded_url': None}]}, u'description': {u'urls': []}}, u'followers_count': 791224, u'profile_sidebar_border_color': u'CFCFCF', u'id_str': u'79797834', u'profile_background_color': u'000000', u'listed_count': 24989, u'profile_background_image_url_https': u'https://si0.twimg.com/profile_background_images/46080801/thirdman.jpg', u'utc_offset': -21600, u'statuses_count': 30448, u'description': u'Film critic since time immemorial.  My blog: http://j.mp/51Rkoe', u'friends_count': 256, u'location': u'Chicago', u'profile_link_color': u'454545', u'profile_image_url': u'http://a0.twimg.com/profile_images/1097198153/33ebert_normal.jpg', u'following': None, u'geo_enabled': True, u'profile_background_image_url': u'http://a0.twimg.com/profile_background_images/46080801/thirdman.jpg', u'screen_name': u'ebertchicago', u'lang': u'en', u'profile_background_tile': False, u'favourites_count': 28, u'name': u'Roger Ebert', u'notifications': None, u'url': u'http://rogerebert.suntimes.com', u'created_at': u'Sun Oct 04 18:33:10 +0000 2009', u'contributors_enabled': False, u'time_zone': u'Central Time (US & Canada)', u'protected': False, u'default_profile': False, u'is_translator': False}, u'favorited': False, u'entities': {u'user_mentions': [], u'hashtags': [], u'urls': []}, u'contributors': None, u'truncated': False, u'text': u'3-D is a waste of a perfectly good dimension.', u'created_at': u'Thu Feb 25 17:37:20 +0000 2010', u'retweeted': False, u'in_reply_to_status_id_str': None, u'coordinates': None, u'in_reply_to_user_id_str': None, u'source': u'web', u'in_reply_to_status_id': None, u'in_reply_to_screen_name': None, u'id_str': u'9635430354', u'place': None, u'retweet_count': 189, u'geo': None, u'id': 9635430354, u'in_reply_to_user_id': None}	None	False	RT @ebertchicago: 3-D is a waste of a perfectly good dimension.	Thu Feb 25 20:04:05 +0000 2010	False	None	None	None	web	None	False	None	9640973955	None	189	None	9640973955	None
{u'follow_request_sent': False, u'profile_use_background_image': True, u'default_profile_image': False, u'id': 19818128, u'verified': False, u'profile_text_color': u'333333', u'profile_image_url_https': u'https://si0.twimg.com/profile_images/1776075011/Photo_on_1-23-12_at_20.00___2_normal.jpg', u'profile_sidebar_fill_color': u'DDEEF6', u'entities': {u'description': {u'urls': []}}, u'followers_count': 62, u'profile_sidebar_border_color': u'C0DEED', u'id_str': u'19818128', u'profile_background_color': u'C0DEED', u'listed_count': 1, u'profile_background_image_url_https': u'https://si0.twimg.com/images/themes/theme1/bg.png', u'utc_offset': 3600, u'statuses_count': 38, u'description': u'Something awfully pretentious', u'friends_count': 314, u'location': u'', u'profile_link_color': u'0084B4', u'profile_image_url': u'http://a0.twimg.com/profile_images/1776075011/Photo_on_1-23-12_at_20.00___2_normal.jpg', u'following': False, u'geo_enabled': False, u'profile_background_image_url': u'http://a0.twimg.com/images/themes/theme1/bg.png', u'screen_name': u'eelkeh', u'lang': u'en', u'profile_background_tile': False, u'favourites_count': 2, u'name': u'Eelke Hermens', u'notifications': False, u'url': None, u'created_at': u'Sat Jan 31 15:18:29 +0000 2009', u'contributors_enabled': False, u'time_zone': u'Amsterdam', u'protected': False, u'default_profile': True, u'is_translator': False}	{u'user_mentions': [{u'id': 77329833, u'indices': [3, 16], u'id_str': u'77329833', u'screen_name': u'thomashosman', u'name': u'Thomas Hosman'}], u'hashtags': [], u'urls': []}	{u'user': {u'follow_request_sent': False, u'profile_use_background_image': True, u'default_profile_image': False, u'id': 77329833, u'verified': False, u'profile_text_color': u'333333', u'profile_image_url_https': u'https://si0.twimg.com/profile_images/818239591/Foto_op_13-04-2010_om_00.36__2_normal.jpg', u'profile_sidebar_fill_color': u'DDEEF6', u'entities': {u'url': {u'urls': [{u'url': u'http://www.cineville.nl', u'indices': [0, 23], u'expanded_url': None}]}, u'description': {u'urls': []}}, u'followers_count': 163, u'profile_sidebar_border_color': u'C0DEED', u'id_str': u'77329833', u'profile_background_color': u'C0DEED', u'listed_count': 7, u'profile_background_image_url_https': u'https://si0.twimg.com/images/themes/theme1/bg.png', u'utc_offset': -36000, u'statuses_count': 50, u'description': u'Medeoprichter en directeur Cineville', u'friends_count': 438, u'location': u'Amsterdam', u'profile_link_color': u'0084B4', u'profile_image_url': u'http://a0.twimg.com/profile_images/818239591/Foto_op_13-04-2010_om_00.36__2_normal.jpg', u'following': None, u'geo_enabled': False, u'profile_background_image_url': u'http://a0.twimg.com/images/themes/theme1/bg.png', u'screen_name': u'thomashosman', u'lang': u'en', u'profile_background_tile': False, u'favourites_count': 6, u'name': u'Thomas Hosman', u'notifications': None, u'url': u'http://www.cineville.nl', u'created_at': u'Fri Sep 25 22:40:13 +0000 2009', u'contributors_enabled': False, u'time_zone': u'Hawaii', u'protected': False, u'default_profile': True, u'is_translator': False}, u'favorited': False, u'entities': {u'user_mentions': [], u'hashtags': [], u'urls': []}, u'contributors': None, u'truncated': False, u'text': u'Cineville, VPRO en De Balie presenteren: De Oscarnacht. Met veel gasten, muziek, films en live uitzending! http://tinyurl.com/y9sm86b', u'created_at': u'Tue Feb 23 10:09:39 +0000 2010', u'retweeted': False, u'in_reply_to_status_id_str': None, u'coordinates': None, u'in_reply_to_user_id_str': None, u'source': u'<a href="http://itunes.apple.com/app/twitter/id333903271?mt=8" rel="nofollow">Twitter for iPhone</a>', u'in_reply_to_status_id': None, u'in_reply_to_screen_name': None, u'id_str': u'9519966333', u'place': None, u'retweet_count': 1, u'geo': None, u'id': 9519966333, u'in_reply_to_user_id': None}	None	False	RT @thomashosman: Cineville, VPRO en De Balie presenteren: De Oscarnacht. Met veel gasten, muziek, films en live uitzending! http://tiny ...	Tue Feb 23 10:36:10 +0000 2010	False	None	None	None	web	None	False	None	9520546377	None	1	None	9520546377	None
{u'follow_request_sent': False, u'profile_use_background_image': True, u'default_profile_image': False, u'id': 19818128, u'verified': False, u'profile_text_color': u'333333', u'profile_image_url_https': u'https://si0.twimg.com/profile_images/1776075011/Photo_on_1-23-12_at_20.00___2_normal.jpg', u'profile_sidebar_fill_color': u'DDEEF6', u'entities': {u'description': {u'urls': []}}, u'followers_count': 62, u'profile_sidebar_border_color': u'C0DEED', u'id_str': u'19818128', u'profile_background_color': u'C0DEED', u'listed_count': 1, u'profile_background_image_url_https': u'https://si0.twimg.com/images/themes/theme1/bg.png', u'utc_offset': 3600, u'statuses_count': 38, u'description': u'Something awfully pretentious', u'friends_count': 314, u'location': u'', u'profile_link_color': u'0084B4', u'profile_image_url': u'http://a0.twimg.com/profile_images/1776075011/Photo_on_1-23-12_at_20.00___2_normal.jpg', u'following': False, u'geo_enabled': False, u'profile_background_image_url': u'http://a0.twimg.com/images/themes/theme1/bg.png', u'screen_name': u'eelkeh', u'lang': u'en', u'profile_background_tile': False, u'favourites_count': 2, u'name': u'Eelke Hermens', u'notifications': False, u'url': None, u'created_at': u'Sat Jan 31 15:18:29 +0000 2009', u'contributors_enabled': False, u'time_zone': u'Amsterdam', u'protected': False, u'default_profile': True, u'is_translator': False}	{u'user_mentions': [{u'id': 87201342, u'indices': [3, 13], u'id_str': u'87201342', u'screen_name': u'Cineville', u'name': u'Cineville'}], u'hashtags': [{u'indices': [63, 70], u'text': u'Disney'}, {u'indices': [71, 89], u'text': u'AliceinWonderland'}], u'urls': []}	{u'user': {u'follow_request_sent': False, u'profile_use_background_image': True, u'default_profile_image': False, u'id': 87201342, u'verified': False, u'profile_text_color': u'333333', u'profile_image_url_https': u'https://si0.twimg.com/profile_images/2412276260/khpn8l4i6vbry9qj1n5x_normal.jpeg', u'profile_sidebar_fill_color': u'DDEEF6', u'entities': {u'url': {u'urls': [{u'url': u'http://www.cineville.nl', u'indices': [0, 23], u'expanded_url': None}]}, u'description': {u'urls': []}}, u'followers_count': 2419, u'profile_sidebar_border_color': u'C0DEED', u'id_str': u'87201342', u'profile_background_color': u'C0DEED', u'listed_count': 77, u'profile_background_image_url_https': u'https://si0.twimg.com/profile_background_images/412427666/Cineville-liggend-v2-RGB_sRGB_b2000px.jpg', u'utc_offset': 3600, u'statuses_count': 3155, u'description': u'Landelijk filmblog en een filmpas in Amsterdam, Rotterdam, Den Haag en Delft.', u'friends_count': 486, u'location': u'Amsterdam', u'profile_link_color': u'0084B4', u'profile_image_url': u'http://a0.twimg.com/profile_images/2412276260/khpn8l4i6vbry9qj1n5x_normal.jpeg', u'following': None, u'geo_enabled': False, u'profile_background_image_url': u'http://a0.twimg.com/profile_background_images/412427666/Cineville-liggend-v2-RGB_sRGB_b2000px.jpg', u'screen_name': u'Cineville', u'lang': u'en', u'profile_background_tile': True, u'favourites_count': 4, u'name': u'Cineville', u'notifications': None, u'url': u'http://www.cineville.nl', u'created_at': u'Tue Nov 03 14:25:02 +0000 2009', u'contributors_enabled': False, u'time_zone': u'Amsterdam', u'protected': False, u'default_profile': False, u'is_translator': False}, u'favorited': False, u'entities': {u'user_mentions': [], u'hashtags': [{u'indices': [48, 55], u'text': u'Disney'}, {u'indices': [56, 74], u'text': u'AliceinWonderland'}], u'urls': []}, u'contributors': None, u'truncated': False, u'text': u'Bedrijven in spagaat http://tinyurl.com/yblgdep #Disney #AliceinWonderland', u'created_at': u'Mon Feb 15 16:21:47 +0000 2010', u'retweeted': False, u'in_reply_to_status_id_str': None, u'coordinates': None, u'in_reply_to_user_id_str': None, u'source': u'<a href="http://drupal.org" rel="nofollow">Drupal</a>', u'in_reply_to_status_id': None, u'in_reply_to_screen_name': None, u'id_str': u'9146108397', u'place': None, u'retweet_count': 1, u'geo': None, u'id': 9146108397, u'in_reply_to_user_id': None}	None	False	RT @Cineville: Bedrijven in spagaat http://tinyurl.com/yblgdep #Disney #AliceinWonderland	Wed Feb 17 13:11:28 +0000 2010	False	None	None	None	web	None	False	None	9232875238	None	1	None	9232875238	None
{u'follow_request_sent': False, u'profile_use_background_image': True, u'default_profile_image': False, u'id': 19818128, u'verified': False, u'profile_text_color': u'333333', u'profile_image_url_https': u'https://si0.twimg.com/profile_images/1776075011/Photo_on_1-23-12_at_20.00___2_normal.jpg', u'profile_sidebar_fill_color': u'DDEEF6', u'entities': {u'description': {u'urls': []}}, u'followers_count': 62, u'profile_sidebar_border_color': u'C0DEED', u'id_str': u'19818128', u'profile_background_color': u'C0DEED', u'listed_count': 1, u'profile_background_image_url_https': u'https://si0.twimg.com/images/themes/theme1/bg.png', u'utc_offset': 3600, u'statuses_count': 38, u'description': u'Something awfully pretentious', u'friends_count': 314, u'location': u'', u'profile_link_color': u'0084B4', u'profile_image_url': u'http://a0.twimg.com/profile_images/1776075011/Photo_on_1-23-12_at_20.00___2_normal.jpg', u'following': False, u'geo_enabled': False, u'profile_background_image_url': u'http://a0.twimg.com/images/themes/theme1/bg.png', u'screen_name': u'eelkeh', u'lang': u'en', u'profile_background_tile': False, u'favourites_count': 2, u'name': u'Eelke Hermens', u'notifications': False, u'url': None, u'created_at': u'Sat Jan 31 15:18:29 +0000 2009', u'contributors_enabled': False, u'time_zone': u'Amsterdam', u'protected': False, u'default_profile': True, u'is_translator': False}	{u'user_mentions': [{u'id': 3646911, u'indices': [3, 18], u'id_str': u'3646911', u'screen_name': u'empiremagazine', u'name': u'Empire Magazine'}, {u'id': 18671559, u'indices': [23, 35], u'id_str': u'18671559', u'screen_name': u'edgarwright', u'name': u'edgarwright'}], u'hashtags': [], u'urls': []}	{u'user': {u'follow_request_sent': False, u'profile_use_background_image': True, u'default_profile_image': False, u'id': 3646911, u'verified': True, u'profile_text_color': u'000000', u'profile_image_url_https': u'https://si0.twimg.com/profile_images/1571061983/empireicon_normal.png', u'profile_sidebar_fill_color': u'E7E4E5', u'entities': {u'url': {u'urls': [{u'url': u'http://www.empireonline.com/', u'indices': [0, 28], u'expanded_url': None}]}, u'description': {u'urls': []}}, u'followers_count': 152586, u'profile_sidebar_border_color': u'FFFFFF', u'id_str': u'3646911', u'profile_background_color': u'000000', u'listed_count': 4404, u'profile_background_image_url_https': u'https://si0.twimg.com/profile_background_images/750678818/d729b0c7aefe3d61154b4bf77d4b622d.jpeg', u'utc_offset': 0, u'statuses_count': 17795, u'description': u"Official home of the world's biggest (and best) movie magazine and website.", u'friends_count': 283, u'location': u'London', u'profile_link_color': u'F01330', u'profile_image_url': u'http://a0.twimg.com/profile_images/1571061983/empireicon_normal.png', u'following': None, u'geo_enabled': False, u'profile_background_image_url': u'http://a0.twimg.com/profile_background_images/750678818/d729b0c7aefe3d61154b4bf77d4b622d.jpeg', u'screen_name': u'empiremagazine', u'lang': u'en', u'profile_background_tile': False, u'favourites_count': 5, u'name': u'Empire Magazine', u'notifications': None, u'url': u'http://www.empireonline.com/', u'created_at': u'Fri Apr 06 19:02:38 +0000 2007', u'contributors_enabled': False, u'time_zone': u'London', u'protected': False, u'default_profile': False, u'is_translator': False}, u'favorited': False, u'entities': {u'user_mentions': [{u'id': 18671559, u'indices': [3, 15], u'id_str': u'18671559', u'screen_name': u'edgarwright', u'name': u'edgarwright'}], u'hashtags': [], u'urls': []}, u'contributors': None, u'truncated': False, u'text': u"RT @edgarwright: George A Romero is 70 today. I wouldn't be where I am without the great man. Raise a glass to the real king of the zombies.", u'created_at': u'Thu Feb 04 16:29:05 +0000 2010', u'retweeted': False, u'in_reply_to_status_id_str': None, u'coordinates': None, u'in_reply_to_user_id_str': None, u'source': u'<a href="http://www.tweetdeck.com/" rel="nofollow">TweetDeck</a>', u'in_reply_to_status_id': None, u'in_reply_to_screen_name': None, u'id_str': u'8638342895', u'place': None, u'retweet_count': 11, u'geo': None, u'id': 8638342895, u'in_reply_to_user_id': None}	None	False	RT @empiremagazine: RT @edgarwright: George A Romero is 70 today. I wouldn't be where I am without the great man. Raise a glass to the r ...	Thu Feb 04 16:43:07 +0000 2010	False	None	None	None	web	None	False	None	8638853910	None	11	None	8638853910	None
{u'follow_request_sent': False, u'profile_use_background_image': True, u'default_profile_image': False, u'id': 19818128, u'verified': False, u'profile_text_color': u'333333', u'profile_image_url_https': u'https://si0.twimg.com/profile_images/1776075011/Photo_on_1-23-12_at_20.00___2_normal.jpg', u'profile_sidebar_fill_color': u'DDEEF6', u'entities': {u'description': {u'urls': []}}, u'followers_count': 62, u'profile_sidebar_border_color': u'C0DEED', u'id_str': u'19818128', u'profile_background_color': u'C0DEED', u'listed_count': 1, u'profile_background_image_url_https': u'https://si0.twimg.com/images/themes/theme1/bg.png', u'utc_offset': 3600, u'statuses_count': 38, u'description': u'Something awfully pretentious', u'friends_count': 314, u'location': u'', u'profile_link_color': u'0084B4', u'profile_image_url': u'http://a0.twimg.com/profile_images/1776075011/Photo_on_1-23-12_at_20.00___2_normal.jpg', u'following': False, u'geo_enabled': False, u'profile_background_image_url': u'http://a0.twimg.com/images/themes/theme1/bg.png', u'screen_name': u'eelkeh', u'lang': u'en', u'profile_background_tile': False, u'favourites_count': 2, u'name': u'Eelke Hermens', u'notifications': False, u'url': None, u'created_at': u'Sat Jan 31 15:18:29 +0000 2009', u'contributors_enabled': False, u'time_zone': u'Amsterdam', u'protected': False, u'default_profile': True, u'is_translator': False}	False	{u'user_mentions': [], u'hashtags': [], u'urls': []}	None	False	Eerste tweet vanaf iPhone!	Sun Jan 17 17:16:29 +0000 2010	False	None	None	None	<a href="http://echofon.com/" rel="nofollow">Echofon</a>	None	None	7869730732	None	0	None	7869730732	None
{u'follow_request_sent': False, u'profile_use_background_image': True, u'default_profile_image': False, u'id': 19818128, u'verified': False, u'profile_text_color': u'333333', u'profile_image_url_https': u'https://si0.twimg.com/profile_images/1776075011/Photo_on_1-23-12_at_20.00___2_normal.jpg', u'profile_sidebar_fill_color': u'DDEEF6', u'entities': {u'description': {u'urls': []}}, u'followers_count': 62, u'profile_sidebar_border_color': u'C0DEED', u'id_str': u'19818128', u'profile_background_color': u'C0DEED', u'listed_count': 1, u'profile_background_image_url_https': u'https://si0.twimg.com/images/themes/theme1/bg.png', u'utc_offset': 3600, u'statuses_count': 38, u'description': u'Something awfully pretentious', u'friends_count': 314, u'location': u'', u'profile_link_color': u'0084B4', u'profile_image_url': u'http://a0.twimg.com/profile_images/1776075011/Photo_on_1-23-12_at_20.00___2_normal.jpg', u'following': False, u'geo_enabled': False, u'profile_background_image_url': u'http://a0.twimg.com/images/themes/theme1/bg.png', u'screen_name': u'eelkeh', u'lang': u'en', u'profile_background_tile': False, u'favourites_count': 2, u'name': u'Eelke Hermens', u'notifications': False, u'url': None, u'created_at': u'Sat Jan 31 15:18:29 +0000 2009', u'contributors_enabled': False, u'time_zone': u'Amsterdam', u'protected': False, u'default_profile': True, u'is_translator': False}	False	{u'user_mentions': [], u'hashtags': [], u'urls': []}	None	False	Dit gaat niet lukken...	Mon Nov 16 23:53:20 +0000 2009	False	None	None	None	web	None	None	5780115283	None	0	None	5780115283	None
{u'follow_request_sent': False, u'profile_use_background_image': True, u'default_profile_image': False, u'id': 19818128, u'verified': False, u'profile_text_color': u'333333', u'profile_image_url_https': u'https://si0.twimg.com/profile_images/1776075011/Photo_on_1-23-12_at_20.00___2_normal.jpg', u'profile_sidebar_fill_color': u'DDEEF6', u'entities': {u'description': {u'urls': []}}, u'followers_count': 62, u'profile_sidebar_border_color': u'C0DEED', u'id_str': u'19818128', u'profile_background_color': u'C0DEED', u'listed_count': 1, u'profile_background_image_url_https': u'https://si0.twimg.com/images/themes/theme1/bg.png', u'utc_offset': 3600, u'statuses_count': 38, u'description': u'Something awfully pretentious', u'friends_count': 314, u'location': u'', u'profile_link_color': u'0084B4', u'profile_image_url': u'http://a0.twimg.com/profile_images/1776075011/Photo_on_1-23-12_at_20.00___2_normal.jpg', u'following': False, u'geo_enabled': False, u'profile_background_image_url': u'http://a0.twimg.com/images/themes/theme1/bg.png', u'screen_name': u'eelkeh', u'lang': u'en', u'profile_background_tile': False, u'favourites_count': 2, u'name': u'Eelke Hermens', u'notifications': False, u'url': None, u'created_at': u'Sat Jan 31 15:18:29 +0000 2009', u'contributors_enabled': False, u'time_zone': u'Amsterdam', u'protected': False, u'default_profile': True, u'is_translator': False}	False	{u'user_mentions': [{u'id': 45600841, u'indices': [0, 13], u'id_str': u'45600841', u'screen_name': u'tweetingdumb', u'name': u'Tweetle Dumb'}], u'hashtags': [], u'urls': []}	None	False	@tweetingdumb Could i get one of your invites? at eelkehermens@gmail.com	Fri Nov 06 22:37:33 +0000 2009	False	5491006481	None	45600841	web	5491006481	tweetingdumb	5491039488	None	0	None	5491039488	45600841
{u'follow_request_sent': False, u'profile_use_background_image': True, u'default_profile_image': False, u'id': 19818128, u'verified': False, u'profile_text_color': u'333333', u'profile_image_url_https': u'https://si0.twimg.com/profile_images/1776075011/Photo_on_1-23-12_at_20.00___2_normal.jpg', u'profile_sidebar_fill_color': u'DDEEF6', u'entities': {u'description': {u'urls': []}}, u'followers_count': 62, u'profile_sidebar_border_color': u'C0DEED', u'id_str': u'19818128', u'profile_background_color': u'C0DEED', u'listed_count': 1, u'profile_background_image_url_https': u'https://si0.twimg.com/images/themes/theme1/bg.png', u'utc_offset': 3600, u'statuses_count': 38, u'description': u'Something awfully pretentious', u'friends_count': 314, u'location': u'', u'profile_link_color': u'0084B4', u'profile_image_url': u'http://a0.twimg.com/profile_images/1776075011/Photo_on_1-23-12_at_20.00___2_normal.jpg', u'following': False, u'geo_enabled': False, u'profile_background_image_url': u'http://a0.twimg.com/images/themes/theme1/bg.png', u'screen_name': u'eelkeh', u'lang': u'en', u'profile_background_tile': False, u'favourites_count': 2, u'name': u'Eelke Hermens', u'notifications': False, u'url': None, u'created_at': u'Sat Jan 31 15:18:29 +0000 2009', u'contributors_enabled': False, u'time_zone': u'Amsterdam', u'protected': False, u'default_profile': True, u'is_translator': False}	False	{u'user_mentions': [{u'id': 18395303, u'indices': [0, 9], u'id_str': u'18395303', u'screen_name': u'guydmann', u'name': u'Guy Mann'}], u'hashtags': [], u'urls': []}	None	False	@guydmann I would love one of your Google Wave invites, eelkehermens@gmail.com	Fri Nov 06 22:34:12 +0000 2009	False	5490891063	None	18395303	web	5490891063	guydmann	5490960396	None	0	None	5490960396	18395303
{u'follow_request_sent': False, u'profile_use_background_image': True, u'default_profile_image': False, u'id': 19818128, u'verified': False, u'profile_text_color': u'333333', u'profile_image_url_https': u'https://si0.twimg.com/profile_images/1776075011/Photo_on_1-23-12_at_20.00___2_normal.jpg', u'profile_sidebar_fill_color': u'DDEEF6', u'entities': {u'description': {u'urls': []}}, u'followers_count': 62, u'profile_sidebar_border_color': u'C0DEED', u'id_str': u'19818128', u'profile_background_color': u'C0DEED', u'listed_count': 1, u'profile_background_image_url_https': u'https://si0.twimg.com/images/themes/theme1/bg.png', u'utc_offset': 3600, u'statuses_count': 38, u'description': u'Something awfully pretentious', u'friends_count': 314, u'location': u'', u'profile_link_color': u'0084B4', u'profile_image_url': u'http://a0.twimg.com/profile_images/1776075011/Photo_on_1-23-12_at_20.00___2_normal.jpg', u'following': False, u'geo_enabled': False, u'profile_background_image_url': u'http://a0.twimg.com/images/themes/theme1/bg.png', u'screen_name': u'eelkeh', u'lang': u'en', u'profile_background_tile': False, u'favourites_count': 2, u'name': u'Eelke Hermens', u'notifications': False, u'url': None, u'created_at': u'Sat Jan 31 15:18:29 +0000 2009', u'contributors_enabled': False, u'time_zone': u'Amsterdam', u'protected': False, u'default_profile': True, u'is_translator': False}	False	{u'user_mentions': [{u'id': 109580109, u'indices': [0, 8], u'id_str': u'109580109', u'screen_name': u'tronash', u'name': u'Travis Robertson'}], u'hashtags': [], u'urls': []}	None	False	@TRONash I would love your Google Wave invite! eelkehermens@gmail.com	Fri Nov 06 22:29:37 +0000 2009	False	5490816364	None	4278151	web	5490816364	travisro	5490850577	None	0	None	5490850577	4278151
{u'follow_request_sent': False, u'profile_use_background_image': True, u'default_profile_image': False, u'id': 19818128, u'verified': False, u'profile_text_color': u'333333', u'profile_image_url_https': u'https://si0.twimg.com/profile_images/1776075011/Photo_on_1-23-12_at_20.00___2_normal.jpg', u'profile_sidebar_fill_color': u'DDEEF6', u'entities': {u'description': {u'urls': []}}, u'followers_count': 62, u'profile_sidebar_border_color': u'C0DEED', u'id_str': u'19818128', u'profile_background_color': u'C0DEED', u'listed_count': 1, u'profile_background_image_url_https': u'https://si0.twimg.com/images/themes/theme1/bg.png', u'utc_offset': 3600, u'statuses_count': 38, u'description': u'Something awfully pretentious', u'friends_count': 314, u'location': u'', u'profile_link_color': u'0084B4', u'profile_image_url': u'http://a0.twimg.com/profile_images/1776075011/Photo_on_1-23-12_at_20.00___2_normal.jpg', u'following': False, u'geo_enabled': False, u'profile_background_image_url': u'http://a0.twimg.com/images/themes/theme1/bg.png', u'screen_name': u'eelkeh', u'lang': u'en', u'profile_background_tile': False, u'favourites_count': 2, u'name': u'Eelke Hermens', u'notifications': False, u'url': None, u'created_at': u'Sat Jan 31 15:18:29 +0000 2009', u'contributors_enabled': False, u'time_zone': u'Amsterdam', u'protected': False, u'default_profile': True, u'is_translator': False}	False	{u'user_mentions': [], u'hashtags': [], u'urls': []}	None	False	Speciaal voor papa, Twitter updates, ik ga nu wijn drinken	Fri Nov 06 22:19:00 +0000 2009	False	None	None	None	web	None	None	5490602165	None	0	None	5490602165	None
{u'follow_request_sent': False, u'profile_use_background_image': True, u'default_profile_image': False, u'id': 19818128, u'verified': False, u'profile_text_color': u'333333', u'profile_image_url_https': u'https://si0.twimg.com/profile_images/1776075011/Photo_on_1-23-12_at_20.00___2_normal.jpg', u'profile_sidebar_fill_color': u'DDEEF6', u'entities': {u'description': {u'urls': []}}, u'followers_count': 62, u'profile_sidebar_border_color': u'C0DEED', u'id_str': u'19818128', u'profile_background_color': u'C0DEED', u'listed_count': 1, u'profile_background_image_url_https': u'https://si0.twimg.com/images/themes/theme1/bg.png', u'utc_offset': 3600, u'statuses_count': 38, u'description': u'Something awfully pretentious', u'friends_count': 314, u'location': u'', u'profile_link_color': u'0084B4', u'profile_image_url': u'http://a0.twimg.com/profile_images/1776075011/Photo_on_1-23-12_at_20.00___2_normal.jpg', u'following': False, u'geo_enabled': False, u'profile_background_image_url': u'http://a0.twimg.com/images/themes/theme1/bg.png', u'screen_name': u'eelkeh', u'lang': u'en', u'profile_background_tile': False, u'favourites_count': 2, u'name': u'Eelke Hermens', u'notifications': False, u'url': None, u'created_at': u'Sat Jan 31 15:18:29 +0000 2009', u'contributors_enabled': False, u'time_zone': u'Amsterdam', u'protected': False, u'default_profile': True, u'is_translator': False}	False	{u'user_mentions': [], u'hashtags': [], u'urls': []}	None	False	Ik ga er maar eens aan geloven... Twitter here I come...	Fri Nov 06 22:16:12 +0000 2009	False	None	None	None	web	None	None	5490538205	None	0	None	5490538205	None
{u'follow_request_sent': False, u'profile_use_background_image': True, u'default_profile_image': False, u'id': 19818128, u'verified': False, u'profile_text_color': u'333333', u'profile_image_url_https': u'https://si0.twimg.com/profile_images/1776075011/Photo_on_1-23-12_at_20.00___2_normal.jpg', u'profile_sidebar_fill_color': u'DDEEF6', u'entities': {u'description': {u'urls': []}}, u'followers_count': 62, u'profile_sidebar_border_color': u'C0DEED', u'id_str': u'19818128', u'profile_background_color': u'C0DEED', u'listed_count': 1, u'profile_background_image_url_https': u'https://si0.twimg.com/images/themes/theme1/bg.png', u'utc_offset': 3600, u'statuses_count': 38, u'description': u'Something awfully pretentious', u'friends_count': 314, u'location': u'', u'profile_link_color': u'0084B4', u'profile_image_url': u'http://a0.twimg.com/profile_images/1776075011/Photo_on_1-23-12_at_20.00___2_normal.jpg', u'following': False, u'geo_enabled': False, u'profile_background_image_url': u'http://a0.twimg.com/images/themes/theme1/bg.png', u'screen_name': u'eelkeh', u'lang': u'en', u'profile_background_tile': False, u'favourites_count': 2, u'name': u'Eelke Hermens', u'notifications': False, u'url': None, u'created_at': u'Sat Jan 31 15:18:29 +0000 2009', u'contributors_enabled': False, u'time_zone': u'Amsterdam', u'protected': False, u'default_profile': True, u'is_translator': False}	False	{u'user_mentions': [], u'hashtags': [], u'urls': []}	None	False	Hopsa, een redactiepagina gebouwd op http://79.170.91.100/~eelke/redactieOverzicht en filteren naar hartelust! Speciaal voor Janna!	Thu Feb 05 22:06:51 +0000 2009	False	None	None	None	web	None	None	1181219022	None	0	None	1181219022	None
{u'follow_request_sent': False, u'profile_use_background_image': True, u'default_profile_image': False, u'id': 19818128, u'verified': False, u'profile_text_color': u'333333', u'profile_image_url_https': u'https://si0.twimg.com/profile_images/1776075011/Photo_on_1-23-12_at_20.00___2_normal.jpg', u'profile_sidebar_fill_color': u'DDEEF6', u'entities': {u'description': {u'urls': []}}, u'followers_count': 62, u'profile_sidebar_border_color': u'C0DEED', u'id_str': u'19818128', u'profile_background_color': u'C0DEED', u'listed_count': 1, u'profile_background_image_url_https': u'https://si0.twimg.com/images/themes/theme1/bg.png', u'utc_offset': 3600, u'statuses_count': 38, u'description': u'Something awfully pretentious', u'friends_count': 314, u'location': u'', u'profile_link_color': u'0084B4', u'profile_image_url': u'http://a0.twimg.com/profile_images/1776075011/Photo_on_1-23-12_at_20.00___2_normal.jpg', u'following': False, u'geo_enabled': False, u'profile_background_image_url': u'http://a0.twimg.com/images/themes/theme1/bg.png', u'screen_name': u'eelkeh', u'lang': u'en', u'profile_background_tile': False, u'favourites_count': 2, u'name': u'Eelke Hermens', u'notifications': False, u'url': None, u'created_at': u'Sat Jan 31 15:18:29 +0000 2009', u'contributors_enabled': False, u'time_zone': u'Amsterdam', u'protected': False, u'default_profile': True, u'is_translator': False}	False	{u'user_mentions': [], u'hashtags': [], u'urls': []}	None	False	Wow de testfeed is weliswaar uit elkaar geklapt maar de live feed werkt fine! Thanks Robert! Morgen uitgebreid testen... signing out...	Thu Feb 05 21:38:42 +0000 2009	False	None	None	None	web	None	None	1181132463	None	0	None	1181132463	None
{u'follow_request_sent': False, u'profile_use_background_image': True, u'default_profile_image': False, u'id': 19818128, u'verified': False, u'profile_text_color': u'333333', u'profile_image_url_https': u'https://si0.twimg.com/profile_images/1776075011/Photo_on_1-23-12_at_20.00___2_normal.jpg', u'profile_sidebar_fill_color': u'DDEEF6', u'entities': {u'description': {u'urls': []}}, u'followers_count': 62, u'profile_sidebar_border_color': u'C0DEED', u'id_str': u'19818128', u'profile_background_color': u'C0DEED', u'listed_count': 1, u'profile_background_image_url_https': u'https://si0.twimg.com/images/themes/theme1/bg.png', u'utc_offset': 3600, u'statuses_count': 38, u'description': u'Something awfully pretentious', u'friends_count': 314, u'location': u'', u'profile_link_color': u'0084B4', u'profile_image_url': u'http://a0.twimg.com/profile_images/1776075011/Photo_on_1-23-12_at_20.00___2_normal.jpg', u'following': False, u'geo_enabled': False, u'profile_background_image_url': u'http://a0.twimg.com/images/themes/theme1/bg.png', u'screen_name': u'eelkeh', u'lang': u'en', u'profile_background_tile': False, u'favourites_count': 2, u'name': u'Eelke Hermens', u'notifications': False, u'url': None, u'created_at': u'Sat Jan 31 15:18:29 +0000 2009', u'contributors_enabled': False, u'time_zone': u'Amsterdam', u'protected': False, u'default_profile': True, u'is_translator': False}	False	{u'user_mentions': [], u'hashtags': [], u'urls': []}	None	False	En... de feed is gecrasht. Wel mooie RSS feeds gebouwd voor het AUB en het Parool vandaag en bijna een subsidieaanvraag af...Zzzz	Thu Feb 05 21:31:44 +0000 2009	False	None	None	None	web	None	None	1181110308	None	0	None	1181110308	None
{u'follow_request_sent': False, u'profile_use_background_image': True, u'default_profile_image': False, u'id': 19818128, u'verified': False, u'profile_text_color': u'333333', u'profile_image_url_https': u'https://si0.twimg.com/profile_images/1776075011/Photo_on_1-23-12_at_20.00___2_normal.jpg', u'profile_sidebar_fill_color': u'DDEEF6', u'entities': {u'description': {u'urls': []}}, u'followers_count': 62, u'profile_sidebar_border_color': u'C0DEED', u'id_str': u'19818128', u'profile_background_color': u'C0DEED', u'listed_count': 1, u'profile_background_image_url_https': u'https://si0.twimg.com/images/themes/theme1/bg.png', u'utc_offset': 3600, u'statuses_count': 38, u'description': u'Something awfully pretentious', u'friends_count': 314, u'location': u'', u'profile_link_color': u'0084B4', u'profile_image_url': u'http://a0.twimg.com/profile_images/1776075011/Photo_on_1-23-12_at_20.00___2_normal.jpg', u'following': False, u'geo_enabled': False, u'profile_background_image_url': u'http://a0.twimg.com/images/themes/theme1/bg.png', u'screen_name': u'eelkeh', u'lang': u'en', u'profile_background_tile': False, u'favourites_count': 2, u'name': u'Eelke Hermens', u'notifications': False, u'url': None, u'created_at': u'Sat Jan 31 15:18:29 +0000 2009', u'contributors_enabled': False, u'time_zone': u'Amsterdam', u'protected': False, u'default_profile': True, u'is_translator': False}	False	{u'user_mentions': [], u'hashtags': [], u'urls': []}	None	False	Signing out; Goede dag! Agenda voor theaters/films gemaakt, plus een oplossing voor trailers. No more big issues!	Sun Feb 01 00:04:43 +0000 2009	False	None	None	None	web	None	None	1165666130	None	0	None	1165666130	None
{u'follow_request_sent': False, u'profile_use_background_image': True, u'default_profile_image': False, u'id': 19818128, u'verified': False, u'profile_text_color': u'333333', u'profile_image_url_https': u'https://si0.twimg.com/profile_images/1776075011/Photo_on_1-23-12_at_20.00___2_normal.jpg', u'profile_sidebar_fill_color': u'DDEEF6', u'entities': {u'description': {u'urls': []}}, u'followers_count': 62, u'profile_sidebar_border_color': u'C0DEED', u'id_str': u'19818128', u'profile_background_color': u'C0DEED', u'listed_count': 1, u'profile_background_image_url_https': u'https://si0.twimg.com/images/themes/theme1/bg.png', u'utc_offset': 3600, u'statuses_count': 38, u'description': u'Something awfully pretentious', u'friends_count': 314, u'location': u'', u'profile_link_color': u'0084B4', u'profile_image_url': u'http://a0.twimg.com/profile_images/1776075011/Photo_on_1-23-12_at_20.00___2_normal.jpg', u'following': False, u'geo_enabled': False, u'profile_background_image_url': u'http://a0.twimg.com/images/themes/theme1/bg.png', u'screen_name': u'eelkeh', u'lang': u'en', u'profile_background_tile': False, u'favourites_count': 2, u'name': u'Eelke Hermens', u'notifications': False, u'url': None, u'created_at': u'Sat Jan 31 15:18:29 +0000 2009', u'contributors_enabled': False, u'time_zone': u'Amsterdam', u'protected': False, u'default_profile': True, u'is_translator': False}	False	{u'user_mentions': [{u'id': 19808459, u'indices': [0, 9], u'id_str': u'19808459', u'screen_name': u'hosmania', u'name': u'Thomas Hosman'}], u'hashtags': [], u'urls': []}	None	False	@hosmania Nice job -&gt; theaterpagina's -&gt; kan je op skype komen als je kans hebt? Wil iets vragen over de paths...	Sat Jan 31 15:32:30 +0000 2009	False	1164523447	None	19808459	web	1164523447	hosmania	1164651810	None	0	None	1164651810	19808459
{u'follow_request_sent': False, u'profile_use_background_image': True, u'default_profile_image': False, u'id': 19818128, u'verified': False, u'profile_text_color': u'333333', u'profile_image_url_https': u'https://si0.twimg.com/profile_images/1776075011/Photo_on_1-23-12_at_20.00___2_normal.jpg', u'profile_sidebar_fill_color': u'DDEEF6', u'entities': {u'description': {u'urls': []}}, u'followers_count': 62, u'profile_sidebar_border_color': u'C0DEED', u'id_str': u'19818128', u'profile_background_color': u'C0DEED', u'listed_count': 1, u'profile_background_image_url_https': u'https://si0.twimg.com/images/themes/theme1/bg.png', u'utc_offset': 3600, u'statuses_count': 38, u'description': u'Something awfully pretentious', u'friends_count': 314, u'location': u'', u'profile_link_color': u'0084B4', u'profile_image_url': u'http://a0.twimg.com/profile_images/1776075011/Photo_on_1-23-12_at_20.00___2_normal.jpg', u'following': False, u'geo_enabled': False, u'profile_background_image_url': u'http://a0.twimg.com/images/themes/theme1/bg.png', u'screen_name': u'eelkeh', u'lang': u'en', u'profile_background_tile': False, u'favourites_count': 2, u'name': u'Eelke Hermens', u'notifications': False, u'url': None, u'created_at': u'Sat Jan 31 15:18:29 +0000 2009', u'contributors_enabled': False, u'time_zone': u'Amsterdam', u'protected': False, u'default_profile': True, u'is_translator': False}	False	{u'user_mentions': [], u'hashtags': [], u'urls': []}	None	False	wordt dit ajax geupdate of moet je refreshen?	Sat Jan 31 15:28:14 +0000 2009	False	None	None	None	web	None	None	1164642861	None	0	None	1164642861	None
{u'follow_request_sent': False, u'profile_use_background_image': True, u'default_profile_image': False, u'id': 19818128, u'verified': False, u'profile_text_color': u'333333', u'profile_image_url_https': u'https://si0.twimg.com/profile_images/1776075011/Photo_on_1-23-12_at_20.00___2_normal.jpg', u'profile_sidebar_fill_color': u'DDEEF6', u'entities': {u'description': {u'urls': []}}, u'followers_count': 62, u'profile_sidebar_border_color': u'C0DEED', u'id_str': u'19818128', u'profile_background_color': u'C0DEED', u'listed_count': 1, u'profile_background_image_url_https': u'https://si0.twimg.com/images/themes/theme1/bg.png', u'utc_offset': 3600, u'statuses_count': 38, u'description': u'Something awfully pretentious', u'friends_count': 314, u'location': u'', u'profile_link_color': u'0084B4', u'profile_image_url': u'http://a0.twimg.com/profile_images/1776075011/Photo_on_1-23-12_at_20.00___2_normal.jpg', u'following': False, u'geo_enabled': False, u'profile_background_image_url': u'http://a0.twimg.com/images/themes/theme1/bg.png', u'screen_name': u'eelkeh', u'lang': u'en', u'profile_background_tile': False, u'favourites_count': 2, u'name': u'Eelke Hermens', u'notifications': False, u'url': None, u'created_at': u'Sat Jan 31 15:18:29 +0000 2009', u'contributors_enabled': False, u'time_zone': u'Amsterdam', u'protected': False, u'default_profile': True, u'is_translator': False}	False	{u'user_mentions': [{u'id': 19795364, u'indices': [0, 12], u'id_str': u'19795364', u'screen_name': u'ChairmanGus', u'name': u'Niels Bueller'}], u'hashtags': [], u'urls': []}	None	False	@ChairmanGus Hola, wat is Janna's usrname?	Sat Jan 31 15:27:15 +0000 2009	False	1164638022	None	19795364	web	1164638022	ChairmanGus	1164640821	None	0	None	1164640821	19795364
{u'follow_request_sent': False, u'profile_use_background_image': True, u'default_profile_image': False, u'id': 19818128, u'verified': False, u'profile_text_color': u'333333', u'profile_image_url_https': u'https://si0.twimg.com/profile_images/1776075011/Photo_on_1-23-12_at_20.00___2_normal.jpg', u'profile_sidebar_fill_color': u'DDEEF6', u'entities': {u'description': {u'urls': []}}, u'followers_count': 62, u'profile_sidebar_border_color': u'C0DEED', u'id_str': u'19818128', u'profile_background_color': u'C0DEED', u'listed_count': 1, u'profile_background_image_url_https': u'https://si0.twimg.com/images/themes/theme1/bg.png', u'utc_offset': 3600, u'statuses_count': 38, u'description': u'Something awfully pretentious', u'friends_count': 314, u'location': u'', u'profile_link_color': u'0084B4', u'profile_image_url': u'http://a0.twimg.com/profile_images/1776075011/Photo_on_1-23-12_at_20.00___2_normal.jpg', u'following': False, u'geo_enabled': False, u'profile_background_image_url': u'http://a0.twimg.com/images/themes/theme1/bg.png', u'screen_name': u'eelkeh', u'lang': u'en', u'profile_background_tile': False, u'favourites_count': 2, u'name': u'Eelke Hermens', u'notifications': False, u'url': None, u'created_at': u'Sat Jan 31 15:18:29 +0000 2009', u'contributors_enabled': False, u'time_zone': u'Amsterdam', u'protected': False, u'default_profile': True, u'is_translator': False}	False	{u'user_mentions': [], u'hashtags': [], u'urls': []}	None	False	@ de balie	Sat Jan 31 15:23:47 +0000 2009	False	None	None	None	web	None	None	1164633134	None	0	None	1164633134	None
{u'follow_request_sent': False, u'profile_use_background_image': True, u'default_profile_image': False, u'id': 19818128, u'verified': False, u'profile_text_color': u'333333', u'profile_image_url_https': u'https://si0.twimg.com/profile_images/1776075011/Photo_on_1-23-12_at_20.00___2_normal.jpg', u'profile_sidebar_fill_color': u'DDEEF6', u'entities': {u'description': {u'urls': []}}, u'followers_count': 62, u'profile_sidebar_border_color': u'C0DEED', u'id_str': u'19818128', u'profile_background_color': u'C0DEED', u'listed_count': 1, u'profile_background_image_url_https': u'https://si0.twimg.com/images/themes/theme1/bg.png', u'utc_offset': 3600, u'statuses_count': 38, u'description': u'Something awfully pretentious', u'friends_count': 314, u'location': u'', u'profile_link_color': u'0084B4', u'profile_image_url': u'http://a0.twimg.com/profile_images/1776075011/Photo_on_1-23-12_at_20.00___2_normal.jpg', u'following': False, u'geo_enabled': False, u'profile_background_image_url': u'http://a0.twimg.com/images/themes/theme1/bg.png', u'screen_name': u'eelkeh', u'lang': u'en', u'profile_background_tile': False, u'favourites_count': 2, u'name': u'Eelke Hermens', u'notifications': False, u'url': None, u'created_at': u'Sat Jan 31 15:18:29 +0000 2009', u'contributors_enabled': False, u'time_zone': u'Amsterdam', u'protected': False, u'default_profile': True, u'is_translator': False}	False	{u'user_mentions': [], u'hashtags': [], u'urls': []}	None	False	ok dit is echt gay... gelukkig heeft mchamer ook twitter	Sat Jan 31 15:22:51 +0000 2009	False	None	None	None	web	None	None	1164630957	None	0	None	1164630957	None
{u'follow_request_sent': False, u'profile_use_background_image': True, u'default_profile_image': False, u'id': 19818128, u'verified': False, u'profile_text_color': u'333333', u'profile_image_url_https': u'https://si0.twimg.com/profile_images/1776075011/Photo_on_1-23-12_at_20.00___2_normal.jpg', u'profile_sidebar_fill_color': u'DDEEF6', u'entities': {u'description': {u'urls': []}}, u'followers_count': 62, u'profile_sidebar_border_color': u'C0DEED', u'id_str': u'19818128', u'profile_background_color': u'C0DEED', u'listed_count': 1, u'profile_background_image_url_https': u'https://si0.twimg.com/images/themes/theme1/bg.png', u'utc_offset': 3600, u'statuses_count': 38, u'description': u'Something awfully pretentious', u'friends_count': 314, u'location': u'', u'profile_link_color': u'0084B4', u'profile_image_url': u'http://a0.twimg.com/profile_images/1776075011/Photo_on_1-23-12_at_20.00___2_normal.jpg', u'following': False, u'geo_enabled': False, u'profile_background_image_url': u'http://a0.twimg.com/images/themes/theme1/bg.png', u'screen_name': u'eelkeh', u'lang': u'en', u'profile_background_tile': False, u'favourites_count': 2, u'name': u'Eelke Hermens', u'notifications': False, u'url': None, u'created_at': u'Sat Jan 31 15:18:29 +0000 2009', u'contributors_enabled': False, u'time_zone': u'Amsterdam', u'protected': False, u'default_profile': True, u'is_translator': False}	False	{u'user_mentions': [], u'hashtags': [], u'urls': []}	None	False	ok dit is echt gay... gelukkig heeft mchamer ook twitter	Sat Jan 31 15:22:51 +0000 2009	False	None	None	None	web	None	None	1164630957	None	0	None	1164630957	None
