Savage	1
Communism	6
EricHolder	2
justsayin	2
Juilliard	1
InfoSec	1
Poetry	1
NYT	4
Abbas	4
sexandfessenjoon	1
MohamedAlZewahiri	1
jihad	18
Olympics	1
creepingsharia	2
masen	1
NYC	3
Communist	19
nwi	4
journalnews	1
swag	1
voter	1
BWW	1
LberalAssaultWeapons	1
GOPTruth	1
SECONDAMENDMENT	1
Watch	2
lovemusich	1
liberalbandnames	1
Western	1
BEHAVIOR	1
اسرائيل	1
Tahrir	7
gunfreezone	1
Slug	1
MAp	1
Homosexuals	1
rescue	1
Iranian	66
WhyIsMyPayCheckLessThisWeek	1
Django	2
StopRush	2
Hussein	3
Military	9
GM	1
Solyndra	1
school	2
GCIVC	1
SNC	2
BRTT	4
ACLJ	1
Deocrats	1
FuckNATO	1
FRANCE	3
ACLU	2
Cowboys	1
nationaldebt	2
Tampa	3
Sandy	11
IslamNazis	1
Jarmana	1
erDOGan	3
NGOTrial	1
Mehregan	1
supportourtroops	2
OpSLAM	7
ThingsThatMakeMeLOL	1
welfare	2
radicalislam	1
Tartous	4
armstrade	1
SumBitch	1
colonialism	1
IsraelUnderAttack	2
SongsFromTheWhiteHouse	2
LowInformationVoters	5
Hawaii	1
USAinUKNov6	2
children	2
mycutejihad	1
myPCC	22
churches	1
Deport	1
NYE	1
TweatYourFear	1
HobbyLobby	4
Hanukkahinholloway	1
Cleveland	1
birthcertificate	2
Budget	1
myjiha	1
lgbt	1
cspj	3
DeirEzzor	3
Ohio	1
GrudgeMatch	1
waronwomen	1
Ignoranceisbliss	1
economics	1
Owned	1
Hamas	39
Porkitarian	1
Qaeda	6
Twinkie	1
IsraelUnderFire	3
KKK	4
DemocracyNow	1
military	12
JamieFoxx	1
INVOKEART50	1
Isler	2
Muslimgroomers	3
Verification	1
Afraid	2
entrepr	1
campaign	2
Tossers	2
Support	1
Sentor	1
middlesbrough	1
Book	3
moral	1
Sick	3
TREASON	2
SMILE	1
Syrians	5
Basij	2
criminals	1
Journalists	6
dnc	1
Spy	2
OPslam	1
arms	1
westandwithfrance	1
leaks	1
music	2
xfactor	1
obamapresser	1
my2k	6
ایران	3
survive	2
Brighton	1
NannyState	1
musl	1
ikwan	1
LNYHBT	18
SyriaWillNeverForget	1
LiberalTVShows	1
CVN	2
Crazy	1
PiersMorgan	1
PlannedParenthood	4
rights	2
work	2
ik	1
EDL	2915
mu	3
Muhammad	3
Colombia	2
Afri	1
revenues	1
my	4
EID	1
Marxist	18
Extremist	1
speakup	1
UNSC	8
Irony	2
india	1
Reality	1
revol	1
McAfee	1
millionaireboyracers	7
typicalliberal	1
Digital	1
Poet	2
DearRegretfulOVoters	1
Jesus	2
AlJazeera	6
uaf	5
legislate	1
seattle	1
FactsAboutEDL	8
ThingsThatOffendObama	1
LA	1
opslam	3
GunRightsNow	1
RepealObamaCar	1
Capricorn	3
Muslims	69
Nomanners	1
teamhinduism	1
env	1
lowinformationvoterthoughts	3
Bitslowoffthemark	1
Isra	1
A	4
Eritrea	1
Konna	1
2MuchGovt	6
لبنان	1
obama2012	1
Castro	2
Allepo	1
MUSIC	1
PurgeBoehner	1
law	2
lesbian	1
PJnet	1
OopsAHitlerReference	1
All	1
Civil	1
RS	2
Tunisian	1
Serbia	1
Japanese	2
justinbieber	3
WhosTheGunNut	1
wine	2
Criminals	11
8yearnightmare	1
Socialization	1
UNHRC	1
london	1
ThingsIHate	1
medusa	1
Election2012	1
CNNdebate	1
LegalizeIt2012	1
guncontrolkills	1
Hero	1
Cops	1
SAA	23
StandDown	16
writing	1
PRT	1
Armenian	1
blogger	1
FSACrimes	2
Spain	6
GunCONTROL	2
Obama2012slogans	1
TEApart	2
InternationalTerr	1
MUSLIM	1
Autopen	1
CHP	2
bigjimst	1
shameful	6
DGSE	1
schools	7
SupportingTroops	1
Control	12
Bittersweet	1
Liberal	2
Citizenship	1
DaytonaTesting	1
ArabLeague	4
Darband	1
India	11
slavery	1
Extortion	3
Shame	2
SpendingIsTheProblem	1
قط	1
OWS	1
antiSemetic	1
twinkie	1
Farsi	2
antifacist	1
Hezbollah	10
Falklands	2
TweetforYoucef	1
gopfail	16
Paranoia	1
Mongolia	2
2ndAmdentment	1
Damascus	99
stealing	1
navy	3
USMC	1
MSNBC	5
Discovery	1
Islamofascism	2
cpgb	1
Holy	1
diesel	1
mapoli	3
PRdamageControl	1
Curiosity	1
smh	1
medicine	6
Rotherham	2
gop	24
Turkmen	1
USSA	1
GCC	4
tcot	640
MASF	1
University	2
Work	1
Abortion	4
GOPFails	1
Barbaric	1
USSR	8
Gaddafi	1
muslimrage	3
TawheedBrigade	1
soundcloud	3
CellPhone	1
Cambridge	1
Clinton	6
ReligionOfPeaceKMA	1
Photo	1
National	1
CurrentTV	3
BestQuranTranslations	1
SSM	2
GodBlessGeorgeWBush	1
Ukrainians	1
Wateroffaducksback	2
Uganda	2
TIME	1
SAAF	1
Europeans	2
Depression	1
wipolitics	1
Universities	1
Voter	1
freetommyrobinson	2
Buddhist	1
Mashhad	1
Fight	1
Jan25	2
Addounia	1
Bliss	1
drones	3
TEHRAN	1
bicycle	1
Marrakesh	1
Burma	4
Congress	39
LMFAO	1
sarcasm	3
Rakhine	1
Medina	1
compromise	1
4NewIran	1
Press	4
Haiti	2
Afghan	5
dogs	2
EU3	1
FreePalesti	1
FreedomRingers	2
BBC	7
StateExchanges	1
wisdom	3
Islamaphobia	1
predictable	1
FirePower	1
Interrogation101	1
UT	1
RedNationRisin	2
tiot	3
libertarian	4
Iraq	77
FALSE	1
mirtw	1
Cyberbulling	1
coward	3
immigrants	3
VoterFraud	1
Cyber	2
ShouldofgonetoSpecsavers	2
tonightweparty	1
AxisOfEvil	1
GunContro	1
tattling	1
TheOtherGuyWasntSoLiucky	1
Nuke	2
ShinyVera	1
Endeavour	1
سوريا	3
Chicago	9
Arabia_Saudi	1
VeraLives	1
assange	1
Flood	4
JoeBiden	4
Stuckon2000	4
MuslimRage	5
impeachobama	2
KeepsChanging	1
YoungChristianLeaders	1
ShootingForum	1
illegalimmigration	1
Christian	12
Asians	1
Egyptian	8
POW	2
AleppoUniversity	2
IMPEACH	1
Syr	5
Economic	1
Pastors	1
Section533	1
Bank	1
FreeTomm	1
Jones	1
Artist	6
TweetingWhileWhite	1
Journalism	2
shale	1
EpicFail	1
Arizona	1
Journalist	13
organization	1
TradeNotAid	1
coin	1
Bernie	1
YourLittleBook	2
Cartel	1
antifa	1
JabhatAlNusra	1
m	3
Vauxhall	2
gunshops	1
tech	2
Election	2
IdleNoMore	2
consumer	1
FACT	2
Missiles	1
pagan	1
Union	4
Illegal	10
BinLaden	2
Colbert	1
MentionAChildhoodGame	1
GovernmentFail	1
religions	1
Tunisians	1
radio	2
poison	1
Darya	5
My2k	3
Lottery	1
whitehouse	2
Rial	1
European	1
Bil	1
NoToTerrorism	1
edtech	1
C2GTHR	7
Republicans	12
Free	8
Citizenry	2
Bergdahl	4
FactChecker	1
CurrentAlJazeeraShowPitches	11
myjihad	1096
Haitian	1
Maldives	2
Segregated	2
AgentTerry	1
MailOnline	3
de	2
Taxes	7
Clutchingatstraws	1
Decimation	1
OMG	2
Palestinians	14
GodBlessOurMilitary	1
Hotdog	1
PlanToResist	2
UNHCR	2
fingerscrossed	1
Moore	1
israeli	1
Concord	2
Mediterranean	1
HIPPA	1
SouthAfrica	1
BBCPersian	1
LowInformationVoterThoughts	8
isreal	1
Loganswarning	1
WiRight	1
MohamedAlZawahiri	2
OBAMA	1
IfItSavesFourLives	1
Taxpayer	1
Brainwashing	3
MadeinUSA	4
Christianity	3
Foster	1
ImpeachObama	10
fail	2
Dogs	1
Alqae	2
Korea	8
mus	1
CreativeWireGizmos	1
righturds	1
Registered	3
registration	1
mug	2
BowelConrol	1
wateroffaducksback	1
pets	1
nowaynra	1
Pumpkin	1
BUE	1
C	2
Finland	1
IWMFcourage	1
nature	2
Mohammed	1
Nasser	1
theblaze	1
Motherhood	1
Islamunchecked	1
NewYearsEve20	1
censorship	2
Bronx	1
news	20
debt	2
neww	1
Sweida	5
ثلج	1
pussyriot	1
climate	2
cot	1
Dance	1
Conservative	11
TalibanOfficeRules	2
PSY	1
games	2
Catholics	1
newtown	2
Navy	5
RadicalIslam	2
MyJihad	404
Syrian	68
Agenda21	3
USEmbassyCairo	1
Hollywoods	1
youmightbeobama	1
assassination	1
godbless	1
2khump	1
Snow	1
2nd	1
Cowards	1
Shout	1
consnc	1
Ireland	3
pregnancy	1
GunFreeZone	18
Intrusive	1
hitler	1
2013Predictions	1
Literature	1
Kerry	1
Vocabulary	1
union	20
ThingsLiberalsHate	8
referendum	1
Nas	1
Hillary	2
teaparty	45
Staycation	1
Belize	1
incompetent	1
SaveMI	1
FirstAmendment	1
Georgia	1
Censorship	2
IfItSavesOneLife	11
Tokyo	2
Pennsylvania	2
CA	1
Citizens	1
filmmaker	1
Nosympathy	2
child	1
jcot	4
aviation	1
Marines	3
WhiteHouse	3
Nationals	1
AnchorBabies	1
Zawahiri	1
ObamaFAIL	1
SanFrancisco	2
ANTIFA	1
QatadaOut	2
Cybersecurity	1
Ca	1
Escaped	1
Persian	10
demandaplan	1
teachers	1
ArmedCitizens	1
Follow	1
property	2
WhatHurtsTheMost	1
TeaPartyPatriots	1
JSTOR	1
DontBlameMeIVotedForMitt	1
LongIsland	1
McGovern	1
NRack	6
USembassycairo	1
OCRA	1
LOL	2
Iskenderun	1
Occupy	1
Bush	6
Astronaut	1
Mail	2
Bridal	1
Meng	1
Tavakoli	1
Golan	3
libstupidity	1
Main	1
Jazayeri	1
BirthCo	1
hatewatch	1
Venezuela	17
Benghaz	1
SayreAintSo	1
NerdMode	1
AaronSwartz	1
BlameIran	1
Nadharkani	2
wiright	1
Lebanese	3
leftist	1
SelfDefenseInNY	1
commonsense	1
FastandFurious	4
PSYOP	1
rial	7
TeamFollowBack	1
evil	1
GunControlNo	1
GunRights	3
Monsanto	2
bloomberg	1
jealous	2
PopulationControl	1
IAEA	10
Benghazigate	9
Bemba	1
Psych	4
Adly	1
DontFeedTheSocialists	1
VETS	1
report999tmmhot	1
SyriaBlackout	1
Astrology	1
Cartoon	1
usefulidiots	1
Blogger	1
Puzzling	1
Mubarak	1
salafi	1
Cambodia	1
Crime	2
quotes	11
BERGDAHL	2
facts	1
DRC	1
AntiIsrael	1
Jew	3
Protestants	1
antep	1
Yemen	7
belfast	2
Istanbul	5
Gay	2
Oscar	1
bnp	3
Gas	2
ele	1
Connecticut	1
UOfObamaCourses	1
casualsunited	3
legitimaterape	1
News	5
Op	1
Coverup	1
ObamasAmerica	1
PresidentAssad	1
D	4
AreyouSerious	1
EVIL	8
Thankgoodnessimnotamuslim	1
patriotsolidarity	1
NativeWinter	1
govt	1
Wine	1
Seniors	1
Art	23
Cairo	21
impeachthecommiebastard	5
walthamstow	4
Heard	1
Cantor	1
pointandlaugh	3
CXF	2
berpikir	1
Rajavi	1
security	7
Pentagon	4
Bain	1
cowardice	1
SyrianArabArmy	2
Bangladesh	1
Prisons	2
cybersecurity	5
mosques	2
Soros	1
Mosque	2
DoItForGabby	31
Weapons	3
realsyria	1
jft96	3
election	8
Wales	1
WhyGunsAr	2
DISGRACEFUL	1
enemies	2
Life	1
humor	1
Annan	1
Cuba	3
Quran	2
cjsm	1
AmyGoodman	1
zionism	1
Facebook	7
Ho	1
cnn	9
savile	3
Debt	1
He	1
Europe	15
School	1
Boghadanov	1
secularists	1
PBS	1
GovtSpendingSpree	1
DianneFeinstein	1
mentalillness	1
NewGuards	1
Daily	4
Sweden	2
GOP2012	4
Barzeh	3
flagprotesters	1
Julia	2
rotherham	2
ChildBrides	1
dlrs	2
hookoff	1
Baggage	1
nowplaying	2
JabhetAlKhuryeh	1
barbarians	1
nuffsaid	1
beta	1
Kafka	1
genocide	14
STANDUNITED	1
Fail	8
Taiwan	2
Best	1
guncontrol	15
Swedish	1
Fed	1
Blacks	11
Dallas	1
REPS	1
MortallyWounded	1
Tgon	1
Clintons	1
sot	1
PTweet	1
Korean	1
Latino	2
Syria2010	1
facingrace	1
TimeTravelers	1
Tcot	4
CONTRACTS	1
TEA	1
UltraFail	1
BACON	1
مجاهدین	1
Idiot	4
STUPID	1
soT	1
NBC	4
tweeps	1
EthnicCleansing	1
war	15
2tiersystem	1
DIGNITY	1
KNEW	1
DNC	12
PaedoMuslims	1
Revenuers	1
occupywallstreet	1
Drip	1
Hilary	1
NoInnocentLoss	1
strike	2
salafist	2
ABCNEWS	3
HandGasm	1
NAZI	1
2ndAmmendment	1
r3volution	1
Caspian	1
Uruguay	1
Czech	1
WethePeople	1
Impeach	3
RIPAaronSwa	1
ObamaCliff	1
AlQaeda	25
Qatada	1
Parchin	1
CFSA	18
SoMuchForFairness	1
propaganda	4
GoodPoint	1
BoycottGannett	2
liberal	3
mideast	2
Nuclear	10
secondamendment	2
Sy	3
ukuncut	1
Alqaeda	9
SEALeaks	6
Camps	1
Gaza	93
wotaprick	1
NoHalal	1
GETOUT	1
Nangrahar	1
TUNISIA	1
MikeBloomberg	6
MiddleEast	25
reality	2
Qassioun	1
bestinDC	1
lapdogmedia	1
GunFree	1
OHIO	1
Resist44	1
shellacforhairspray	1
terroris	1
AntiGunNut	1
Nosurrender	3
GSTQ	2
IslamIsASham	1
AM1070	1
DEDICATED	1
CallOfDuty	1
Koran	14
templerun	1
Idi	1
Kachin	2
WIRIGHT	1
resist44	4
fsa	7
militias	1
sanctions	17
fiscalcliff	23
AirForce	1
Color	1
Ahvaz	1
Corrupt	2
Empire	1
Moscow	7
twittergulag	4
teamspam	4
Maddow	1
diplomacy	1
anons	1
LastPlace	1
tbrs	2
YouTube	1
c4news	3
suicide	2
Columbia	1
CONGRESS	1
godless	1
YeahThatsRight	1
obamacare	1
environment	4
DeathMarch	1
PERPS	1
terror	2
Judeo	1
sovereignty	1
Tourism	1
Massachusetts	1
Rastan	2
Prize	2
NewOrleans	1
CPACNews	2
Nothing	1
Walthamstow	9
ILikeObama	3
Rockets	1
OldNews	1
artwork	1
VAW	1
RevtardLogic	1
Guncontrol	3
ccot	16
PHOTOS	3
BabAlshams	1
teap	2
HamasCelebrates	2
Tax	5
gun	35
p	1
Katrina	1
VP	1
science	1
liberallogic	1
twitterku	1
Debate	4
Mecca	4
mali	2
ldsdems	1
Shiites	1
insignificant	1
Prepper	2
Rep	1
RFID	1
lnyhbt	32
cyber	1
Assange	3
TEDxWomen	1
MidEast	6
Gre	1
Deficit	2
Rich	2
humantrafficking	1
IBDEditorials	1
PCC	1
ConstitutionDefenders	1
Prepped	1
smallbiz	1
Assyrian	1
OttomanDream	1
Shahs	3
Buyback	2
yourlittlebook	2
Alhurra	2
AM870	23
hypocritesinlalaland	1
terrorism	11
COMBATANTS	1
BandarBinSultan	1
giveup	1
IdiotsEnMasse	1
Libya	63
muslim	32
BigBird	1
M23	1
Stalin	3
LiberalBandNames	24
English	1
MuslimCharm	2
Shocking	1
AlArifi	1
earthquake	8
NDAA	9
MB	4
MM	1
gulagqueen	3
MO	1
Dead	1
comeandtakeit	1
hajj	1
asamom	1
Hitler	27
GovtControl	1
MoreLAPD	1
REAL	1
Femicide	1
No2EU	1
BirthControl	4
AKP	1
LackCluckinCredibility	1
DOG	1
DOD	1
NuLab	2
Unions	3
UNSG	1
patriots	5
GunFreeZoneskill	1
KAHLILI	1
Isaac	2
DOS	4
plusone	1
Swaida	2
firearm	10
Ecuador	6
transplant	1
Australia	3
E1	1
mentalhealth	1
Hungarian	1
WeThePpl	549
Hostage	11
sports	1
Acirema	2
msm	1
Courage	1
TelAviv	11
pret	1
syrians	1
AMERICA	3
Bras	1
AUC	1
AUB	1
F	2
Irgun	1
camptwitmo	2
Weapon	3
Youcef	2
LookingForwardToMoreHashtagWit	1
LiberalUsesForUSConstitution	5
Beds	1
Taylor	1
PompousHypocrites	1
Obamanation	1
Rebels	1
Pope	1
Kosovo	1
German	3
Kurdistan	3
abortion	6
Petraeus	4
waytogo	1
Down	1
commie	1
PissyPussyC	1
Mentally	4
Cowinkydink	1
NationalDebt	1
BigGov	1
Children	5
GOPCowards	6
Caring	1
Polio	1
photojournalism	1
Media	9
jpnet	1
AK103	2
Consevatives	1
vauxhall	1
VIRAL	1
ScanEag	1
RUMINT	1
TwitterGulag	71
WarCrimes	2
fixthedebt	1
Suspension	11
oba	1
Marxism	6
Putin	1
winter	1
DebtControl	1
2tier	1
Barak	3
Islamopho	1
StopDroningSyria	1
Archaeologists	1
Environement	1
Laughable	1
PleaseWatchItLive	1
Chanel	1
P5	3
economy	3
designer	1
Shariah	1
Outlaw	1
Azhar	1
sustainability	1
mac	1
SOPA	1
YPG	1
London2012	2
prolife	3
Idolatry	1
Fortress	1
man	1
Exclusive	1
Suspend	1
pabloneruda	1
Squeeee	1
Syrian_Army	2
Islamists	8
LowInformationDrivers	1
Shia	5
Romney	28
FaroukBattalion	1
NGOs	2
sh	2
sm	1
Hama	6
nour	1
Turk	1
pollution	1
whatarealPresidentlookslike	1
HotdogMan	2
Islam	80
Sheep	1
LIE	1
NewtownMassacre	1
insurgency	1
twitterkurds	1
cantdateyouif	1
washingtondc	1
JournalistRights	1
Re	5
Baghdad	8
Swartz	1
HillarysProverbs	3
FILM	2
Higher	1
RT	3
OsamaBinLaden	2
police	2
HR8	1
CoastGuard	1
defenseless	1
SandyBill	1
Delhi	1
EnviroWhackos	1
Hispanics	1
Guatemala	2
antiChoice	1
WTF	6
HYPOCRITES	1
Jordan	30
Avon	1
petition	1
WTO	1
ThickasMince	16
freulein	1
TDGN	6
Chaplan	1
Iraqis	1
Socialist	12
Sheeple	1
ChemicalWeapons	1
moron	3
Socialism	8
SupportHobbyLobby	1
TPP	1
nos	1
svpol	2
twibbon	565
Aviation	1
SupportIsrael	1
NBN	3
floods	1
amnesty	5
wagop	1
Communists	5
Tyranny	11
anotherpowergrab	1
Islamic	8
gaming	1
ed	1
taxincrease	1
Doh	8
Legal	1
Peru	1
Survive	2
Expected	1
InquiringMind	1
FreeSassounian	1
socialized	4
Kony	1
profit	1
greeks	1
teapart	1
lad	1
RTW	2
MentionATwitterBestFriend	1
bbcqt	1
G	1
Rights	2
RedNationR	3
ocra	31
Yalda	1
USElection	13
punkd	1
Security	5
nbcpolitics	1
Loire	1
Peshawar	1
leftsts	1
2ndAmd	1
breitbart	1
SOHR	2
MerryChristmas	16
revoluti	1
Welfare	6
Ahmadinejad	9
Shabba	1
ammo	1
first	1
blind	1
suspend	1
ff	6
Afghanistan	41
Impechment	1
Royal	1
ATT	1
Walsall	8
Black	8
ObamaSloppiness	1
Stars	2
NASA	1
Medicine	3
Zawahri	1
Hollywood	4
HannityLive	1
AlHayat	1
LIBYA	2
occupy	1
whosaysedlisnotworki	1
ConInC	1
extortion	2
Iranelection	3
SEE	5
BobCostas	1
berfikir	1
SEA	28
dontfeedthetroll	9
latism	1
Jihadists	1
ThemDemLibs	1
2aAllTheWay	1
IMF	2
floppy	1
Kurd	1
SandyHook	4
Naked	1
Hispanic	1
LongLiveSyria	1
bilderberg	1
rides5	1
History	4
Kwanzaa	2
Love	1
Idleb	27
AmTrak	1
GunBuyBacks	3
OpSlam	2
CloakingJihad	1
seminaries	1
Fatwa	1
ASSAD	1
marines	1
russia	1
ToHell	1
Clint	1
supremacist	1
Deluded	2
DG	1
Amman	3
DC	6
101Lashes	1
FireB	1
Ghouta	2
BirthConrol	1
SWP	2
TeamJesus	2
Puppy	1
nazi	1
blonde	1
Jewish	14
veteran	3
De	1
foreigner	2
standdown	1
Da	1
Norway	2
Antioch	1
MKO	2
StillABigMessInLittleWestchester	1
PJNET	34
martinuaf	1
Dictatorships	2
WeaselWonk	2
MLK	3
OMustGo	2
Villaraigosa	2
Slavery	3
assault	1
debtceiling	4
Gandhi	1
Akin	7
DHS	2
GOP	21
TURKEY	1
BalancedBudgetAmendment	1
maddow	2
failure	2
Binders	1
NRA	147
SuckIt	1
Fuck	1
Chef	1
goodcause	1
guncontro	1
StopTerror	1
NickMeli	1
SHOTShow	1
RedNation	1
WA	1
leicester	1
SaveBigBird	2
WH	20
Ethiopia	1
WhyGunsAreBetterThanLiberals	13
Reuters	1
Hasaka	1
ObamaSupportersBelieve	2
ObamaTax	1
deportation	2
Bushehr	2
Woman	3
DavidCastIronCameron	1
Dontholdyourbreath	1
Saddam	1
Kansas	5
RIP	8
Mainstream	2
McClatchy	1
Solar	2
Sharone	1
Quotes	1
RPG26	1
Translation	2
Left	13
commies	1
ObamaSucks	1
GDP	2
Retard	2
Guns	36
Rafsanjani	1
H	1
mormon	1
BNP	36
Lexington	2
WTC	1
Rohingya	1
FaceBook	2
KNX	3
Baynoni	1
trade	1
toct	1
Republican	4
NewYearsEve	1
Siria	1
Unfollow	1
Alarabiya	1
Boycott	7
jokes	1
SFFF	1
Manchester	1
noemotionalblackmail	1
Education	3
xmas	1
followthemoney	1
BiblicalFoundation	1
extremeweather	1
Clueless	1
IfOnlyPeopleWould	1
WW3	2
WW2	1
ThingsConservativesHate	1
FRACK	2
CrusaderCat	1
college	3
Daraya	2
stigma	1
supportingtroops	1
Uncategorized	2
PastorSaeed	1
US2012	5
fails	1
Iowa	2
mortgage	1
politic	1
wisots	1
Kermanshah	1
MIT	2
weapons	1
Berlin	3
BUSTED	1
AQIM	1
assadspeech	2
isfahan	1
Bowe	1
SAFETY	2
Bible	3
jobs	1
Dictatorship	3
JustSaying	3
LetsPretend	1
Pacifism	1
Shabeeha	1
Sickening	1
LGBT	26
COIN	1
Londonistan	1
ji	2
Treason	8
alQaeda	2
ControlFreaks	1
Ocalan	1
eyeroll	1
Rahm	1
LAPD	2
s	4
disappointment	1
yarmouk	1
gayrights	1
teamsikhism	1
Firearm	2
FSA	204
ISRAEL	2
Death	2
Jeremy	1
Mortgage	2
Liber	1
BoreOff	5
Jableh	1
Tyrant	1
WashingtonDC	5
FSP	1
Aleppo	93
homosexuality	3
ncpol	5
NowThatImALiberal	4
Parachinar	1
memories2012	1
Leader	3
Surf	1
us2012	3
ToTheHashtagSenseiMayOnlyGoodThingsCome	1
WeGoWhereWeWantEdl	1
Fullmoon	1
IMPEACHNOW	1
dictator	4
Reporters	1
Schools	2
helicopter	1
longreads	1
GoodAnswer	1
NativeAmerican	1
P	3
Teftanaz	28
Cross	1
ObamaVSAmerica	3
teamlemming	1
photos	2
newnormal	1
FAIL	7
FoundersUnderstood	1
irrelevant	1
MuslimGroomers	1
Jazeera	2
Spiritual	1
Brussels	1
AlSahbab	1
Fukushima	1
lny	3
PPact	1
Bloggers	1
Salafi	3
Brightonjihadi	1
Outcomes	1
casu	1
RNC	2
forgedBC	1
Freddienomates	1
GunControl	262
StudentLoan	1
BenghaziCoveru	1
libshateme	1
Micronesia	1
Sufism	2
C18	1
Useless	1
Prez	3
Smurfette	1
Nadarkhani	3
POTUS	10
GunOwners	4
Ovens	1
Israel	260
synagogue	1
CHRIST	1
media	13
Jazz	1
7hourso	1
RedNationRising	9
Slavemasters	1
Bloomberg	2
Brotherhood	3
Persecution	2
TruthSeeker	1
Netanhayu	1
homophobia	1
homophobic	1
PoppyAppeal	1
oil	11
Bosnia	1
Map	1
I	3
IRS	10
producers	1
everyoneneedsahobby	1
IRA	1
cartoon	1
cellphone	1
gerrymandering	1
AlArabiyya	1
journalists	6
Porn	1
no	1
NUTS	1
Ramadan	1
coverups	1
Marxists	10
SDL	2
Aids	3
İran	1
Nazi	19
AnimalRights	1
JOON	1
PeopleControl	1
ReeyotAlemu	1
Sharia	6
Oslo	1
YouWereHotUntil	1
Vatican	2
ScorchedEarth	1
ObamaLIES	1
actress	1
NAM	5
mixedsignals	1
ThankYou	1
tgdn	34
7HoursOfHe	1
BOA	1
RKBA	11
StandUnited	1
Cellphones	1
death	1
townhall	1
pleasesubscribe	1
needtosleep	1
RevtardRumours	9
iranElection	5
PromisedLand	2
LessGovMoreF	1
Anonymous	10
Pictures	1
Ignorant	1
thanksObama	1
WeThePppl	1
DefenseInDepth	3
WarOnWomen	1
UnitedKingdom	1
LafferCurve	6
CivilisationVsSatan	1
Perfume	2
gunrights	15
inflation	1
Gangnamstyle	1
Humanrights	2
libs	2
ahmed_meligy	1
intel	1
FREEDOM	1
collective	4
WestBank	9
Biden	3
London	4
t	10
FilthyISLAM	1
TermLimits	1
RESPECT	1
rich	1
pinklondon	1
Twitterkurds	1
Shoo	4
Neo	1
sheparty	1
obamaFAIL	4
Jewelry	1
Handbags	1
Pinterest	2
Brides	1
glbt	1
lebanon	1
Arms	1
Controls	1
FuckTurkey	1
Somalia	9
Proselytizing	1
Mars	1
Employee	1
New	2
IKEA	2
COMMIEWOOD	2
ContemptOfCongress	1
scandals	1
FISCALCLIFF	1
Wicca	1
Disa	1
Men	1
Pharaoh	1
Gulag	2
legal	1
Toddlers	1
NotInvisible	4
NoFightZone	1
deficit	3
BenghaziG	1
UNGA	5
ProfessionalTrollingLeftard	1
Irrelevant	1
turkey	1
biased	1
Rap	1
TCOT	56
badCIAactors	1
Illiteracy	4
txcot	1
dictators	3
Washington	2
NKorea	8
Buy	1
Militia	1
CxF	1
NYTIMES	3
GunViolence	2
aca	1
Revolution	1
casuals	2
BJClinton	2
oc	1
Jackie	1
Trade	1
Autumn	1
Eastwood	1
Protest	1
muslims	3
Nwo	1
moochers	1
Story	1
Hollande	4
protests	1
newtone	1
No	3
Memories	1
bbcnews	1
RedCross	1
Abbasi	1
Annecy	1
Illigals	1
homeless	1
Pakistani	6
IceAge	1
Azaz	1
notinvisible	1
NJ	1
selfadvertise	1
whyismypaychec	1
AntiAmerican	3
NO	1
PUNKED	1
makdissi	1
totalitarian	5
Leban	1
NF	1
PrevTweet	2
peopleinglasshouses	1
NY	5
AssaultWeapons	1
cats	1
racist	14
Assad	261
NR	2
Obama	640
Mourek	1
Remember	1
RedMist	1
AlexJones	1
J	1
genocidal	10
SyriaCurse	2
antiabortion	1
guncontrolnow	1
fascists	1
Harry	1
Sports	2
machineguns	3
endtimerspleasefuckoffanddie	1
WhatTreasonLooksLike	1
deports	1
rush	1
fraud	5
monopoly	1
crockofbarack	1
NOTObama	3
HighInformationVoters	1
Outraged	1
Drones	4
Izaz	1
FBI	2
obamacrocodiletears	1
Wahabi	1
ObamaEconomy	1
citizenship	1
USA	19
Revtard	1
USN	1
cbn	2
Armenians	2
Dhimmi	1
cbs	1
2016movie	1
Assadspeech	4
Homeland	1
politics	4
Veterans	2
film	5
Real	2
Savages	5
SaudiArabia	9
WelfareBear	2
Mossad	5
OpSyria	2
LinenWire	1
cyberbullying	1
graduate	1
Ankara	2
MyPedophilia	1
Palin	2
trash	1
Pulitzer	1
rt	1
Alex	2
congress	1
annex	7
ICC	4
PJTatler	2
LowInformationPresident	2
Alep	2
Raqqa	1
Cameron	3
GoneBeforeGridlock	1
Deafening	12
Yarmouk	6
CNN	12
Bashar	6
pelosi	1
ghettowaystodie	1
Fordow	1
Mexican	2
fastandFurious	1
Myanmar	6
Mosaddegh	1
Obama2ndTermSlogans	1
FreedomsRing	16
Yugoslavia	2
treason	2
FreePussyRiot	1
60K	2
Canada	6
PearlHarbor	1
liar	2
NewYork	4
tcot_talk	1
Obamacare	14
CPJ	1
Forewarned	1
unrest	1
disarming	1
Nasrallah	1
Parents	1
NavySeal	1
FakeGangRapeVideo	1
SantaClaus	1
Obama2	1
religious	1
als	1
IllegalImmigration	1
MentalHealth	1
tw	1
Evin	1
Evil	2
WAR	11
hillsborough	1
wmi	1
stuckon2000	1
Qatari	2
te	2
tc	14
Christians	22
Investement	1
Salafists	1
President	1
FreeSpeech	1
RonPaul	1
FUCKSHARIALAW	1
BENGHAZICOVERUP	1
ShouldBeHung	1
LiberalHypocrisy	2
PrayForTommy	1
billionaireboyracers	4
DeirEzZour	1
austerity	1
شمعون_بيريز	1
Wahhabi	3
gov	1
thingsthatwillneverhappen	1
HOUSE	1
Arabs	3
Kill	1
saudi	1
MasterCard	2
BaitingHooks	1
Republic	1
Antisemitism	1
tocheeryouup	1
Correa	1
AlBab	1
Misogynists	1
Reagan	5
GUN	2
Denver	1
TSA	1
Idiots	3
Ccot	4
OWNED	1
akp	4
nbc	1
CBSNEWS	3
FreeTommyRobinson	82
stopch	1
abc	1
MayaNasser	1
liberalssuck	2
BREAKING	28
parkinsons	1
gunc	1
teapa	1
Liberties	1
NoKXL	1
Pepsi	1
Conservatives	8
Govt	1
Worked	1
Iranians	10
guns	35
iran	20
christi	1
K	1
NFL	1
antiColonialist	1
mustbealiberal	1
twisters	2
CCOT	3
photoop	1
VEHICLE	1
freetommyrobins	1
iraq	1
Anbar	1
Silence	12
FreedomRings	2
Traitors	2
Jews	29
Diplomacy	1
Bullies	1
copping	1
crybaby	1
YouCantBeTakenSeriouslyIf	4
Aid4Gaza	1
Violence	1
social	1
Border	1
Sunday_Times	1
Toy	1
Constitution	14
Sheriff	1
Kuwait	8
REP	1
Mali	57
RET	1
virgins	1
HilaryClinton	2
Bedfordshire	1
Nigeria	2
Kurds	10
RED	1
Shiite	2
suspensions	1
Columbus	1
FatArse	18
ocr	1
impotentgovt	1
Qaddafi	1
vote	3
Sudan	8
Gazprom	1
Baseball	1
Russian	11
ShoutOut	1
RedondoBeach	5
israel	28
tippingpoint	1
madeinAmerica	1
Depressed	3
Philippines	4
Argo	9
Liberals	2
St	1
Morocco	2
American	12
هنر	1
Kafir	1
gaza	2
thug	1
Libyan	3
debates	6
BBCWorld	1
SS	5
veterans	2
Genocidal	6
Fr	1
Wahabbi	1
Martial	1
SO	1
Mideast	1
GolanHeights	2
GUNS	1
SE	1
history	4
Alborz	1
benghazigate	5
indiviual	1
Nepal	2
Fuel	1
minimum	1
Chechen	1
TheTopCameOff	1
Wheresyourhijab	1
UNESCO	1
GunCulture	1
Venezuelan	1
Calif	3
Norm	1
HowToKeepYourMan	3
Benghazi	728
Latakia	4
Canadian	1
Edlib	1
ASIA	1
Beijing	1
BlackCodes	1
TeaParty	12
FreedomFighter	1
Islamiccivilwar	1
CONTROL	1
Chattanooga	1
womentogether	1
fx	1
Akp	1
fb	1
missiles	2
BigGovernme	1
syria	24
Scum	2
Syria	1260
fo	1
Copts	1
pressfreedom	1
Supportourtroops	1
Mexico	5
ani	1
jihadist	5
Solidarity	1
Pension	1
seco	1
zerodarkthirty	1
Democrats	80
tweetcongress	1
Armed	3
Film	13
JFK	1
rifles	1
mngop	1
SCOTUS	7
Grapevine	3
afdi	1
Sama	1
Illinois	2
Our	2
outraged	1
attitude	1
HYPOCRIS	1
assad	2
WhyGunsAreBetterThan	1
Maliki	2
PoorSnobs	1
Androgyny	1
MuslimLiarhood	1
Texas	5
islam	18
hateads	2
Palestinian	16
caring	5
Italy	3
heinz8675	1
evilislam	1
cool	1
GlobalWarming	4
BadAttitude	1
DPRS	2
Hostess	1
Charlotte	1
food	2
L	3
Bahai	1
Leftists	35
2A	9
icymi	1
isla	1
oxford	1
Ikhwan	2
Safer	1
WMDs	3
Liar	1
EvilIslam	176
Terrorists	1
always	1
Aliens	4
Newton	1
Resistance	3
Suez	1
Raw	1
Newtow	1
2a	3
TheFive	2
Skype	1
Poli	1
shock	1
GOVERNMENT	1
energy	1
amnestyintern	1
Tripoli	3
Brzezinski	2
RapeJihad	1
Mug	7
KSA	4
Muc	1
Criminal	1
antiSemitic	1
Starve	1
MosqueBusters	1
blacks	1
twcot	1
Hypocites	1
Translations	4
Sinai	2
health	6
WeThe	1
egypt	6
Ukraine	1
50ShadesOfGreyMovie	1
MORSI	1
MerryKissMyAss	26
pathetic	2
ED	3
IsraelisForever	1
Libertarian	2
Tucson	1
shitnews	1
Architecture	1
Twitterville	1
EU	8
BringBoweHome	2
santaana	1
Lavrov	2
Block	1
ReligionOfPeace	1
Suckitupbuttercup	1
HarryReid	1
AOPEC	1
settlers	1
jordanispalestine	1
Praying4America	1
Inna	1
progressives	1
Respect	2
HIDDEN	2
Syndrome	1
AFRICOM	2
BreakingNews	8
Cache	1
Queen_Elizabeth	1
Indian	3
LIARS	1
HumanRights	7
Corruption	2
Tasnin	1
Algeria	12
a4a	3
Guardian	1
InfantJihadis	3
Environmental	2
ImW	1
teamdumbass	1
oathkeepers	1
BigBro	1
Sunni	3
glennbeck	1
JohnMcClane	1
AbdelqaderSaleh	1
SUCCESS	1
Gambia	1
AJE	1
JabalAlSheikh	1
SkyNews	1
HappyPlace	1
voterfraud	1
usElection	1
jordan	1
Zombies	2
rifle	2
DNC2012	4
Santacon	1
PeopleArePissed	3
thoughtso	1
LiberalChristmasPresents	1
Cancer	2
iranian	1
BenghaziGate	49
NowThatIAmALiberal	1
NewJersey	1
Islamorealism	2
HSBC	1
SnowStorm	1
obamanomics	1
Wandsworth	1
GoldenGlobe	2
marriage	13
TEAPARTY	11
Sanction	1
Apostasy	1
BanGuns	1
Ballet	1
Conservs	2
Saudis	1
natsec	3
Thingsliberalshate	3
God	10
Peace	11
HuffPostLive	2
Current	1
Zionism	1
murder	1
WBC	1
Bout	1
LiberalBumperStickers	3
NatGuard	1
Maryland	1
vulnerable	1
Obamaphone	1
growabraincell	1
islamorealism	1
Founding	1
Power	2
Ukrainian	4
Iceland	1
empowered	1
Virginia	2
religionofpeacemyarse	16
bacteria	1
Arab	18
Germany	13
ibew	6
fsacrimes	1
Revolutionary	1
ProgressiveCrayonColors	8
SandyHo	1
Holocaust	8
Islamistpigs	1
Nusra	4
NasrinSotoudeh	1
M	4
Halevy	1
yawn	4
No2Sharia	1
Common	2
boycotting	1
barackobama	1
Google	6
LIBERAL	1
Egypt	109
Newsnight	6
NoGunZoneSigns	1
guncontrolno	1
tpp	2
British	1
HAITI	1
horsesandbayonets	1
MartialLaw	1
Sikh	1
OTW	1
smashtheuaf	1
Ham	1
gold	1
TLOT	4
Nicked	1
Islamophobes	1
doctors	1
rednationrising	3
Islamist	14
JohnBoehner	2
CTshooting	1
middleeast	1
Islamism	2
Palestine	38
nobama	4
NYPD	1
teamasshat	1
SyriaSaturday	2
Senate	1
IdiotHeIs	1
Muslim	65
French	8
freedoms	1
Almayadeen	1
bfp	3
IDEI	1
Kabul	1
nosiliconebags	1
BBCWor	1
obama	10
Wolves	1
IdiotsOfKafranbel	1
IronDome	3
Patriot	8
NileUniversity	1
Breivik	1
ICantThinkOfAWittyHashtag	1
secular	1
Never4Get	17
courage	2
Medicare	1
Halfaya	1
TEAparty	4
SillySausage	4
Turkiye	1
Decepticons	1
HonorVets	1
Olympic	1
PrayForNewtown	1
Protests	1
progressive	1
Expel	1
Baltimore	1
progun	4
TalkIsCheap	1
Unacceptable	1
Ebadi	1
CTShooting	1
TWEEPS	1
nazis	1
Conneticut	1
Gmail	3
2ndamendment	1
wiunion	5
Allah	1
art	4
groundhogday	1
For	1
creator	1
Amazeballs	1
FactsAboutTheEDL	4
Morsi	27
Fox	1
France	71
RESIST	1
AnnanPlan	1
defense	1
sec	1
7HoursOfHell	35
Isfahan	2
Taif	4
MFE	1
movie	1
GreenEnergy	1
Libtards	1
TCO	1
unions	10
VIDEO	8
Tuberculosis	1
Egyptians	2
camptwitmoqueen	1
Orator	1
Catch22	1
corruption	2
android	1
Bahrain	16
Hypocrite	1
israelunderfire	1
C2GT	1
Sipocrite	1
Florida	1
tlot	48
Oba	2
Sanity	1
Jail4Reid	1
opposition	1
African	3
humanrights	3
Refugees	1
legislature	1
Arafat	1
c	3
TEAMLISTBACK	1
Mousavi	1
BigJob	1
Nigerian	1
QatarLeaks	1
Mosul	1
caspianforum	1
PoliticalCorrectness	1
DennisPrager	1
wethepeople	1
Turkish	6
NSE	1
loan	2
econdev	1
YahooAn	1
Nobel	6
York_City	1
SnowBall	1
fashion	1
church	1
PIMCO	1
Benghazi30	1
Pregnancy	1
USGS	1
idleb	4
HudhaifaElSayed	1
devil	1
pt	3
Persians	2
Mumbai	1
Khartoum	1
rednati	1
Yawn	13
Salahideen	1
TeamIran	1
Missoni	1
ObamaGunMovies	1
ireland	1
EveryBodyWantsToBe	1
lnyh	3
OneThingWeCouldCut	1
Mack	1
NYTimesSchoolofLogic	1
Women	13
NDI	1
p21	5
Zionist	1
gay	2
Head	1
nra	26
GAZA	1
WhiteHouseLeaks	2
Disgusting	1
silencer	1
barrenmunchausen	1
Guantanamo	1
PALESTINE	1
Tartus	1
Wikileaks	3
Ammo	1
p2	74
IsraeltheRegion	1
p1	3
Chinese	3
Aremenian	1
Fooled	3
socialist	6
sheeple	1
Syrian_Arab_army	1
budget	1
NewShooter	1
NEWSMAX	1
socialism	2
ML	1
IOFT	1
Qatar	41
DismantleT	1
RealPatriots	1
Grounded	1
Kham	1
DemocratCodeWords	2
WSJ	1
Atheists	2
AssadSpee	1
Dictator	3
sectarianism	1
ObamaWordsThatMakeYouCringe	1
MilitaryMon	1
Ramallah	1
Teen	1
SyrianSmurf	1
LongLiveTheGuild	1
QuranTV	1
WhyGunsAreBetterThanLi	1
irony	2
WarsandRumorsofWar	1
christmasrepeats	1
aleppo	9
LeftWing	5
firearms	4
Handbag	1
TwitterKurds	1
conflict	1
taqiiya	2
Shabbat	1
lawyers	1
BanKiMoon	2
Ill	1
upbringing	1
holidays	1
LionsHeart	1
Be	1
Nancy	1
HizbutTahrir	1
madeintheUSA	1
Carter	2
Irish	1
Syrian_crisis	1
knowyourenemy	1
DISHONOR	1
fireboehner	3
Haveadayoff	1
Socialists	2
Oscars	1
cheer	1
Congo	2
Sectarianism	1
FIREBOEHNERNOW	9
Jerusalem	13
spend	1
Liberalism	1
Eid	6
DOJ	1
NFSE	1
CCW	2
GroupThink	2
Labor	4
lds	1
LiBERALS	1
Internet	3
RealSyria	25
Ocare	1
Homophobia	3
BadActin	1
gunowners	1
Harem	1
CallitTerrorism	1
MyPCC	1
Poverty	1
CCWs	1
BillofRights	1
BuyAmerican	1
Reportandblock	1
Russa	1
Predictable	1
NUFC	1
Berkeley	1
circumcision	1
Akcakale	1
Marine	3
DefenseWeapon	1
Jeddah	1
Penis	1
australia	1
victims	1
EDLP	1
Benetech	3
AlArabiya	3
SIOW	2
ZeroDarkThirty	3
Tattlers	1
CarolSinging	1
Fashion	8
Benhgazi	12
AssadMessage	5
SION	1
FSACri	1
Aid	1
Rugs	1
SIOE	23
WMD	1
Pakistan	35
Alexandria	2
Keynesian	2
everybodyhasthosedays	1
2016CampaignGroundRules	2
cawx	1
vrwc	2
ImpeachTheCo	1
Dakota	1
Ban	1
DivideAndConquer	1
Free_Army_militia	1
DEZ	1
google	1
Gulf	4
BobCostasFail	1
CivilWar	2
creation	1
impeach	2
Azerbaijan	3
loser	1
Shamoon	1
Typing	1
juvenile	1
Dama	1
Economy	2
savage	2
qatar	1
Homosexual	1
Khamaaaas	1
Fire	1
GunsSaveLives	1
eco	1
Fira	1
crisis	1
BradyBunch	1
religion	2
Warning	2
libertaria	1
quote	1
prog	3
ObamaFraud2012	3
NWO	1
Holder	3
NWI	2
Karachi	3
be	1
libtard	1
Salafis	2
Hack	1
TTGSB	1
TripoliLB	1
Equal	1
Tosser	3
SYRIA	15
Russia	100
TheBushCenter	1
faith	2
wildlife	1
Latinos	1
neveragain	1
NBCNEWS	3
FlatAmount	1
Mengh	1
IStandWithIsrael	1
militia	1
Yemeni	2
Bosnian	1
LovemusicHaterapists	8
saynotosharia	1
Aljazeera	2
Quds	2
BENGHAZI	7
Shas	1
Shaw	1
2ndAmendment	14
al	1
aliens	7
democrat	1
ShavuaTov	1
OPEC	6
Truth	1
Stranahan	1
ahmadinejad	1
pentagon	1
The	2
guncontroldoesntwork	1
MALALA	1
Breaking_News	12
PATRIOT	1
Democracy	3
HumanRightsWatch	1
spending	1
Army	3
Witchy	8
Polite	2
atheists	1
Boreoff	1
Porkophobia	2
twitter	4
Syriua	1
Steel	1
Khaled	1
Animals	2
FLU	1
registered	1
Flu	1
immigration	6
boys	1
WITHOUT	1
Switzerland	1
Amnesty	1
FreedomFighters	1
pjnet	2
BloodLibels	2
Screenshotthat	1
patriot	2
FastAndFurious	20
BabalShams	1
Loan	1
Africa	12
MEK	12
liberty	3
preppersproducts	1
un	1
US	68
Brits	2
Scissors	1
BobCostasLogic	2
Duwerineh	1
ladygaga	2
CRPD	1
NYCNYE	1
susta	1
traitorousscum	1
BillOfRights	3
footiethug	1
Terror	2
Cattitude	1
Nazis	2
R2P	1
Unexpectedly	1
Mas	1
Wontholdmybreath	1
TX	1
TV	2
Mormon	1
peace	4
uranium	1
BigGovt	1
politicians	3
Israelis	2
MoranFamilyValues	1
TG	2
rochdale	1
Report999tmmHot	7
AG	1
Netflix	1
NusraFro	1
GunFreeZones	6
Recipes	1
Orlando	2
ADL	1
Freebies	1
AsiaTimes	1
Panetta	2
militants	1
restoration	1
Market	2
WhyIsMyPaycheckLessThisWeek	53
AZ	1
Documentary	2
GhettoWaysToDie	1
NYE2012	1
Taft	1
e	2
Tunisia	9
Mehr	1
Al	2
Design	1
As	2
CultureOfDeath	2
PJNet	2
Cardiff	1
failures	2
Shias	1
Warsaw	2
Rapist	1
HillaryClinton	5
AlJaafari	1
AbuDhabi	1
DebitCards	1
edl	57
goldenglobes	1
gang	1
edu	1
go	1
conservative	3
HowHillaryFell	1
Mortality	2
rebels	1
TickTurd	1
inbreeding	1
WhereIsOHidingBenghaziSurvivors	1
Netanyahu	11
ConcealedCarry	1
Toxic	1
PresidentPoverty	1
SWIDT	1
ObamaGunAd	1
Not	1
NeverTooOldForTeamVenture	1
Now	1
UAE	10
UAF	3
TAXDODGER	1
stopislam	1
mainstream	1
Sanctions	12
WakeUpAMERICA	1
FLOTUS	1
Constitutional	4
miners	1
NextUnbiasedUNPeaceBroker	11
facebook	1
Happydays	1
debtce	1
NOBAMA	1
Methane	1
Ambassador	1
StuckAt2000	1
moderate	1
gender	1
Hagel	16
f	1
evf	2
Seduction	3
Defense	52
Patriots	25
PussyRiot	3
Erdocunt	1
Why	3
ceasefire	1
Warhol	1
Turkey	98
Movies	2
Discrimination	1
badinfluence	1
Blackwater	1
Fast	7
Malala	10
Blo	1
FRAUD	1
video	1
SEAL	1
zzzZZZ	1
ChuckleBrothers	1
govtstaged	1
FastFurious	2
teamJudaism	1
universities	1
index	1
PorkPies	1
lawbreakers	1
business	1
FuckIslam	2
10BabyMama	1
ukip	1
GUNCONTROLNOW	1
Khamenei	2
USDL	1
Assault	33
alqaeda	1
values	1
America	16
Legit	1
PAKISTAN	1
Airman	1
Freedom	16
obamaswhore	1
judges	1
NRABlog	1
rapes	1
StarbucksCupMessages	6
Greek	2
IRGC	2
poverty	2
BuffaloWildWings	2
TheCowardinChief	1
childmolesters	1
AskDrNicole	1
Algerians	1
txlege	2
thinkaboutit	1
metro	1
Intelligence	1
Energy	1
Kwansa	1
CBO	1
Alien	1
CBS	4
Vietnam	3
Fanon	2
derby	1
ISLAMOFASCIST	1
Arabic	2
LiberalLogic	1
Butthurt	1
TeaPart	1
wearewf	1
NoLongerYo	1
apple	1
FW	1
OpenBorder	1
sgp	11
SendPiersMorganHome	1
Threatening	1
FoxNews	2
Homs	17
FB	1
Firearms	6
FF	62
SMH	1
Sudafed	1
Dennis	1
PR	1
fed	1
failed	1
illegal	8
umkalthoum	1
chp	1
Fa	1
Asad	1
NATO	37
Wedding	1
deport	5
WOMEN	1
Count	1
PROLIFE	1
ChildAbuse	1
Lawfare	1
Denmark	1
My2K	2
Gun	38
Volleyball	2
gunappreciati	1
Preppers	1
Coming2Ame	1
IStandWithMichelleMalkin	2
laweather	1
FlatRate	1
Sanaa	2
Berlusconi	1
women	23
Bengh	1
animals	6
Happ	1
TakeItAll	1
YouCantBeTakenSeriously	2
i	1
NorthKorea	4
BlockHagel	3
goodwilltoallmen	1
Video	3
disgracetobritain	1
freedom	4
Vote	1
NTC	1
Nevada	1
ConservativeInsurgency	3
WarOnCrazy	2
AM790	3
BankOfAmeria	1
EmbassyGate	1
GunControlKills	44
Police	1
BanDr	1
Gannett	6
tax	9
USAF	1
SLUT	1
Liberation	1
LiberalsSantaConcerns	2
GREEN	1
LiberalPreferencesOverGunOwners	1
NoWayNRA	1
Policy	1
IRAN	20
FairTax	1
LowInformationVoterThought	1
Christmas	13
rape	4
WEWANTOURCOUNTRYBACK	1
politicalwire	1
AntiSemitic	1
HIV	2
sit	1
TopLads	1
need	1
Gore	1
NHS	1
EDLchristmas	1
Tutu	1
Lobby	2
Mohammad	2
Ugandans	1
ThingsThatWorkBetterThanCongress	3
ABC	3
Obama2012	2
ISAF	3
incompetence	1
Ryan	1
chiefs	1
mypcc	1
Roman	1
pigs	1
sosad	1
annexes	2
Politics	7
l	1
GunBan	2
NoSurrender	71
SillySausages	1
OpRacism	3
Ottoman	2
Community	1
One	1
Resist	1
Blackpool	1
Tennessee	2
Traitor	3
Rape	17
Greece	3
KeyboardKunt	1
FireBoehner	13
Jabari	1
NewtownSchoolShooting	2
Catholic	2
Ayn	1
FairShare	1
Lybia	1
geopolitics	1
IAMTHEMOB	1
Moslem	1
Civilization	13
TGDN	212
TRUTH	2
djangounchained	1
Ghobadi	1
IRAQ	1
Reyhanli	1
JustSayin	2
labor	4
FGM	1
AssadSpeech	27
Books	3
statesecrets	1
SandyHookHoax	2
BFC	1
Dubai	6
vaxfax	1
animal	1
Fringe	2
TermLimit	1
Loser	1
Cat	1
BFP	8
iPhone	1
warcrimes	1
Cholesterol	1
Leaders	1
FireCostas	1
sio	2
Pro	1
nfl	3
SemiAutomatic	2
Sad	2
Infiltrated	1
rockets	2
truth	5
lovemusichaterapists	1
michaels	1
FireHolder	1
righttowork	6
Arts	2
ObamaFail	2
From	1
Storm	1
followerpower	1
AlFou3a	1
2AM	1
2013Wish4Libya	1
Liberty	12
IDF	13
books	3
bullie	1
sion	1
sioa	24
Redon	1
ille	1
shabeeha	1
DescribeObamaInOneWord	3
MinxyMuslima	1
sandy	1
Myjihad	689
RODIO	1
EGYPT	2
Tur	1
JuniorGetInTheCar	1
thatlittlebook	3
China	30
StuckOn2000	21
hilarious	1
PKK	11
OpStopTheBullshit	1
FUKUS	1
CNNUndecideds	1
freedomringers	1
NEWTOWN	1
slugnews	1
Erdogan	5
CyberSecurity	1
Indonesia	7
BadTimes	1
Stupid	2
Snowboarders	1
conservatives	3
Buffalo	1
Daraa	6
savetheirdignity	1
insp	1
musli	1
g	1
cw2	1
MentionAGoodCouple	1
Keepitinthefamily	1
Texan	1
Currency	2
abuse	1
Dontgiveupthedayjob	1
Lattakia	2
Hypocrisy	4
LoveIt	1
TakeBackAmerica	1
Administration	1
racism	1
sdl	1
MUG	1
wikileaks	2
JOBS	6
TERRORISM	1
warships	1
Pampers	1
WHleaks	1
Playboy	1
Iran	581
fair	1
privacy	1
Timeline	1
CNNHeroes	1
pvv	1
warmfuzzymuzzies	1
FAILEDLEADERSHIP	3
palestine	4
LORD	1
pakistani	1
Pelosi	2
bbcworldservice	1
OscarNoms	1
Mehmanparast	1
Ki	1
Child	1
wewillnotstanddown	2
nudity	2
environmental	3
R	3
AlNusra	2
Democratic	2
elite	1
SnowJO	1
UsingWordsIDontUndetstand	1
UNs	1
BantheBurka	8
BanCars	1
Obamalism	1
Mahalla	1
Confiscation	2
sweden	1
DailyAsshat	1
gays	1
wearenorwich	2
waterboarding	1
ABCWorldNews	2
Libyans	2
NoSharia	21
Spam	1
BabAlShams	6
NUCLEAR	1
alarabiya	1
MyJiha	2
JudeoChristian	9
Benghazi4	1
ParisMurders	1
Interview	1
halab	1
Khalidiya	1
Oil	9
BIG	1
ThanksBr	1
Photos	2
DEFENSE	1
TheMoreYouKnow	1
Americanism	2
Siberia	2
savages	1
Watermelons	1
Defend2ndAme	1
DISGRACE	1
Fitna	1
healthcare	2
Millionaire	1
Qardaha	1
Freedoms	2
parenting	1
Detroit	3
29votes	1
Istagram	1
Abraham	5
Rescue	1
Syrien	10
KABC	3
hypocrite	1
bargaining	3
billoreilly	1
USPS	2
upset	1
Iaea	1
GunOwnersofAmerica	1
High	1
Repubs	4
RevolutionMyAss	1
Ruger	1
Syri	3
fact	6
mi6	1
follow	1
latinos	1
nagr	1
Turkmenistan	1
DemocratParty	1
Paris	6
Soccer	2
ParisŞimdiDahaGüzel	1
Religion	1
mussolini	1
Activist	1
democrats	1
Tiresome	1
asylum	1
debate	14
forex	1
Igno	1
Prepaid	1
Twitter	4
NoJihad	1
Original	1
AnonSET	1
MoneyTip	5
ksa	1
Newtown	28
HCI	1
election2012	2
promiseslikecongress	3
SamBacile	1
hope	1
Breaking	2
freespeech	1
democracy	1
photography	1
JonHammar	1
Backwards	2
Tehran	44
oner	1
ObamaGoesHawaiian	1
Popular	1
GuinnessRecord	1
NoRespect	2
RightToWork	1
NAZIS	1
Italian	2
benghazi	5
OutOfTouch	1
homosexuals	1
Bouyideh	1
rapper	1
taxes	10
Shargh	1
FAILED	2
Registration	1
FoodStamps	1
ShootingRange	1
asian	1
UnitedStates	1
iPad	1
StarWars	1
MeinKamf	1
Guidance	1
islamophobia	1
Zoo	1
shittards	1
youdidntbuildthat	1
shtf	1
EditedForAccuracy	1
EnglandtillIdie	1
Beirut	7
Socialized	1
PT	8
reform	1
nuclear	16
Aurora	2
Monopoly	1
Misurata	1
OtherMorons	1
USArmy	1
Sheen	1
pistol	1
RiseUp	1
P2	3
VPdebate	1
mintthecoin	2
newyearhappiness	1
p2b	2
facepalm	1
Kashmir	2
Democrat	34
DemocratToEnglish	5
S	3
Nukes	2
massiveproblem	1
Paralympics	2
Priceless	2
ArmedCitizen	2
wearestillhere	2
MakesMeSick	1
ActOfWar	1
FailedSongTitles	2
DivineIslam	1
ProGun	1
2ASupporter	1
Kweires	1
Jihad	2
asshat	1
Lawyer	1
ireadbannedbooks	2
iSRAEL	1
tlo	3
Autism	1
Kuffar	2
Christ	1
Lieftists	1
mustbetheinbreeding	1
Fiction	1
ASEAN	1
southeastalliance	1
cx	1
Music	6
cxf	3
ProLife	2
NailedIt	1
RedNa	2
Smart	1
fastandfurious	1
discrimination	1
Space	1
Immigration	1
shame	2
liberals	4
RG	1
Rope	1
Millwall	1
Colorado	7
WordsThatDoNotFitTogether	9
NAMBLA	1
Toronto	1
tyranny	4
homosexual	1
CheerUp	1
NeoCon	1
romney	1
SecondAmendment	43
redNationRising	1
2ND	17
Ikaria	1
Vicks	1
abortions	1
suspension	2
msnbc	1
Fact	1
Alawites	1
DoItforGabby	3
holiday	1
CDC	4
Le	1
madeinUSA	1
Ank	1
cvn	3
stalin	1
Bethlehem	1
hahaha	1
Nato	1
MuslimBrotherhood	3
poppyappeal	7
Mugs	1
Bill	1
ColdWar	7
dontmesswithtexas	1
MassMurderers	1
Makdissi	2
EvilCult	1
nucleararmsrace	1
Literary	1
dems	3
Teaparty	2
USA2012	1
Moron	1
TPAO	1
Kapisa	1
misogynism	1
Gazaunderfire	1
terrorist	1
Garden	1
nf	2
AlKhanzeera	4
HistoryHasTaughtMe	1
INDIA	2
SecDef	2
Londo	1
unity	1
SOT	2
SOV	1
misogynist	2
wakeup	1
Drought	1
Bukowski	1
interestingnews	1
HRW	1
KurdishStateProject	1
Register	1
slave	1
Benesh	1
SyrianElectronicArmy	1
MTV	1
firehim	1
outcast	1
Reid	1
hypocrites	1
Thicko	10
AmIsraelChai	1
WWfans	2
obamas	1
ART	1
FireREINCE	1
Spring	2
Annex	1
Islamophobia	4
Divestment	2
Islamophobic	1
PowerGrab	1
drone	4
Ganett	1
Qatana	1
Artists	1
HugoChavez	1
Blocked	2
infadels	2
Brahimi	31
BenghaziGATE	1
WarOnWome	1
Twotier	1
Impeachable	1
rocket	5
americanthinker	1
Ayatollahs	1
Ridiculous	1
GoldenGlobes	3
tco	10
BP	1
LNYHB	1
PHOTO	4
cartoons	1
happiness	2
Gangbanger	1
web	2
DaveKopel	1
woman	3
TGDNHELP	1
Economics	2
Sarkozy	3
texaschainsaw3D	1
alNusra	2
Taliban	7
earthquakes	1
gunowner	1
Taftanaz	13
government	1
NordstromRack	6
Drug	1
RegardingWarhol	1
Rumint	1
royalty	1
Booker	1
T	6
press	2
MuslimpersecutionofChristians	1
Redistribution	5
Potus	5
gunlaws	1
Law	3
England	2
Drone	1
IISS_ME	1
Defend2nd	1
Assualt	1
onelaw4all	1
LiberalChildrensBooks	3
PissyPussyCat	2
USAHMArchive	1
taxpayers	1
Simple	1
happynews	1
bluihslt	1
journalist	2
Ariha	1
JUDGE	1
refugees	3
university	3
Rumi	1
jimmysaville	1
Kurdish	3
vanfail	3
Mohammednomates	1
Lahore	1
homs	1
socialists	1
Rwanda	1
debate2012	1
antiGun	1
Terrorism	2
Elder	1
Sovereignty	1
libyans	1
Coffee	1
EvilIsla	1
WhatCouldPossiblyGoWrong	1
Neuroblastoma	1
FalseFlag	1
ObamaCare	15
War	9
DemandAPlan	8
students	1
factslogic	1
tl	1
Disney	1
ShiaGenocide	4
WeThePeople	59
humanrightswatch	1
syrian	4
romneyencore	1
Assiut	1
AntiSemites	1
murdered	1
Chavez	10
BDS	4
PostAssad	1
COP18	1
liberalPornMovies	1
Patriotism	1
Mental	3
Haganah	1
AchrafiehExplosion	1
Tags	1
sectarian	2
Islamization	2
Darfur	1
fear	1
UN	49
Americans	3
UK	45
UE	2
Japan	11
Rods	1
SaraEge	1
noevil	1
youmadbro	1
LeaveitAmmar	1
2ndAmen	2
priorities	1
TedKennedy	1
privatizing	1
Two	1
Israeli	29
Iraqi	1
weather	1
SheVo	1
MorningJoe	1
conservativeblognetwork	1
VetThePress	1
ows	2
HamasCele	1
norwichprotest	3
X25C8	1
FoxN	1
PitOfHatred	1
caviar	1
Chanukah	2
IranElection	4
TwitterHack	1
Freer	1
Lebanon	39
California	6
Charmed	1
cyberattacks	1
Twibbon	2
Science	3
LiberalConfusion	1
tedkennedy	1
bigamy	1
Ashrafiyeh	1
Druze	2
ThingsYouShouldntDotoaKoran	1
AntiChoice	1
Dem	10
swp	1
Sociology	1
Chelsea	2
WeLoveWilders	1
lovely	1
Gold	2
WeNeedUnionsBecause	1
HomophobicIslam	2
QatarFiles	1
j	1
resist4	1
Britain	4
EndTheFederal	1
DaveyCrockett	1
KRLA	22
CIA	9
OpSLA	1
missile	5
biggerissues	1
pig	1
FUN	1
MSM	60
liberties	1
OneLawForAll	1
NEWS	2
FiscalCliff	16
education	4
oppositeday	1
FEMA	6
MSA	1
Leftist	78
Geneva	3
wholesale	1
sharia	18
sioe	2
Never	1
offensive	1
Violent	1
Dictators	1
CC	1
Bias	1
horriblesuggestion	1
DAR	1
kurds	1
RealS	1
Leftism	6
StopHamas	1
firefighters	1
NonceWatch	1
PaybackIsABitch	1
Spanish	1
Prager	12
JuvenileJihadis	6
WEAPONS	1
ba	2
OSINT	1
onelawforall	1
Hafez	2
NoEdaamNa	1
Multiculturalism	1
SRM	1
christians	1
CAIR	6
justiceforararonsw	1
Bloomie	1
2Am	1
foreignpolicy	1
realworldcrypto	1
HowAboutNewspapersPublishingNamesOf	1
SIXHIRB	2
Salheen	1
Dems	10
Victims	3
Thick	2
Michigan	1
Saudi	37
