Canada	4
NewYork	4
Juilliard	1
NUFC	1
Obamacare	2
Poetry	1
NYT	3
Abbas	3
sexandfessenjoon	1
jihad	1
Olympics	1
creepingsharia	1
masen	1
NYC	2
Wolves	1
swag	1
voter	1
MentalHealth	1
Evin	1
hillsborough	1
wmi	1
Tahrir	6
Christians	4
Iranian	64
Capricorn	3
PrayForTommy	1
Military	8
Darband	1
FRANCE	2
Parents	1
Sandy	5
fiscalcliff	3
NGOTrial	1
Mehregan	1
welfare	1
Denver	1
Korea	7
MayaNasser	1
BREAKING	27
gunc	1
USAinUKNov6	2
myPCC	22
fingerscrossed	1
iran	19
Hanukkahinholloway	1
K	1
Budget	1
Ohio	1
iraq	1
GrudgeMatch	1
Jews	1
Diplomacy	1
economics	1
Hamas	16
crybaby	1
Twinkie	1
Aid4Gaza	1
military	6
Border	1
Gaddafi	1
Istanbul	4
Kuwait	6
EU	7
middlesbrough	1
Cantor	1
Bedfordshire	1
SMILE	1
Syrians	3
Kurds	5
Basij	1
Europe	4
Journalists	6
MKO	2
Baseball	1
Loire	1
Russian	6
Brighton	1
Sy	1
Makdissi	2
Philippines	1
CallOfDuty	1
Morocco	2
American	1
bestinDC	1
Libyan	2
debates	6
rights	1
science	1
Assange	3
EDL	2478
Colombia	1
history	3
Femicide	1
UNSG	1
speakup	1
UNSC	4
Nepal	2
india	1
McAfee	1
Chechen	1
Digital	1
Poet	2
UNESCO	1
uaf	1
Benghazi	12
FactsAboutEDL	8
Sanctions	8
RonPaul	1
Muslims	4
Jordan	8
Millwall	1
env	1
moron	1
A	1
Eritrea	1
Chattanooga	1
fx	1
Israel	86
Castro	2
Allepo	1
MUSIC	1
miners	1
ff	4
Syria	308
law	2
lesbian	1
fo	1
Copts	1
pressfreedom	1
Mexico	2
jihadist	1
Tunisian	1
Serbia	1
NasrinSotoudeh	1
Film	13
wine	2
trade	1
Maliki	1
Androgyny	1
CNNdebate	1
Texas	2
islam	1
LegalizeIt2012	1
Swedish	1
WashingtonDC	5
writing	1
heinz8675	1
Armenian	1
Brussels	1
Spain	4
Hostess	1
Charlotte	1
food	2
InternationalTerr	1
L	1
Bahai	1
Fuel	1
icymi	1
Wikileaks	1
android	1
Terrorists	1
ArabLeague	4
Newton	1
India	9
Quotes	1
Rap	1
gender	1
Farsi	2
antifacist	1
Falklands	2
energy	1
Mongolia	2
Sports	2
Damascus	32
Muc	1
navy	1
TERRORISM	1
Discovery	1
diesel	1
health	5
Curiosity	1
medicine	3
Rotherham	2
E1	1
Turkmen	1
Ukraine	1
50ShadesOfGreyMovie	1
tcot	1
Abortion	1
shitnews	1
Architecture	1
Mali	7
muslimrage	1
soundcloud	3
Cambridge	1
Clinton	3
Congress	2
Photo	1
NASA	1
Uganda	2
Ryan	1
syria	7
Depression	1
Mecca	2
Voter	1
Syndrome	1
Palestinian	7
BreakingNews	2
Buddhist	1
Mashhad	1
Jan25	2
Indian	3
drones	2
TEHRAN	1
HumanRights	6
Marrakesh	1
Sinai	2
IsraelUnderFire	1
Algeria	3
Discrimination	1
Press	4
wildlife	1
Haiti	2
Afghan	4
dogs	1
EU3	1
Gambia	1
AJE	1
BBC	3
wisdom	2
usElection	1
jordan	1
rifle	1
DNC2012	2
obama	2
TEDxWomen	2
Cancer	2
iranian	1
NewJersey	1
Cyber	2
Wandsworth	1
tonightweparty	1
Ballet	1
fashion	1
Saudis	1
سوريا	1
Mumbai	1
Peace	3
HuffPostLive	2
MuslimRage	1
Christian	1
Ukrainian	4
Iceland	1
Virginia	2
Arab	10
Syr	2
Congo	2
Germany	5
Pastors	1
Bank	1
Artist	6
Nusra	3
Journalism	2
Halevy	1
shale	1
Arizona	1
Journalist	14
coin	1
Google	2
Egypt	55
tech	2
Election	2
HAITI	1
horsesandbayonets	1
Sikh	1
templerun	1
gold	1
BinLaden	2
Colbert	1
Islamist	4
Tunisians	1
Darfur	1
Palestine	4
NYPD	1
Rial	1
SyriaSaturday	2
music	2
edtech	1
Republicans	4
French	3
IDEI	1
FactChecker	1
Haitian	1
IronDome	1
Maldives	1
NileUniversity	1
Breivik	1
de	1
Medicare	1
Palestinians	3
Idleb	2
UNHCR	2
Olympic	1
Iranians	9
Protests	1
Mediterranean	1
Ebadi	1
SouthAfrica	1
BBCPersian	1
Legit	1
homophobia	1
Gmail	3
art	4
groundhogday	1
For	1
FactsAboutTheEDL	4
Morsi	6
Fox	2
France	17
Foster	1
HSBC	1
Isfahan	2
fail	1
Dogs	1
righturds	1
unions	1
VIDEO	8
Tuberculosis	1
Egyptians	2
Tehran	41
BUE	1
C	1
IWMFcourage	1
israelunderfire	1
web	2
Sanction	1
Florida	1
Motherhood	1
censorship	1
African	2
Bronx	1
humanrights	3
Refugees	1
Arafat	1
climate	1
Dance	1
Mousavi	1
Kapisa	1
Nigerian	1
games	2
Mosul	1
Navy	3
caspianforum	1
Syrian	40
bnp	1
Turkish	5
Nobel	2
Ireland	2
PIMCO	1
War	3
USGS	1
HudhaifaElSayed	1
Literature	1
referendum	1
Algerians	1
TeamIran	1
California	1
teaparty	1
Belize	1
kurds	1
Women	11
NDI	1
casualsunited	1
gay	2
Tokyo	1
Pennsylvania	2
Berkeley	1
filmmaker	1
barrenmunchausen	1
PALESTINE	1
aviation	1
Marines	3
WhiteHouse	3
Nationals	1
SanFrancisco	2
ANTIFA	1
Cybersecurity	1
Persian	9
Tampa	3
Cleveland	1
Qatar	13
Italy	2
McGovern	1
Kham	1
USembassycairo	1
Nas	1
ik	1
Astronaut	1
EID	1
Bridal	1
Homs	1
Tavakoli	1
Golan	1
Puppy	1
Benghaz	1
christmasrepeats	1
aleppo	6
Qaeda	6
Handbag	1
conflict	1
Fanon	2
Lebanese	1
lawyers	1
Twitter	1
VP	1
IranElection	4
Perfume	2
IAEA	9
Blogger	1
Egyptian	6
Bemba	1
Oscars	1
Economic	1
Adly	1
organization	1
Dennis	1
Rugs	1
SyriaBlackout	1
Astrology	1
forex	1
Lottery	1
Mubarak	1
USEmbassyCairo	1
salafi	1
Labor	2
quotes	9
Internet	3
DRC	1
Homophobia	3
Pumpkin	1
Protestants	1
belfast	2
Gay	1
Oscar	1
assassination	1
Gas	2
ele	1
Baghdad	8
Russa	1
Censorship	1
legitimaterape	1
Conservative	1
News	1
Marine	3
Jeddah	1
Aid	1
Yemen	6
Wine	1
Pakistan	26
Alexandria	2
Art	22
walthamstow	4
Book	3
CXF	2
Dakota	1
Rajavi	1
security	7
Pentagon	4
Bain	1
cowardice	1
google	1
Bangladesh	1
Gulf	4
cybersecurity	5
Soros	1
Mosque	1
Weapons	2
jft96	3
election	6
mideast	1
Nigeria	1
footiethug	1
abuse	1
Cuba	2
Quran	1
Moscow	3
religion	1
ABCWorldNews	2
Facebook	5
Massachusetts	1
quote	1
cnn	7
Aviation	1
savile	3
NWI	2
Drought	1
Karachi	3
Shiite	2
secularists	1
PBS	1
M	1
Salafis	1
Economics	2
mentalillness	1
Daily	1
Sweden	1
SYRIA	12
rotherham	2
Russia	40
iSRAEL	1
hookoff	1
nowplaying	2
refugees	3
Kafka	1
Environement	1
Yemeni	2
Fail	1
pollution	1
Shas	1
Dallas	1
christians	1
OPEC	6
Clintons	1
Korean	1
ahmadinejad	1
TimeTravelers	1
CONTRACTS	1
Army	1
GOP	10
occupy	1
pointandlaugh	2
TelAviv	1
war	6
Steel	1
TURKEY	1
Animals	2
DNC	7
Holocaust	1
Tourism	1
ایران	3
GDP	1
gaza	2
Irish	1
Caspian	1
Uruguay	1
Czech	1
Loan	1
Africa	7
MEK	12
Books	3
RIPAaronSwa	1
AlQaeda	2
Parchin	1
Shamoon	1
Nuclear	5
israel	1
ukuncut	1
Gaza	73
R2P	1
wotaprick	1
Nangrahar	1
TUNISIA	1
uranium	1
MiddleEast	19
Israelis	1
Khartoum	1
OHIO	1
Recipes	1
qatar	1
Panetta	1
restoration	1
Documentary	3
Annan	1
militias	1
e	2
Tunisia	8
LinenWire	1
Empire	1
Fordow	1
Warsaw	1
CPJ	1
teamspam	4
AbuDhabi	1
edl	36
c4news	3
suicide	1
Columbia	1
YeahThatsRight	1
zionism	1
Netanyahu	8
environment	3
Gazprom	1
Argo	9
terror	1
UAE	10
UAF	2
NewOrleans	1
Canadian	1
Constitutional	1
Walthamstow	9
Kachin	1
artwork	1
assad	1
VAW	1
cool	1
Spy	2
PHOTOS	3
PHOTO	4
Hagel	7
gun	1
Defense	9
PussyRiot	3
Libertarian	1
Debate	4
Turkey	25
Lebanon	19
Blackwater	1
cyber	1
Malala	10
video	1
Deficit	1
SEAL	1
PCC	1
Maryland	1
Norway	1
bacteria	1
ba	1
Assyrian	1
Shahs	3
Khamenei	2
Assault	1
Alhurra	2
nazis	1
PAKISTAN	1
giveup	1
Mideast	1
Libya	42
BigBird	1
M23	1
Greek	2
IRGC	2
poverty	1
earthquake	8
Endeavour	1
Chinese	3
DC	6
Intelligence	1
Energy	1
taqiiya	1
Arabic	2
wearewf	1
Alborz	1
Muslim	5
apple	1
egypt	5
DOG	1
NuLab	2
Unions	1
DivideAndConquer	1
FF	30
Isaac	2
Ecuador	5
transplant	1
Australia	1
mentalhealth	1
sports	1
MALALA	1
Bloggers	1
NATO	6
Wedding	1
pret	1
Newtown	23
AUC	1
journalists	6
Denmark	1
AsiaTimes	1
Volleyball	2
Beds	1
Sanaa	2
women	21
animals	6
sanctions	16
German	1
Kurdistan	2
NorthKorea	1
abortion	1
Petraeus	4
Video	2
Vote	1
Children	1
Israeli	15
Polio	1
photojournalism	1
Media	4
vauxhall	1
ScanEag	1
libertarian	1
fixthedebt	1
Policy	1
IRAN	20
Christmas	7
rape	3
Barak	1
NHS	1
Archaeologists	1
Missoni	1
Tutu	1
Chanel	1
economy	1
designer	1
Latakia	1
mypcc	1
mac	1
EDLP	1
London2012	2
Exclusive	1
pabloneruda	1
Islamists	1
OpRacism	3
Shia	1
Romney	25
NGOs	1
Blackpool	1
Tennessee	2
Traitor	1
Hama	2
nour	1
29votes	1
Jabari	1
Islam	9
Catholic	1
NewtownMassacre	1
Ayn	1
insurgency	1
SamBacile	1
Not	1
washingtondc	1
JournalistRights	1
Re	1
Swartz	1
FILM	2
IRAQ	1
police	1
Delhi	1
labor	2
Guatemala	2
WTF	3
Poverty	1
Avon	1
WTO	1
Dubai	6
animal	1
freulein	1
Iraqis	1
HRW	1
Cat	1
ChemicalWeapons	1
BFP	7
iPhone	1
SupportIsrael	1
Arts	1
MidEast	5
gaming	1
Washington	1
books	3
Peru	1
sandy	1
Tartus	1
EGYPT	1
greeks	1
China	14
hilarious	1
CNNUndecideds	1
Cartoon	1
cartoons	1
metro	1
bbcqt	1
Rights	1
Indonesia	3
Yalda	1
USElection	13
Verification	1
Security	4
Buffalo	1
nbcpolitics	1
xfactor	1
Peshawar	1
Jesus	1
Currency	1
Drone	1
Ahmadinejad	9
blind	1
StarWars	1
blogger	1
Royal	1
twinkie	1
Medicine	2
AchrafiehExplosion	1
warships	1
Guns	2
Playboy	1
Iran	455
privacy	1
CNNHeroes	1
Iranelection	4
Iraq	38
Jihadists	1
Warhol	1
IMF	1
floppy	1
SandyHook	1
veterans	1
Christianity	1
History	2
Colorado	1
Mahalla	1
sweden	1
defense	1
Eastwood	1
wearenorwich	2
russia	1
Libyans	1
Clint	1
NUCLEAR	1
AOPEC	1
Soccer	2
Venezuela	3
Oil	9
Photos	2
Aljazeera	1
gayrights	1
cjsm	1
Greece	3
GOP2012	4
Fukushima	1
beta	1
Gandhi	1
Politics	6
Akin	7
DHS	1
مجاهدین	1
Burma	3
Binders	1
NRA	11
Chef	1
movie	1
Turkmenistan	1
Paris	3
SaveBigBird	2
Ethiopia	1
asylum	1
debate	13
Bushehr	1
Woman	2
Kansas	1
mug	2
McClatchy	1
Solar	2
election2012	2
Hezbollah	4
pets	1
Beijing	1
photography	1
BNP	35
NAZIS	1
Italian	2
rapper	1
Shargh	1
Kony	1
SFFF	1
Manchester	1
Education	3
xmas	1
UnitedStates	1
iPad	1
Afghanistan	31
Iaea	1
LIBYA	2
WW2	1
Zoo	1
Amman	2
stigma	1
PR	1
US2012	5
Beirut	5
Iowa	3
nuclear	13
Aurora	2
P5	2
Misurata	1
Kermanshah	1
USArmy	1
Berlin	3
isfahan	1
Republican	1
VPdebate	1
newyearhappiness	1
Catholics	1
facepalm	1
hajj	1
LGBT	26
COIN	1
Paralympics	2
Religion	1
MyPCC	1
RNC	2
s	1
Design	1
Lawyer	1
ireadbannedbooks	2
Autism	1
FSA	18
ISRAEL	1
Jeremy	1
Mortgage	1
Pictures	1
Fiction	1
twitterku	1
Music	6
news	1
Surf	1
us2012	3
WeGoWhereWeWantEdl	1
PRT	1
notinvisible	1
Ahvaz	1
Reporters	1
longreads	1
Toronto	1
Mossad	5
al	1
photos	2
FAIL	1
Alawites	1
Jazeera	1
Jerusalem	3
Salafi	1
OWNED	1
Bethlehem	1
Taiwan	2
poppyappeal	7
Sudan	2
هنر	1
Kabul	1
Sufism	1
C18	1
USA2012	1
Toxic	1
Smurfette	1
Gazaunderfire	1
synagogue	1
2013Wish4Libya	1
media	10
Jazz	1
INDIA	2
film	5
Ikaria	1
terrorism	2
Bukowski	1
interestingnews	1
Suez	1
PoppyAppeal	1
oil	8
slave	1
MTV	1
outcast	1
everyoneneedsahobby	1
cartoon	1
ART	1
Santacon	1
Porn	1
Spring	2
Islamophobia	1
Ramadan	1
TV	2
drone	4
Qatana	1
SDL	2
Newsnight	6
Brahimi	6
JOON	1
ReeyotAlemu	1
YouWereHotUntil	1
Vatican	1
halab	1
actress	1
NAM	4
BP	1
BOA	1
happiness	1
Bahrain	11
Be	1
pleasesubscribe	1
needtosleep	1
YouTube	1
iranElection	4
Taliban	6
Anonymous	4
GAZA	1
Guantanamo	1
earthquakes	1
Bush	1
RegardingWarhol	1
inflation	1
Booker	1
Eid	6
Gangnamstyle	1
Humanrights	2
press	2
justiceforararonsw	1
Fashion	8
intel	1
IISS_ME	1
Aleppo	21
Azerbaijan	1
WestBank	4
happynews	1
Warning	1
journalist	3
Cairo	20
pinklondon	1
Rumi	1
sheparty	1
Jewelry	1
Handbags	1
Pinterest	2
vanfail	3
Brides	1
lebanon	1
Arms	1
Rwanda	1
Somalia	4
debate2012	1
Mars	1
Terror	1
IKEA	2
Coffee	1
Druze	2
goldenglobes	1
Toddlers	1
NotInvisible	4
deficit	1
UNGA	4
ShiaGenocide	1
Skype	1
romneyencore	1
Snowboarders	1
Vietnam	2
Militia	1
CxF	1
COP18	1
umkalthoum	1
casuals	2
UT	1
US	24
Trade	1
Autumn	1
Protest	1
UN	25
UK	14
Japan	6
Rape	14
protests	1
Ghobadi	1
RedCross	1
Abbasi	1
Iraqi	1
Annecy	1
Storm	1
IDF	4
Pakistani	6
Azaz	1
NJ	1
savetheirdignity	1
caviar	1
NF	1
NY	1
cats	1
bbcworldservice	1
Child	1
NavySeal	1
Assad	36
Obama	26
cyberattacks	1
Science	3
pussyriot	1
Tripoli	3
Harry	1
Chelsea	2
endtimerspleasefuckoffanddie	1
Gold	1
Walsall	8
twitterkurds	1
Britain	3
Drones	3
FBI	2
CIA	7
USA	5
Space	1
romney	1
Armenians	2
Nato	1
Homeland	1
politics	1
education	2
Veterans	1
MSA	1
SaudiArabia	2
Ayatollahs	1
Ankara	2
Islamic	5
Law	1
rial	6
Kurdish	1
Alex	1
ICC	3
MUSLIM	1
Literary	1
Hafez	2
CNN	5
norwichprotest	3
Baltimore	1
Shias	1
Mexican	1
Myanmar	1
foreignpolicy	1
Mosaddegh	1
Spanish	1
Crime	1
FreePussyRiot	1
Saudi	21
